accidentDay;district;streetName;accidentType;mainAccidentCause;totalParticipantsAmount;latitude;longitude;Count_Без ушкоджень;Count_Загинув;Count_Легко травмований;Count_Тяжко травмований;Is_Intersection;Year;Month;DayOfWeek;Hour;settlement_grouped;Simple_Type;Simple_Cause
неділя;Залізничний;Виговського І.;наїзд на пішохода - пішохід рухався у зустрічному напрямку;Невідомо;2;49.813561;23.976792;1;0;1;0;0;2017;3;6;15;Львів;Наїзд на пішохода;Інше
субота;Галицький;Торгова;наїзд на пішохода - на регульованому пішохідному переході;Невідомо;2;49.844746;24.027223;1;0;0;1;0;2017;3;5;8;Львів;Наїзд на пішохода;Інше
п'ятниця;Шевченківський;Шолом-Алейхема;наїзд на пішохода - пішохід рухався у зустрічному напрямку;невиконання вимог сигналів регулювання, пішоходи невиконання вимог сигналів регулювання;2;49.843103;24.020807;1;0;1;0;0;2017;3;4;22;Львів;Наїзд на пішохода;Інше
понеділок;Галицький;Городоцька;наїзд на пішохода - пішохід рухався у зустрічному напрямку;Невідомо;3;49.837747;24.005798;1;0;2;0;0;2017;3;0;21;Львів;Наїзд на пішохода;Інше
четвер;Личаківський;Пасічна;наїзд на інші види перешкод;перевищення безпечної швидкості;2;49.82609;24.073126;0;0;2;0;0;2017;3;3;3;Львів;Наїзд на перешкоду;Перевищення швидкості
п'ятниця;Шевченківський;Панча П.;наїзд на пішохода - пішохід рухався у зустрічному напрямку;порушення правил проїзду пішохідних переходів, неочікуваний вихід на проїзну частину;2;49.862112;24.018549;1;0;1;0;1;2017;3;4;17;Львів;Наїзд на пішохода;Порушення проїзду переходів
вівторок;Сихівський;Манастирського А.;наїзд на пішохода - пішохід рухався у зустрічному напрямку;Невідомо;2;49.79867;24.061475;1;0;0;1;0;2017;3;1;9;Львів;Наїзд на пішохода;Інше
вівторок;Сихівський;Хоткевича Г.;наїзд на пішохода - пішохід рухався у зустрічному напрямку;Невідомо;2;49.798109;24.046192;1;0;1;0;0;2017;3;1;17;Львів;Наїзд на пішохода;Інше
п'ятниця;Личаківський;Франка І.;наїзд на пішохода - пішохід переходив дорогу поза межами пішохідного переходу;Невідомо;2;49.837332;24.034921;1;1;0;0;1;2017;3;4;18;Львів;Наїзд на пішохода;Інше
субота;Шевченківський;Шевченка Т.;наїзд на пішохода - пішохід рухався у зустрічному напрямку;неочікуваний вихід на проїзну частину;2;49.867541;23.954106;1;0;1;0;0;2017;3;5;20;Львів;Наїзд на пішохода;Інше
вівторок;Шевченківський;Варшавська;наїзд на пішохода - пішохід рухався у зустрічному напрямку;Невідомо;2;49.861434;24.007879;1;0;1;0;1;2017;3;1;20;Львів;Наїзд на пішохода;Інше
неділя;Франківський;Кульпарківська;зіткнення бокове;порушення правил маневрування;3;49.814983;23.985676;1;0;1;1;1;2017;3;6;18;Львів;Зіткнення автомобілів;Порушення маневрування
п'ятниця;Сихівський;Хуторівка;наїзд на пішохода - пішохід рухався у зустрічному напрямку;Невідомо;2;49.799702;24.026547;1;0;1;0;0;2017;3;4;16;Львів;Наїзд на пішохода;Інше
вівторок;Шевченківський;Миколайчука І.;наїзд на пішохода - пішохід рухався у зустрічному напрямку;Невідомо;2;49.880723;24.033821;1;0;1;0;0;2017;3;1;21;Львів;Наїзд на пішохода;Інше
субота;Галицький;Франка І.;падіння пасажира;Невідомо;2;49.837906;24.035034;1;0;1;0;0;2017;3;5;22;Львів;Падіння пасажира;Інше
четвер;Сихівський;Луганська;зіткнення бокове;порушення правил маневрування;3;49.811009;24.0249;2;0;1;0;1;2017;3;3;3;Львів;Зіткнення автомобілів;Порушення маневрування
вівторок;Франківський;Володимира Великого;зіткнення бокове;порушення правил маневрування;4;49.809074;24.011301;3;0;1;0;0;2017;3;1;7;Львів;Зіткнення автомобілів;Порушення маневрування
п'ятниця;Галицький;Чорновола В., просп.;наїзд на пішохода - пішохід рухався у зустрічному напрямку;Невідомо;2;49.844414;24.025608;1;0;1;0;1;2017;3;4;15;Львів;Наїзд на пішохода;Інше
п'ятниця;Личаківський;Личаківська;наїзд на пішохода - на нерегульованому пішохідному переході;неочікуваний вихід на проїзну частину;2;49.836457;24.067006;1;0;0;1;0;2017;3;4;9;Львів;Наїзд на пішохода;Інше
понеділок;Франківський;Стрийська;наїзд на пішохода - на нерегульованому пішохідному переході;Невідомо;2;49.820189;24.019976;1;0;0;1;0;2017;3;0;15;Львів;Наїзд на пішохода;Інше
понеділок;Личаківський;Тершаковців;наїзд на пішохода - пішохід рухався у зустрічному напрямку;невиконання вимог сигналів регулювання;2;49.836353;24.041594;1;0;1;0;0;2017;3;0;8;Львів;Наїзд на пішохода;Інше
понеділок;Галицький;Руставелі Ш.;зіткнення з задньою частиною ТЗ;керування транспортним засобом у нетверезому стані;2;49.831848;24.034696;1;0;0;1;0;2017;3;0;14;Львів;Зіткнення автомобілів;П'яне водіння
понеділок;Шевченківський;Нагірна;зіткнення бокове;Невідомо;3;49.877878;24.062655;1;0;2;0;0;2017;3;0;17;Львів;Зіткнення автомобілів;Інше
вівторок;Франківський;Сахарова А., акад.;наїзд на пішохода - пішохід рухався у зустрічному напрямку;порушення правил проїзду пішохідних переходів, порушення правил обгону;2;49.820715;24.017631;1;0;1;0;0;2017;3;1;11;Львів;Наїзд на пішохода;Порушення проїзду переходів
п'ятниця;Залізничний;Петлюри С.;наїзд на пішохода - пішохід рухався у зустрічному напрямку;Невідомо;2;49.8241;23.977339;1;0;1;0;1;2017;3;4;15;Львів;Наїзд на пішохода;Інше
середа;Залізничний;Шевченка Т.;наїзд на пішохода - пішохід рухався у зустрічному напрямку;Невідомо;2;49.85155;23.990718;1;0;0;1;0;2017;3;2;18;Львів;Наїзд на пішохода;Інше
середа;Франківський;Княгині Ольги;наїзд на пішохода - пішохід рухався у зустрічному напрямку;Невідомо;2;49.816586;24.002482;1;0;1;0;0;2017;3;2;12;Львів;Наїзд на пішохода;Інше
п'ятниця;Залізничний;Любінська;наїзд на пішохода - пішохід рухався у зустрічному напрямку;Невідомо;2;49.82068;23.968928;1;0;1;0;1;2017;3;4;22;Львів;Наїзд на пішохода;Інше
середа;Шевченківський;Шевченка Т.;зіткнення лобове;порушення правил маневрування;2;49.869895;23.943179;1;0;1;0;0;2017;3;2;7;Львів;Зіткнення автомобілів;Порушення маневрування
п'ятниця;Залізничний;Городоцька;наїзд на пішохода - пішохід рухався у зустрічному напрямку;порушення правил проїзду пішохідних переходів;2;49.826695;23.946633;1;0;1;0;0;2017;3;4;15;Львів;Наїзд на пішохода;Порушення проїзду переходів
субота;Залізничний;Кульпарківська;зіткнення бокове;Невідомо;2;49.802822;23.980708;1;1;0;0;0;2017;4;5;16;Львів;Зіткнення автомобілів;Інше
четвер;Сихівський;Антонича Б. - І.;падіння пасажира;Невідомо;2;49.782542;24.066973;1;0;1;0;0;2017;3;3;9;Львів;Падіння пасажира;Інше
понеділок;Галицький;Соборна, пл.;наїзд на пішохода - пішохід рухався у зустрічному напрямку;Невідомо;2;49.838896;24.034975;1;0;1;0;0;2017;3;0;7;Львів;Наїзд на пішохода;Інше
неділя;Галицький;Шпитальна;наїзд на пішохода - пішохід рухався у зустрічному напрямку;Невідомо;2;49.844213;24.024589;1;0;1;0;0;2017;4;6;20;Львів;Наїзд на пішохода;Інше
середа;Франківський;Кульпарківська;зіткнення з задньою частиною ТЗ;перевищення безпечної швидкості, недодержання дистанції;3;49.801226;23.980397;2;0;1;0;1;2017;3;2;16;Львів;Зіткнення автомобілів;Перевищення швидкості
вівторок;Залізничний;Широка;падіння пасажира;порушення техніки безпеки пасажиром;2;49.84212;23.971288;1;0;0;1;0;2017;3;1;22;Львів;Падіння пасажира;Інше
вівторок;Шевченківський;Хмельницького Б.;наїзд на інші види перешкод;перевищення безпечної швидкості;2;49.8742;24.061003;1;0;1;0;0;2017;3;1;20;Львів;Наїзд на перешкоду;Перевищення швидкості
п'ятниця;Сихівський;Угорська;наїзд на пішохода - пішохід рухався у зустрічному напрямку;недодержання дистанції;2;49.818548;24.020362;0;0;2;0;1;2017;3;4;17;Львів;Наїзд на пішохода;Недотримання дистанції
субота;Франківський;Володимира Великого;наїзд на пішохода - пішохід рухався у зустрічному напрямку;Невідомо;2;49.810185;24.002268;1;0;1;0;0;2017;4;5;11;Львів;Наїзд на пішохода;Інше
субота;Залізничний;Виговського І.;наїзд на пішохода - пішохід рухався у зустрічному напрямку;невиконання вимог сигналів регулювання;2;49.813481;23.977012;1;0;1;0;0;2017;4;5;17;Львів;Наїзд на пішохода;Інше
п'ятниця;Франківський;Київська;наїзд на пішохода - пішохід рухався у зустрічному напрямку;Невідомо;2;49.832799;24.010813;1;0;0;1;0;2017;3;4;9;Львів;Наїзд на пішохода;Інше
четвер;Залізничний;Виговського І.;падіння пасажира;порушення правил перевезення пасажирів, порушення правил маневрування;2;49.81625;23.972661;1;0;1;0;0;2017;3;3;9;Львів;Падіння пасажира;Порушення маневрування
середа;Залізничний;Шевченка Т.;наїзд на пішохода - на регульованому пішохідному переході;перевищення безпечної швидкості;2;49.850076;23.993969;1;0;1;0;0;2017;3;2;13;Львів;Наїзд на пішохода;Перевищення швидкості
понеділок;Франківський;Симоненка В.;зіткнення бокове;порушення правил маневрування;2;49.805214;23.986652;1;0;1;0;1;2017;4;0;18;Львів;Зіткнення автомобілів;Порушення маневрування
четвер;Залізничний;Городоцька;наїзд на пішохода - на нерегульованому пішохідному переході;Невідомо;2;49.831159;23.971412;1;0;0;1;0;2017;3;3;10;Львів;Наїзд на пішохода;Інше
четвер;Галицький;Замарстинівська;наїзд на пішохода - пішохід рухався у зустрічному напрямку;Невідомо;2;49.849315;24.027228;1;0;0;1;0;2017;4;3;22;Львів;Наїзд на пішохода;Інше
четвер;Личаківський;Глинянський Тракт;зіткнення бокове;Невідомо;4;49.837166;24.075412;2;0;2;0;1;2017;4;3;18;Львів;Зіткнення автомобілів;Інше
четвер;Шевченківський;Промислова;наїзд на пішохода - пішохід рухався у зустрічному напрямку;Невідомо;2;49.854853;24.040908;1;0;0;1;0;2017;4;3;12;Львів;Наїзд на пішохода;Інше
четвер;Франківський;Наукова;зіткнення з задньою частиною ТЗ;недодержання дистанції;3;49.805058;23.995782;2;0;1;0;0;2017;4;3;17;Львів;Зіткнення автомобілів;Недотримання дистанції
вівторок;Франківський;Городоцька;наїзд на пішохода - пішохід рухався у зустрічному напрямку;Невідомо;2;49.835543;23.995492;1;1;0;0;0;2017;4;1;22;Львів;Наїзд на пішохода;Інше
неділя;Галицький;Митрополита Андрея;зіткнення з задньою частиною ТЗ;Невідомо;4;49.836453;24.010786;2;0;1;1;0;2017;4;6;15;Львів;Зіткнення автомобілів;Інше
субота;Галицький;Галицька;наїзд на пішохода - на нерегульованому пішохідному переході;Невідомо;2;49.839927;24.031767;1;0;0;1;0;2017;3;5;13;Львів;Наїзд на пішохода;Інше
середа;Сихівський;Луганська;наїзд на пішохода - пішохід рухався у зустрічному напрямку;Невідомо;2;49.811937;24.021521;1;0;1;0;0;2017;4;2;12;Львів;Наїзд на пішохода;Інше
вівторок;Сихівський;Луганська;перекидання ТЗ;перевищення безпечної швидкості, недодержання дистанції;1;49.812442;24.019825;0;0;0;1;1;2017;4;1;18;Львів;Перекидання;Перевищення швидкості
середа;Личаківський;Медової Печери;наїзд на пішохода - пішохід рухався у зустрічному напрямку;Невідомо;2;49.82673;24.072225;1;0;1;0;1;2017;4;2;14;Львів;Наїзд на пішохода;Інше
субота;Сихівський;Стрийська;зіткнення з задньою частиною ТЗ;Невідомо;2;49.797209;24.016993;1;0;1;0;0;2017;4;5;10;Львів;Зіткнення автомобілів;Інше
п'ятниця;Сихівський;Луганська;наїзд на інші види перешкод;порушення правил маневрування, порушення правил проїзду перехресть;3;49.80716;24.057602;1;0;1;1;0;2017;4;4;16;Львів;Наїзд на перешкоду;Порушення маневрування
середа;Франківський;Княгині Ольги;наїзд на інші види перешкод;Невідомо;1;49.812311;23.999956;0;1;0;0;0;2017;4;2;20;Львів;Наїзд на перешкоду;Інше
вівторок;Залізничний;Кульпарківська;падіння пасажира;Невідомо;2;49.817205;23.986502;1;0;1;0;0;2017;4;1;11;Львів;Падіння пасажира;Інше
вівторок;Франківський;Наукова;наїзд на пішохода - на нерегульованому пішохідному переході;Невідомо;2;49.804155;23.98707;1;0;0;1;0;2017;4;1;15;Львів;Наїзд на пішохода;Інше
середа;Франківський;Тобілевича І.;наїзд на пішохода - пішохід рухався у зустрічному напрямку;порушення правил маневрування;2;49.836194;24.002981;1;0;1;0;0;2017;4;2;15;Львів;Наїзд на пішохода;Порушення маневрування
вівторок;Франківський;Наукова;падіння пасажира;Невідомо;2;49.803261;23.996903;1;0;1;0;0;2017;4;1;12;Львів;Падіння пасажира;Інше
четвер;Шевченківський;Липинського В.;зіткнення з задньою частиною ТЗ;перевищення безпечної швидкості, недодержання дистанції;4;49.8628;24.031064;3;0;1;0;0;2017;4;3;14;Львів;Зіткнення автомобілів;Перевищення швидкості
вівторок;Сихівський;Червоної Калини, просп.;наїзд на пішохода - на нерегульованому пішохідному переході;Невідомо;2;49.797777;24.051095;1;0;1;0;1;2017;4;1;14;Львів;Наїзд на пішохода;Інше
понеділок;Залізничний;Курмановича В., ген.;зіткнення бокове;Невідомо;2;49.830066;23.950539;1;0;1;0;0;2017;4;0;19;Львів;Зіткнення автомобілів;Інше
четвер;Шевченківський;Чорновола В., просп.;наїзд на пішохода - на нерегульованому пішохідному переході;Невідомо;2;49.857519;24.020941;0;0;2;0;0;2017;4;3;12;Львів;Наїзд на пішохода;Інше
п'ятниця;Шевченківський;Чорновола В., просп.;падіння пасажира;Невідомо;2;49.866189;24.015346;1;0;1;0;0;2017;4;4;9;Львів;Падіння пасажира;Інше
понеділок;Залізничний;Городоцька;зіткнення лобове;перевищення безпечної швидкості, порушення правил маневрування;3;49.828879;23.958553;1;0;0;2;0;2017;4;0;7;Львів;Зіткнення автомобілів;Порушення маневрування
вівторок;Шевченківський;Чорновола В., просп.;зіткнення з задньою частиною ТЗ;недодержання дистанції;3;49.8522;24.022272;2;0;0;1;0;2017;4;1;18;Львів;Зіткнення автомобілів;Недотримання дистанції
вівторок;Залізничний;Городоцька;наїзд на пішохода - на нерегульованому пішохідному переході;Невідомо;2;49.833675;23.97014;1;0;0;1;0;2017;4;1;17;Львів;Наїзд на пішохода;Інше
п'ятниця;Шевченківський;Хімічна;наїзд на пішохода - на нерегульованому пішохідному переході;Невідомо;2;49.85431;24.024267;1;0;0;1;1;2017;4;4;18;Львів;Наїзд на пішохода;Інше
вівторок;Шевченківський;Базарна;наїзд на інші види перешкод;Невідомо;2;49.84541;24.019981;1;0;0;1;0;2017;4;1;11;Львів;Наїзд на перешкоду;Інше
вівторок;Залізничний;Городоцька;наїзд на пішохода - на нерегульованому пішохідному переході;Невідомо;2;49.831405;23.970736;1;0;0;1;0;2017;4;1;17;Львів;Наїзд на пішохода;Інше
неділя;Шевченківський;Липинського В.;наїзд на інші види перешкод;Невідомо;1;49.865058;24.050896;0;0;1;0;0;2017;4;6;1;Львів;Наїзд на перешкоду;Інше
неділя;Шевченківський;Липинського В.;наїзд на пішохода - пішохід рухався у зустрічному напрямку;Невідомо;2;49.856267;24.019804;1;0;1;0;1;2017;4;6;21;Львів;Наїзд на пішохода;Інше
понеділок;Франківський;Володимира Великого;зіткнення бокове;порушення правил маневрування;2;49.809819;24.008013;1;0;1;0;0;2017;4;0;9;Львів;Зіткнення автомобілів;Порушення маневрування
вівторок;Сихівський;Червоної Калини, просп.;наїзд на пішохода - пішохід рухався у зустрічному напрямку;Невідомо;2;49.799629;24.04786;1;0;1;0;0;2017;4;1;17;Львів;Наїзд на пішохода;Інше
вівторок;Залізничний;Городоцька;падіння пасажира;Невідомо;5;49.834782;23.991625;2;0;3;0;0;2017;4;1;20;Львів;Падіння пасажира;Інше
п'ятниця;Залізничний;Сяйво;зіткнення бокове;порушення правил маневрування;3;49.84102;23.97845;2;0;1;0;0;2017;4;4;14;Львів;Зіткнення автомобілів;Порушення маневрування
неділя;Сихівський;Червоної Калини, просп.;наїзд на пішохода - пішохід рухався у зустрічному напрямку;невиконання вимог сигналів регулювання;2;49.799706;24.04772;1;0;1;0;0;2017;4;6;16;Львів;Наїзд на пішохода;Інше
субота;Сихівський;Липова Алея;зіткнення лобове;Невідомо;4;49.817102;24.045575;2;0;2;0;0;2017;4;5;22;Львів;Зіткнення автомобілів;Інше
понеділок;Шевченківський;Липинського В.;зіткнення лобове;порушення правил маневрування, порушення правил проїзду перехресть;3;49.860092;24.026885;1;0;2;0;1;2017;5;0;23;Львів;Зіткнення автомобілів;Порушення маневрування
четвер;Галицький;Городоцька;наїзд на пішохода - пішохід рухався у зустрічному напрямку;Невідомо;2;49.843161;24.021875;1;0;1;0;0;2017;4;3;11;Львів;Наїзд на пішохода;Інше
п'ятниця;Франківський;Винниченка В.;наїзд на пішохода - пішохід рухався у зустрічному напрямку;порушення правил маневрування, недодержання дистанції;2;49.841068;24.036627;1;0;1;0;0;2017;4;4;12;Львів;Наїзд на пішохода;Порушення маневрування
неділя;Франківський;Стрийська;зіткнення з задньою частиною ТЗ;перевищення безпечної швидкості, недодержання дистанції;4;49.805311;24.018688;2;0;2;0;1;2017;4;6;11;Львів;Зіткнення автомобілів;Перевищення швидкості
субота;Личаківський;Богданівська;зіткнення з задньою частиною ТЗ;недодержання дистанції;2;49.857678;24.0734;1;0;1;0;0;2017;4;5;9;Львів;Зіткнення автомобілів;Недотримання дистанції
субота;Шевченківський;Липинського В.;наїзд на пішохода - пішохід рухався у зустрічному напрямку;Невідомо;3;49.864871;24.04117;1;0;2;0;0;2017;4;5;14;Львів;Наїзд на пішохода;Інше
субота;Шевченківський;Миколайчука І.;наїзд на пішохода - пішохід рухався у зустрічному напрямку;Невідомо;2;49.874352;24.041498;1;0;0;1;0;2017;4;5;9;Львів;Наїзд на пішохода;Інше
вівторок;Шевченківський;Замарстинівська;зіткнення з задньою частиною ТЗ;перевищення безпечної швидкості, недодержання дистанції;2;49.864698;24.025614;0;0;2;0;0;2017;5;1;14;Львів;Зіткнення автомобілів;Перевищення швидкості
субота;Шевченківський;Мазепи І., гетьм.;зіткнення бокове;порушення правил обгону;3;49.872464;24.044588;2;0;1;0;1;2017;5;5;16;Львів;Зіткнення автомобілів;Інше
п'ятниця;Франківський;Городоцька;зіткнення бокове;порушення правил маневрування, порушення правил проїзду перехресть;3;49.832069;23.976819;1;0;1;1;0;2017;5;4;17;Львів;Зіткнення автомобілів;Порушення маневрування
середа;Шевченківський;Мазепи І., гетьм.;наїзд на пішохода - пішохід рухався у зустрічному напрямку;порушення правил проїзду пішохідних переходів;2;49.872744;24.037823;1;0;1;0;0;2017;5;2;16;Львів;Наїзд на пішохода;Порушення проїзду переходів
неділя;Залізничний;Городоцька;наїзд на інші види перешкод;Невідомо;2;49.821099;23.916174;0;0;0;2;0;2017;5;6;3;Львів;Наїзд на перешкоду;Інше
понеділок;Галицький;Франка І.;наїзд на пішохода - на нерегульованому пішохідному переході;Невідомо;2;49.829934;24.031037;1;0;0;1;0;2017;5;0;11;Львів;Наїзд на пішохода;Інше
субота;Сихівський;Зелена;зіткнення лобове;Невідомо;3;49.798411;24.07127;2;0;0;1;0;2017;5;5;15;Львів;Зіткнення автомобілів;Інше
п'ятниця;Личаківський;Глинянський Тракт;падіння пасажира;Невідомо;2;49.840653;24.094155;1;0;1;0;0;2017;4;4;15;Львів;Падіння пасажира;Інше
п'ятниця;Галицький;Дорошенка П.;наїзд на пішохода - пішохід рухався у зустрічному напрямку;Невідомо;2;49.837567;24.02269;1;0;1;0;0;2017;4;4;12;Львів;Наїзд на пішохода;Інше
субота;Франківський;Чупринки Т., ген.;наїзд на пішохода - на регульованому пішохідному переході;Невідомо;2;49.833453;24.014279;1;0;0;1;0;2017;5;5;17;Львів;Наїзд на пішохода;Інше
четвер;Сихівський;Рахівська;наїзд на велосипедиста - велосипедист рухався у попутному напрямку;Невідомо;2;49.806059;24.046787;1;0;0;1;1;2017;5;3;19;Львів;Наїзд на велосипедиста;Інше
вівторок;Шевченківський;Миколайчука І.;падіння пасажира;Невідомо;2;49.879593;24.03447;1;0;1;0;0;2017;5;1;10;Львів;Падіння пасажира;Інше
четвер;Галицький;Городоцька;наїзд на пішохода - пішохід рухався у зустрічному напрямку;Невідомо;2;49.838553;24.008024;1;0;1;0;0;2017;5;3;14;Львів;Наїзд на пішохода;Інше
середа;Шевченківський;Шевченка Т.;зіткнення бокове;Невідомо;2;49.86418;23.960205;1;0;1;0;0;2017;5;2;14;Львів;Зіткнення автомобілів;Інше
п'ятниця;Франківський;Любінська;наїзд на інші види перешкод;перевищення безпечної швидкості;1;49.828169;23.984946;0;0;0;1;0;2017;5;4;12;Львів;Наїзд на перешкоду;Перевищення швидкості
неділя;Шевченківський;Миколайчука І.;наїзд на інші види перешкод;керування транспортним засобом у нетверезому стані, перевищення безпечної швидкості;2;49.878137;24.03815;1;0;1;0;0;2017;5;6;17;Львів;Наїзд на перешкоду;Перевищення швидкості
середа;Шевченківський;Липинського В.;наїзд на пішохода - пішохід рухався у зустрічному напрямку;порушення правил проїзду пішохідних переходів;2;49.864837;24.041348;1;0;1;0;0;2017;5;2;14;Львів;Наїзд на пішохода;Порушення проїзду переходів
середа;Шевченківський;Хмельницького Б.;зіткнення бокове;порушення правил маневрування, порушення правил проїзду перехресть;2;49.853276;24.036841;1;0;1;0;0;2017;5;2;12;Львів;Зіткнення автомобілів;Порушення маневрування
вівторок;Галицький;Шевченка Т.;зіткнення бокове;порушення правил маневрування;2;49.842912;24.015486;1;0;1;0;0;2017;5;1;11;Львів;Зіткнення автомобілів;Порушення маневрування
середа;Франківський;Володимира Великого;наїзд на пішохода - пішохід рухався у зустрічному напрямку;Невідомо;2;49.811262;23.990745;1;0;0;1;0;2017;5;2;22;Львів;Наїзд на пішохода;Інше
четвер;Галицький;Гонти І.;наїзд на пішохода - пішохід рухався у зустрічному напрямку;Невідомо;2;49.844507;24.030764;1;1;0;0;0;2017;5;3;6;Львів;Наїзд на пішохода;Інше
понеділок;Личаківський;Хмельницького Б.;наїзд на пішохода - на нерегульованому пішохідному переході;перевищення безпечної швидкості;2;49.865539;24.053594;1;0;1;0;0;2017;5;0;12;Львів;Наїзд на пішохода;Перевищення швидкості
вівторок;Сихівський;Скорини Ф.;наїзд на пішохода - на нерегульованому пішохідному переході;Невідомо;2;49.798708;24.020786;1;0;1;0;0;2017;5;1;14;Львів;Наїзд на пішохода;Інше
понеділок;Галицький;Городоцька;наїзд на пішохода - пішохід рухався у зустрічному напрямку;Невідомо;2;49.842784;24.019359;1;0;1;0;0;2017;5;0;3;Львів;Наїзд на пішохода;Інше
середа;Шевченківський;Хмельницького Б.;наїзд на пішохода - пішохід рухався у зустрічному напрямку;Невідомо;2;49.852518;24.034025;1;0;0;1;0;2017;5;2;15;Львів;Наїзд на пішохода;Інше
понеділок;Сихівський;Сихівська;наїзд на пішохода - пішохід рухався у зустрічному напрямку;Невідомо;2;49.796048;24.068359;1;0;1;0;0;2017;5;0;8;Львів;Наїзд на пішохода;Інше
вівторок;Франківський;Княгині Ольги;наїзд на пішохода - на нерегульованому пішохідному переході;Невідомо;2;49.806398;23.998953;1;0;0;1;0;2017;5;1;11;Львів;Наїзд на пішохода;Інше
середа;Галицький;Городоцька;наїзд на інші види перешкод;Невідомо;2;49.839259;24.009912;1;0;1;0;0;2017;4;2;10;Львів;Наїзд на перешкоду;Інше
субота;Галицький;Старий Ринок, пл.;зіткнення бокове;порушення правил проїзду перехресть;3;49.846496;24.029771;1;0;2;0;0;2017;5;5;23;Львів;Зіткнення автомобілів;Порушення проїзду перехресть
середа;Шевченківський;Шевченка Т.;наїзд на велосипедиста - поза межами велосипедної доріжки;Невідомо;2;49.85864;23.972919;1;0;0;1;0;2017;5;2;19;Львів;Наїзд на велосипедиста;Інше
п'ятниця;Франківський;Кульпарківська;наїзд на пішохода - пішохід рухався у зустрічному напрямку;Невідомо;2;49.812138;23.984377;1;0;0;1;1;2017;4;4;7;Львів;Наїзд на пішохода;Інше
понеділок;Сихівський;Гориня М.;наїзд на пішохода - пішохід рухався у зустрічному напрямку;Невідомо;2;49.789119;24.057167;1;0;1;0;0;2017;5;0;8;Львів;Наїзд на пішохода;Інше
неділя;Шевченківський;о. Омеляна Ковча;наїзд на інші види перешкод;Невідомо;2;49.853867;23.986266;0;1;1;0;0;2017;5;6;1;Львів;Наїзд на перешкоду;Інше
субота;Галицький;Данила Галицького, пл.;наїзд на пішохода - пішохід рухався у зустрічному напрямку;Невідомо;2;49.844096;24.031938;1;0;1;0;0;2017;5;5;12;Львів;Наїзд на пішохода;Інше
неділя;Франківський;Музики Я.;наїзд на пішохода - пішохід рухався у зустрічному напрямку;Невідомо;2;49.815406;23.992735;1;0;1;0;1;2017;4;6;13;Львів;Наїзд на пішохода;Інше
четвер;Залізничний;Двірцева, пл.;наїзд на пішохода - на нерегульованому пішохідному переході;Невідомо;2;49.838536;23.995428;1;0;1;0;0;2017;4;3;21;Львів;Наїзд на пішохода;Інше
неділя;Франківський;Остроградських;падіння пасажира;Невідомо;1;49.827201;24.014831;0;0;1;0;0;2017;5;6;2;Львів;Падіння пасажира;Інше
вівторок;Шевченківський;Під Голоском;наїзд на пішохода - пішохід рухався у зустрічному напрямку;Невідомо;2;49.869847;24.009215;1;0;0;1;0;2017;5;1;15;Львів;Наїзд на пішохода;Інше
вівторок;Личаківський;Личаківська;зіткнення з задньою частиною ТЗ;Невідомо;3;49.836515;24.063277;2;0;0;1;0;2017;4;1;8;Львів;Зіткнення автомобілів;Інше
четвер;Галицький;Чайковського П.;наїзд на пішохода - пішохід рухався у зустрічному напрямку;Невідомо;2;49.837374;24.029782;1;0;0;1;1;2017;5;3;12;Львів;Наїзд на пішохода;Інше
середа;Шевченківський;Винниця;наїзд на інші види перешкод;Невідомо;1;49.864809;23.973885;0;0;1;0;0;2017;4;2;23;Львів;Наїзд на перешкоду;Інше
понеділок;Сихівський;Стрийська;наїзд на пішохода - на нерегульованому пішохідному переході;перевищення безпечної швидкості;2;49.807122;24.020024;1;0;0;1;0;2017;5;0;7;Львів;Наїзд на пішохода;Перевищення швидкості
неділя;Галицький;Вітовського Д.;наїзд на пішохода - на нерегульованому пішохідному переході;Невідомо;2;49.830052;24.023827;1;0;0;1;0;2017;5;6;20;Львів;Наїзд на пішохода;Інше
субота;Залізничний;Сяйво;наїзд на пішохода - на нерегульованому пішохідному переході;Невідомо;2;49.842349;23.979335;1;0;0;1;1;2017;5;5;13;Львів;Наїзд на пішохода;Інше
понеділок;Залізничний;Городоцька;наїзд на пішохода - на нерегульованому пішохідному переході;порушення правил проїзду пішохідних переходів;2;49.83073;23.969486;1;0;0;1;0;2017;5;0;7;Львів;Наїзд на пішохода;Порушення проїзду переходів
п'ятниця;Личаківський;Личаківська;наїзд на пішохода - на нерегульованому пішохідному переході;перевищення безпечної швидкості, недодержання дистанції;2;49.835758;24.075728;1;0;0;1;0;2017;5;4;17;Львів;Наїзд на пішохода;Перевищення швидкості
неділя;Франківський;Княгині Ольги;наїзд на пішохода - на нерегульованому пішохідному переході;Невідомо;2;49.816582;24.002219;1;0;0;1;0;2017;5;6;9;Львів;Наїзд на пішохода;Інше
вівторок;Сихівський;Червоної Калини, просп.;наїзд на транспортний засіб, що стоїть - по ходу руху;Невідомо;2;49.785722;24.059302;1;0;1;0;0;2017;5;1;18;Львів;Інше;Інше
п'ятниця;Франківський;Рубчака І.;наїзд на пішохода - на нерегульованому пішохідному переході;недодержання дистанції;2;49.806142;24.008904;1;0;0;1;0;2017;5;4;17;Львів;Наїзд на пішохода;Недотримання дистанції
неділя;Залізничний;Білогорща;наїзд на інші види перешкод;перевищення безпечної швидкості;1;49.844908;23.944868;0;0;0;1;0;2017;5;6;20;Львів;Наїзд на перешкоду;Перевищення швидкості
субота;Галицький;Святого Теодора, пл.;наїзд на пішохода - на нерегульованому пішохідному переході;Невідомо;5;49.847413;24.026971;4;0;0;1;0;2017;5;5;1;Львів;Наїзд на пішохода;Інше
понеділок;Шевченківський;Промислова;зіткнення з задньою частиною ТЗ;порушення правил проїзду перехресть;2;49.861146;24.044406;1;0;1;0;0;2017;5;0;12;Львів;Зіткнення автомобілів;Порушення проїзду перехресть
неділя;Залізничний;Городоцька;зіткнення з задньою частиною ТЗ;Невідомо;2;49.824404;23.932058;1;0;0;1;0;2017;5;6;15;Львів;Зіткнення автомобілів;Інше
вівторок;Сихівський;Хуторівка;наїзд на пішохода - на нерегульованому пішохідному переході;Невідомо;2;49.799709;24.026531;1;0;0;1;0;2017;5;1;12;Львів;Наїзд на пішохода;Інше
субота;Залізничний;Левандівська;зіткнення з задньою частиною ТЗ;порушення правил маневрування;4;49.844224;23.985445;1;0;3;0;0;2017;5;5;11;Львів;Зіткнення автомобілів;Порушення маневрування
п'ятниця;Сихівський;Чукаріна В.;наїзд на пішохода - на регульованому пішохідному переході;порушення правил проїзду пішохідних переходів;2;49.79831;24.042565;1;0;1;0;1;2017;5;4;15;Львів;Наїзд на пішохода;Порушення проїзду переходів
субота;Шевченківський;Липинського В.;наїзд на пішохода - на нерегульованому пішохідному переході;Невідомо;2;49.863917;24.034411;1;0;0;1;0;2017;5;5;16;Львів;Наїзд на пішохода;Інше