accidentDay;district;streetName;accidentType;mainAccidentCause;totalParticipantsAmount;latitude;longitude;Count_Без ушкоджень;Count_Загинув;Count_Легко травмований;Count_Тяжко травмований;Is_Intersection;Year;Month;DayOfWeek;Hour;settlement_grouped;Simple_Type;Simple_Cause
п'ятниця;Шевченківський;Шевченка Т.;зіткнення з задньою частиною ТЗ;порушення правил проїзду перехресть;3;49.85994;23.968177;2;0;1;0;1;2017;5;4;12;Львів;Зіткнення автомобілів;Порушення проїзду перехресть
п'ятниця;Шевченківський;Чорновола В., просп.;наїзд на інші види перешкод;Невідомо;2;49.858612;24.020448;1;0;0;1;0;2017;5;4;16;Львів;Наїзд на перешкоду;Інше
субота;Франківський;Стрийська;наїзд на велосипедиста - велосипедист рухався у попутному напрямку;Невідомо;2;49.813014;24.019504;1;0;0;1;0;2017;5;5;15;Львів;Наїзд на велосипедиста;Інше
середа;Франківський;Кульпарківська;зіткнення з задньою частиною ТЗ;невиконання вимог сигналів регулювання;3;49.815772;23.986169;2;0;1;0;0;2017;5;2;14;Львів;Зіткнення автомобілів;Інше
понеділок;Сихівський;Червоної Калини, просп.;наїзд на пішохода - на нерегульованому пішохідному переході;Невідомо;2;49.796153;24.054168;1;0;0;1;0;2017;5;0;22;Львів;Наїзд на пішохода;Інше
неділя;Залізничний;Ясна;наїзд на пішохода - на нерегульованому пішохідному переході;Невідомо;2;49.843971;23.998153;1;0;1;0;0;2017;5;6;12;Львів;Наїзд на пішохода;Інше
понеділок;Франківський;Кульпарківська;наїзд на велосипедиста - велосипедист рухався у попутному напрямку;Невідомо;2;49.818233;23.991448;1;0;0;1;0;2017;5;0;17;Львів;Наїзд на велосипедиста;Інше
середа;Галицький;Чорновола В., просп.;наїзд на пішохода - на нерегульованому пішохідному переході;Невідомо;2;49.84815;24.025936;1;0;0;1;0;2017;5;2;10;Львів;Наїзд на пішохода;Інше
понеділок;Галицький;Франка І.;наїзд на пішохода - на нерегульованому пішохідному переході;порушення правил маневрування, порушення правил проїзду пішохідних переходів;2;49.829457;24.031091;1;0;1;0;0;2017;5;0;14;Львів;Наїзд на пішохода;Порушення маневрування
субота;Сихівський;Червоної Калини, просп.;зіткнення з задньою частиною ТЗ;перевищення безпечної швидкості, порушення правил проїзду перехресть;3;49.796613;24.054705;1;0;0;2;0;2017;5;5;16;Львів;Зіткнення автомобілів;Перевищення швидкості
четвер;Галицький;Городоцька;наїзд на велосипедиста - поза межами велосипедної доріжки;невиконання вимог сигналів регулювання;2;49.841594;24.015834;1;0;1;0;1;2017;5;3;21;Львів;Наїзд на велосипедиста;Інше
понеділок;Франківський;Стрийська;наїзд на пішохода - на нерегульованому пішохідному переході;Невідомо;3;49.798719;24.0171;2;0;0;1;0;2017;5;0;16;Львів;Наїзд на пішохода;Інше
вівторок;Франківський;Володимира Великого;падіння пасажира;Невідомо;2;49.810019;24.002531;1;0;1;0;0;2017;5;1;6;Львів;Падіння пасажира;Інше
неділя;Шевченківський;Шевченка Т.;наїзд на пішохода - на нерегульованому пішохідному переході;перевищення безпечної швидкості;2;49.869629;23.947695;1;0;0;1;0;2017;5;6;23;Львів;Наїзд на пішохода;Перевищення швидкості
середа;Личаківський;Пасічна;зіткнення з задньою частиною ТЗ;Невідомо;3;49.820691;24.076678;0;0;0;3;0;2017;5;2;20;Львів;Зіткнення автомобілів;Інше
п'ятниця;Галицький;Франка І.;наїзд на пішохода - на нерегульованому пішохідному переході;Невідомо;2;49.828879;24.032378;1;0;0;1;0;2017;5;4;11;Львів;Наїзд на пішохода;Інше
субота;Залізничний;Любінська;зіткнення з задньою частиною ТЗ;невиконання вимог сигналів регулювання;3;49.823899;23.977339;2;0;1;0;1;2017;5;5;14;Львів;Зіткнення автомобілів;Інше
неділя;Шевченківський;Мазепи І., гетьм.;зіткнення з задньою частиною ТЗ;перевищення безпечної швидкості;2;49.870639;24.032271;1;0;1;0;0;2017;5;6;16;Львів;Зіткнення автомобілів;Перевищення швидкості
четвер;Франківський;Тролейбусна;наїзд на пішохода - на нерегульованому пішохідному переході;Невідомо;2;49.80852;24.007729;1;0;0;1;0;2017;6;3;18;Львів;Наїзд на пішохода;Інше
четвер;Залізничний;Любінська;наїзд на велосипедиста - велосипедист рухався у попутному напрямку;порушення правил маневрування, недодержання дистанції;2;49.818199;23.959674;1;0;0;1;0;2017;6;3;14;Львів;Наїзд на велосипедиста;Порушення маневрування
четвер;Сихівський;Зелена;зіткнення лобове;порушення правил проїзду перехресть;2;49.810206;24.061089;1;0;1;0;0;2017;6;3;13;Львів;Зіткнення автомобілів;Порушення проїзду перехресть
вівторок;Личаківський;Пасічна;зіткнення лобове;порушення правил маневрування;2;49.829429;24.069693;1;0;0;1;0;2017;5;1;21;Львів;Зіткнення автомобілів;Порушення маневрування
середа;Франківський;Мельника А.;наїзд на інші види перешкод;Невідомо;1;49.831097;24.003217;0;0;0;1;0;2017;5;2;22;Львів;Наїзд на перешкоду;Інше
четвер;Шевченківський;Мазепи І., гетьм.;зіткнення з задньою частиною ТЗ;Невідомо;5;49.869837;24.028398;2;0;2;1;0;2017;6;3;10;Львів;Зіткнення автомобілів;Інше
середа;Франківський;Пулюя І.;наїзд на пішохода - пішохід рухався у зустрічному напрямку;Невідомо;2;49.802174;23.991898;1;0;1;0;0;2017;5;2;13;Львів;Наїзд на пішохода;Інше
понеділок;Франківський;Городоцька;наїзд на пішохода - пішохід рухався у зустрічному напрямку;Невідомо;2;49.833716;23.986185;1;0;1;0;0;2017;5;0;7;Львів;Наїзд на пішохода;Інше
вівторок;Галицький;Дорошенка П.;наїзд на пішохода - пішохід рухався у зустрічному напрямку;Невідомо;2;49.841387;24.033301;1;0;1;0;0;2017;5;1;1;Львів;Наїзд на пішохода;Інше
п'ятниця;Шевченківський;Липинського В.;зіткнення з задньою частиною ТЗ;Невідомо;3;49.86438;24.041262;1;0;0;2;0;2017;6;4;8;Львів;Зіткнення автомобілів;Інше
четвер;Франківський;Стрийська;зіткнення з задньою частиною ТЗ;Невідомо;3;49.81985;24.020298;0;0;3;0;1;2017;6;3;1;Львів;Зіткнення автомобілів;Інше
неділя;Галицький;Друкарська;наїзд на пішохода - на нерегульованому пішохідному переході;Невідомо;2;49.843251;24.031976;1;0;1;0;0;2017;6;6;18;Львів;Наїзд на пішохода;Інше
неділя;Галицький;Шевченка Т., просп.;наїзд на пішохода - на нерегульованому пішохідному переході;Невідомо;2;49.837481;24.031134;1;0;0;1;0;2017;6;6;0;Львів;Наїзд на пішохода;Інше
субота;Шевченківський;Грінченка Б.;наїзд на велосипедиста - велосипедист рухався у попутному напрямку;Невідомо;2;49.869857;24.057097;1;0;1;0;1;2017;6;5;14;Львів;Наїзд на велосипедиста;Інше
субота;Шевченківський;Чигиринська;наїзд на пішохода - на нерегульованому пішохідному переході;Невідомо;2;49.867368;24.050333;1;0;1;0;0;2017;6;5;17;Львів;Наїзд на пішохода;Інше
неділя;Шевченківський;Величковського І.;наїзд на інші види перешкод;Невідомо;2;49.875762;23.932337;1;0;1;0;0;2017;6;6;22;Львів;Наїзд на перешкоду;Інше
неділя;Галицький;Театральна;наїзд на інші види перешкод;Невідомо;1;49.840985;24.029755;0;0;1;0;0;2017;6;6;1;Львів;Наїзд на перешкоду;Інше
п'ятниця;Франківський;Чупринки Т., ген.;наїзд на пішохода - на регульованому пішохідному переході;порушення правил проїзду пішохідних переходів;2;49.832318;24.013764;1;0;1;0;0;2017;6;4;18;Львів;Наїзд на пішохода;Порушення проїзду переходів
субота;Шевченківський;Липинського В.;наїзд на пішохода - пішохід рухався у зустрічному напрямку;Невідомо;2;49.862859;24.032464;1;0;0;1;0;2017;5;5;12;Львів;Наїзд на пішохода;Інше
п'ятниця;Личаківський;Воробкевича С.;зіткнення з задньою частиною ТЗ;порушення правил маневрування;3;49.838951;24.056738;2;0;0;1;0;2017;6;4;12;Львів;Зіткнення автомобілів;Порушення маневрування
неділя;Шевченківський;Грінченка Б.;зіткнення з задньою частиною ТЗ;Невідомо;4;49.87142;24.052978;1;0;0;3;0;2017;6;6;16;Львів;Зіткнення автомобілів;Інше
понеділок;Сихівський;Гориня М.;наїзд на пішохода - на нерегульованому пішохідному переході;Невідомо;2;49.786404;24.051797;1;0;1;0;0;2017;6;0;14;Львів;Наїзд на пішохода;Інше
неділя;Сихівський;Сихівська;наїзд на пішохода - на нерегульованому пішохідному переході;Невідомо;2;49.794868;24.066131;1;0;0;1;0;2017;6;6;21;Львів;Наїзд на пішохода;Інше
субота;Галицький;Замарстинівська;наїзд на пішохода - на нерегульованому пішохідному переході;Невідомо;2;49.84762;24.027953;1;0;0;1;0;2017;6;5;0;Львів;Наїзд на пішохода;Інше
неділя;Личаківський;Хмельницького Б.;зіткнення з задньою частиною ТЗ;перевищення безпечної швидкості, недодержання дистанції;3;49.869854;24.057232;2;0;0;1;0;2017;6;6;0;Львів;Зіткнення автомобілів;Перевищення швидкості
п'ятниця;Сихівський;Зелена;зіткнення бокове;Невідомо;3;49.815766;24.061571;0;0;2;1;0;2017;5;4;19;Львів;Зіткнення автомобілів;Інше
неділя;Сихівський;Стрийська;наїзд на інші види перешкод;Невідомо;2;49.808039;24.019182;1;0;1;0;1;2017;6;6;20;Львів;Наїзд на перешкоду;Інше
вівторок;Сихівський;Червоної Калини, просп.;перекидання ТЗ;Невідомо;1;49.798199;24.050322;0;0;1;0;0;2017;5;1;22;Львів;Перекидання;Інше
неділя;Залізничний;Городоцька;зіткнення з задньою частиною ТЗ;порушення правил маневрування;2;49.829149;23.960345;1;0;1;0;0;2017;6;6;2;Львів;Зіткнення автомобілів;Порушення маневрування
понеділок;Личаківський;Кривчицька Дорога;наїзд на інші види перешкод;Невідомо;1;49.846008;24.079596;0;0;0;1;0;2017;6;0;23;Львів;Наїзд на перешкоду;Інше
понеділок;Залізничний;Чернівецька;зіткнення з задньою частиною ТЗ;порушення правил маневрування;2;49.838934;23.996302;1;0;1;0;0;2017;6;0;23;Львів;Зіткнення автомобілів;Порушення маневрування
понеділок;Залізничний;Городоцька;наїзд на пішохода - на нерегульованому пішохідному переході;Невідомо;2;49.830786;23.9697;1;0;1;0;0;2017;6;0;14;Львів;Наїзд на пішохода;Інше
неділя;Галицький;Замарстинівська;зіткнення з задньою частиною ТЗ;Невідомо;3;49.848862;24.027684;1;0;2;0;0;2017;6;6;2;Львів;Зіткнення автомобілів;Інше
неділя;Галицький;Під Дубом;зіткнення з задньою частиною ТЗ;перевищення безпечної швидкості, недодержання дистанції;3;49.850457;24.025195;2;0;1;0;0;2017;6;6;14;Львів;Зіткнення автомобілів;Перевищення швидкості
вівторок;Галицький;Банківська;наїзд на пішохода - на регульованому пішохідному переході;Невідомо;2;49.839802;24.026579;1;0;1;0;0;2017;6;1;15;Львів;Наїзд на пішохода;Інше
п'ятниця;Залізничний;Ярослава Мудрого;зіткнення з задньою частиною ТЗ;перевищення безпечної швидкості;2;49.841297;24.01077;1;0;1;0;0;2017;6;4;11;Львів;Зіткнення автомобілів;Перевищення швидкості
неділя;Франківський;Кульпарківська;зіткнення з задньою частиною ТЗ;Невідомо;3;49.816406;23.986475;1;0;1;1;0;2017;6;6;1;Львів;Зіткнення автомобілів;Інше
п'ятниця;Залізничний;Городоцька;наїзд на пішохода - на регульованому пішохідному переході;Невідомо;2;49.831121;23.971508;1;0;1;0;0;2017;6;4;9;Львів;Наїзд на пішохода;Інше
п'ятниця;Сихівський;Червоної Калини, просп.;зіткнення з задньою частиною ТЗ;перевищення безпечної швидкості, недодержання дистанції;3;49.798414;24.05198;2;0;1;0;0;2017;6;4;16;Львів;Зіткнення автомобілів;Перевищення швидкості
п'ятниця;Франківський;Княгині Ольги;наїзд на пішохода - на нерегульованому пішохідному переході;керування транспортним засобом у нетверезому стані, порушення правил проїзду пішохідних переходів;2;49.812539;24.000546;1;0;1;0;1;2017;6;4;23;Львів;Наїзд на пішохода;Порушення проїзду переходів
середа;Галицький;Театральна;наїзд на пішохода - на нерегульованому пішохідному переході;недодержання дистанції;2;49.842034;24.029471;1;0;1;0;0;2017;6;2;20;Львів;Наїзд на пішохода;Недотримання дистанції
вівторок;Франківський;Наукова;зіткнення лобове;невиконання вимог сигналів регулювання, порушення правил проїзду перехресть;2;49.805269;23.986856;1;0;0;1;1;2017;6;1;22;Львів;Зіткнення автомобілів;Порушення проїзду перехресть
четвер;Шевченківський;Грінченка Б.;зіткнення з задньою частиною ТЗ;Невідомо;4;49.869913;24.057076;3;0;1;0;1;2017;6;3;19;Львів;Зіткнення автомобілів;Інше
субота;Франківський;Наукова;зіткнення з задньою частиною ТЗ;перевищення безпечної швидкості, порушення правил проїзду перехресть, недодержання дистанції;2;49.804144;23.995916;1;0;1;0;0;2017;6;5;22;Львів;Зіткнення автомобілів;Перевищення швидкості
субота;Франківський;Княгині Ольги;наїзд на пішохода - на нерегульованому пішохідному переході;порушення правил зупинки і стоянки транспортного засобу;2;49.807824;23.998958;1;0;1;0;0;2017;6;5;1;Львів;Наїзд на пішохода;Інше
неділя;Галицький;Соборна, пл.;наїзд на пішохода - пішохід рухався у зустрічному напрямку;Невідомо;3;49.839394;24.034674;1;1;0;1;0;2017;6;6;11;Львів;Наїзд на пішохода;Інше
п'ятниця;Галицький;Друкарська;зіткнення з задньою частиною ТЗ;порушення правил маневрування;2;49.844123;24.032067;1;0;1;0;0;2017;6;4;0;Львів;Зіткнення автомобілів;Порушення маневрування
неділя;Шевченківський;Чорновола В., просп.;зіткнення лобове;порушення правил маневрування, порушення правил обгону;2;49.859463;24.018999;1;0;1;0;0;2017;6;6;18;Львів;Зіткнення автомобілів;Порушення маневрування
неділя;Сихівський;Червоної Калини, просп.;наїзд на пішохода - пішохід рухався у зустрічному напрямку;Невідомо;2;49.797874;24.050918;1;0;1;0;0;2017;6;6;23;Львів;Наїзд на пішохода;Інше
неділя;Шевченківський;Замарстинівська;зіткнення з задньою частиною ТЗ;перевищення безпечної швидкості, недодержання дистанції;2;49.859349;24.026982;1;0;1;0;0;2017;6;6;19;Львів;Зіткнення автомобілів;Перевищення швидкості
вівторок;Франківський;Володимира Великого;зіткнення з задньою частиною ТЗ;порушення правил маневрування, порушення правил проїзду перехресть;2;49.810386;24.004633;1;0;1;0;0;2017;6;1;23;Львів;Зіткнення автомобілів;Порушення маневрування
вівторок;Галицький;Замарстинівська;наїзд на велосипедиста - велосипедист рухався у попутному напрямку;Невідомо;2;49.850937;24.026736;1;0;1;0;0;2017;6;1;18;Львів;Наїзд на велосипедиста;Інше
четвер;Сихівський;Мікльоша К.;наїзд на пішохода - на нерегульованому пішохідному переході;Невідомо;2;49.783227;24.018139;1;0;0;1;0;2017;6;3;16;Львів;Наїзд на пішохода;Інше
неділя;Залізничний;Левандівська;зіткнення лобове;порушення правил проїзду перехресть;3;49.84613;23.988642;0;0;3;0;1;2017;6;6;23;Львів;Зіткнення автомобілів;Порушення проїзду перехресть
субота;Залізничний;Любінська;наїзд на пішохода - пішохід рухався у зустрічному напрямку;перехід у невстановленому місці;2;49.82355;23.976095;1;0;0;1;0;2017;6;5;20;Львів;Наїзд на пішохода;Інше
неділя;Шевченківський;Мазепи І., гетьм.;зіткнення бокове;недодержання дистанції;3;49.87078;24.033499;2;0;1;0;0;2017;5;6;11;Львів;Зіткнення автомобілів;Недотримання дистанції
четвер;Залізничний;Кульпарківська;наїзд на велосипедиста - велосипедист рухався у попутному напрямку;неочікуваний вихід на проїзну частину;2;49.816794;23.986287;1;0;1;0;0;2017;6;3;15;Львів;Наїзд на велосипедиста;Інше
субота;Шевченківський;Чорновола В., просп.;наїзд на пішохода - пішохід на тротуарі чи велосипедній доріжці;перевищення безпечної швидкості, недодержання дистанції;3;49.858183;24.020598;2;0;0;1;0;2017;6;5;13;Львів;Наїзд на пішохода;Перевищення швидкості
неділя;Франківський;Наукова;зіткнення з задньою частиною ТЗ;недодержання дистанції;3;49.803064;24.005647;2;0;1;0;0;2017;6;6;19;Львів;Зіткнення автомобілів;Недотримання дистанції
субота;Галицький;Під Дубом;зіткнення з задньою частиною ТЗ;перевищення безпечної швидкості, недодержання дистанції;3;49.850467;24.024643;2;0;1;0;1;2017;6;5;22;Львів;Зіткнення автомобілів;Перевищення швидкості
четвер;Сихівський;Зелена;наїзд на пішохода - на нерегульованому пішохідному переході;Невідомо;2;49.796118;24.073743;0;0;2;0;0;2017;6;3;15;Львів;Наїзд на пішохода;Інше
середа;Шевченківський;Чорновола В., просп.;зіткнення з задньою частиною ТЗ;порушення правил маневрування;2;49.858225;24.020641;1;0;0;1;1;2017;6;2;15;Львів;Зіткнення автомобілів;Порушення маневрування
четвер;Шевченківський;Шевченка Т.;зіткнення з задньою частиною ТЗ;порушення правил проїзду пішохідних переходів, порушення правил проїзду перехресть;3;49.859719;23.968177;0;0;3;0;1;2017;6;3;22;Львів;Зіткнення автомобілів;Порушення проїзду перехресть
п'ятниця;Галицький;Стуса В.;зіткнення з задньою частиною ТЗ;перевищення безпечної швидкості;2;49.819992;24.040285;1;0;1;0;0;2017;6;4;16;Львів;Зіткнення автомобілів;Перевищення швидкості
неділя;Шевченківський;Замарстинівська;зіткнення лобове;перевищення безпечної швидкості, недодержання дистанції;2;49.875863;24.008673;1;0;1;0;0;2017;6;6;20;Львів;Зіткнення автомобілів;Перевищення швидкості
неділя;Шевченківський;Варшавська;наїзд на інші види перешкод;Невідомо;2;49.859819;24.009537;0;1;1;0;0;2017;6;6;14;Львів;Наїзд на перешкоду;Інше
неділя;Сихівський;Мирного Панаса;наїзд на пішохода - на нерегульованому пішохідному переході;Невідомо;2;49.815412;24.032485;1;1;0;0;1;2017;6;6;0;Львів;Наїзд на пішохода;Інше
субота;Сихівський;Сихівська;наїзд на пішохода - на нерегульованому пішохідному переході;Невідомо;2;49.796461;24.065149;1;0;1;0;0;2017;6;5;4;Львів;Наїзд на пішохода;Інше
п'ятниця;Галицький;Куліша П.;зіткнення бокове;недодержання дистанції;2;49.849405;24.024396;1;0;1;0;0;2017;6;4;13;Львів;Зіткнення автомобілів;Недотримання дистанції
середа;Залізничний;Любінська;наїзд на інші види перешкод;перевищення безпечної швидкості, недодержання дистанції;1;49.8195;23.965489;0;0;1;0;0;2017;6;2;21;Львів;Наїзд на перешкоду;Перевищення швидкості
субота;Залізничний;Кульпарківська;падіння пасажира;порушення техніки безпеки пасажиром;2;49.819303;23.987837;1;0;1;0;0;2017;6;5;20;Львів;Падіння пасажира;Інше
четвер;Галицький;Свободи, просп.;наїзд на пішохода - на нерегульованому пішохідному переході;порушення правил проїзду пішохідних переходів;2;49.843331;24.026016;1;0;1;0;0;2017;7;3;13;Львів;Наїзд на пішохода;Порушення проїзду переходів
середа;Галицький;Соборна, пл.;зіткнення з задньою частиною ТЗ;перевищення безпечної швидкості, недодержання дистанції;3;49.83864;24.035854;2;0;1;0;0;2017;7;2;15;Львів;Зіткнення автомобілів;Перевищення швидкості
п'ятниця;Франківський;Городоцька;наїзд на пішохода - на нерегульованому пішохідному переході;Невідомо;2;49.833325;23.983315;1;0;1;0;0;2017;7;4;11;Львів;Наїзд на пішохода;Інше
субота;Личаківський;Богданівська;зіткнення з задньою частиною ТЗ;Невідомо;2;49.848893;24.083474;1;0;1;0;0;2017;7;5;10;Львів;Зіткнення автомобілів;Інше
п'ятниця;Шевченківський;Чорновола В., просп.;наїзд на пішохода - на нерегульованому пішохідному переході;Невідомо;2;49.857419;24.021091;1;0;1;0;0;2017;6;4;13;Львів;Наїзд на пішохода;Інше
п'ятниця;Личаківський;Зелена;наїзд на пішохода - на нерегульованому пішохідному переході;Невідомо;2;49.821276;24.055451;1;0;1;0;0;2017;6;4;9;Львів;Наїзд на пішохода;Інше
вівторок;Залізничний;Роксоляни;зіткнення лобове;перевищення безпечної швидкості;3;49.844134;23.958542;1;0;2;0;1;2017;8;1;13;Львів;Зіткнення автомобілів;Перевищення швидкості
середа;Франківський;Кульпарківська;зіткнення з задньою частиною ТЗ;Невідомо;2;49.816596;23.986588;0;0;2;0;1;2017;7;2;8;Львів;Зіткнення автомобілів;Інше
понеділок;Сихівський;Стрийська;наїзд на пішохода - на регульованому пішохідному переході;Невідомо;2;49.786809;24.014794;1;0;1;0;0;2017;7;0;10;Львів;Наїзд на пішохода;Інше
п'ятниця;Личаківський;Китайська;наїзд на велосипедиста - поза межами велосипедної доріжки;Невідомо;2;49.821719;24.07539;1;0;1;0;0;2017;6;4;16;Львів;Наїзд на велосипедиста;Інше
середа;Галицький;Дорошенка П.;зіткнення лобове;Невідомо;2;49.840525;24.027872;1;0;1;0;1;2017;8;2;1;Львів;Зіткнення автомобілів;Інше
вівторок;Франківський;Володимира Великого;наїзд на пішохода - на нерегульованому пішохідному переході;Невідомо;3;49.810161;24.002729;1;0;0;2;0;2017;8;1;19;Львів;Наїзд на пішохода;Інше
субота;Сихівський;Червоної Калини, просп.;наїзд на інші види перешкод;порушення правил маневрування;2;49.78281;24.059498;0;0;1;1;0;2017;7;5;2;Львів;Наїзд на перешкоду;Порушення маневрування
четвер;Шевченківський;Шевченка Т.;наїзд на пішохода - на нерегульованому пішохідному переході;Невідомо;2;49.868139;23.952046;1;0;1;0;0;2017;7;3;19;Львів;Наїзд на пішохода;Інше
четвер;Сихівський;Червоної Калини, просп.;наїзд на пішохода - на нерегульованому пішохідному переході;Невідомо;2;49.796156;24.055767;1;0;1;0;0;2017;7;3;18;Львів;Наїзд на пішохода;Інше
п'ятниця;Личаківський;Глинянський Тракт;наїзд на інші види перешкод;недодержання дистанції;1;49.840224;24.090443;0;0;1;0;0;2017;7;4;8;Львів;Наїзд на перешкоду;Недотримання дистанції
субота;Шевченківський;Клепарівська;зіткнення лобове;перевищення встановленої швидкості, перевищення безпечної швидкості, порушення правил обгону;2;49.848454;24.015228;0;0;2;0;0;2017;6;5;12;Львів;Зіткнення автомобілів;Перевищення швидкості
неділя;Шевченківський;Хмельницького Б.;зіткнення лобове;Невідомо;4;49.857924;24.047211;3;0;1;0;0;2017;7;6;18;Львів;Зіткнення автомобілів;Інше
вівторок;Сихівський;Угорська;зіткнення лобове;порушення правил проїзду перехресть;2;49.809517;24.046379;1;0;1;0;0;2017;6;1;13;Львів;Зіткнення автомобілів;Порушення проїзду перехресть
середа;Залізничний;Сяйво;зіткнення з задньою частиною ТЗ;Невідомо;4;49.839353;23.97772;2;0;2;0;0;2017;7;2;8;Львів;Зіткнення автомобілів;Інше
середа;Галицький;Чорновола В., просп.;наїзд на пішохода - на нерегульованому пішохідному переході;невиконання вимог сигналів регулювання;2;49.850457;24.024385;1;0;1;0;1;2017;7;2;8;Львів;Наїзд на пішохода;Інше
вівторок;Шевченківський;Шевченка Т.;зіткнення з задньою частиною ТЗ;Невідомо;3;49.868505;23.95225;2;0;1;0;0;2017;7;1;16;Львів;Зіткнення автомобілів;Інше
п'ятниця;Франківський;Стрийська;наїзд на пішохода - пішохід рухався у зустрічному напрямку;Невідомо;2;49.787699;24.014676;1;0;1;0;0;2017;7;4;13;Львів;Наїзд на пішохода;Інше
середа;Франківський;Наукова;наїзд на пішохода - пішохід рухався у зустрічному напрямку;Невідомо;2;49.803234;24.005234;1;0;1;0;0;2017;6;2;12;Львів;Наїзд на пішохода;Інше
субота;Галицький;Куліша П.;наїзд на пішохода - на нерегульованому пішохідному переході;недодержання дистанції;2;49.8489;24.024348;1;0;0;1;0;2017;7;5;18;Львів;Наїзд на пішохода;Недотримання дистанції
вівторок;Личаківський;Пасічна;наїзд на пішохода - на нерегульованому пішохідному переході;Невідомо;2;49.830107;24.069259;1;1;0;0;0;2017;7;1;18;Львів;Наїзд на пішохода;Інше
четвер;Галицький;Городоцька;наїзд на пішохода - на нерегульованому пішохідному переході;Невідомо;2;49.840377;24.012417;1;1;0;0;0;2017;7;3;9;Львів;Наїзд на пішохода;Інше
п'ятниця;Шевченківський;Чорновола В., просп.;наїзд на пішохода - на нерегульованому пішохідному переході;Невідомо;2;49.857021;24.021735;1;0;1;0;0;2017;6;4;15;Львів;Наїзд на пішохода;Інше
неділя;Сихівський;Стрийська;зіткнення бокове;Невідомо;5;49.774128;24.014032;2;0;3;0;0;2017;8;6;15;Львів;Зіткнення автомобілів;Інше
субота;Франківський;Наукова;зіткнення з задньою частиною ТЗ;невиконання вимог сигналів регулювання;3;49.80395;23.997043;2;0;1;0;0;2017;7;5;22;Львів;Зіткнення автомобілів;Інше
п'ятниця;Личаківський;Хмельницького Б.;наїзд на пішохода - пішохід рухався у зустрічному напрямку;Невідомо;2;49.864436;24.053793;1;0;1;0;0;2017;7;4;18;Львів;Наїзд на пішохода;Інше
вівторок;Личаківський;Медової Печери;наїзд на пішохода - на нерегульованому пішохідному переході;Невідомо;2;49.826969;24.074768;1;0;0;1;0;2017;7;1;12;Львів;Наїзд на пішохода;Інше
четвер;Шевченківський;Чорновола В., просп.;наїзд на пішохода - на нерегульованому пішохідному переході;Невідомо;2;49.85265;24.02357;1;0;0;1;0;2017;6;3;17;Львів;Наїзд на пішохода;Інше
субота;Залізничний;Городоцька;падіння пасажира;Невідомо;1;49.823636;23.93024;0;0;0;1;0;2017;7;5;18;Львів;Падіння пасажира;Інше
п'ятниця;Галицький;Стуса В.;наїзд на інші види перешкод;перевищення безпечної швидкості;1;49.82075;24.039931;0;0;0;1;0;2017;8;4;20;Львів;Наїзд на перешкоду;Перевищення швидкості
четвер;Залізничний;Виговського І.;зіткнення з задньою частиною ТЗ;порушення правил проїзду перехресть;2;49.812197;23.982441;1;0;1;0;0;2017;7;3;15;Львів;Зіткнення автомобілів;Порушення проїзду перехресть
неділя;Галицький;Чорновола В., просп.;наїзд на пішохода - на нерегульованому пішохідному переході;Невідомо;2;49.846666;24.02541;1;0;0;1;0;2017;7;6;10;Львів;Наїзд на пішохода;Інше
четвер;Сихівський;Луганська;наїзд на пішохода - на нерегульованому пішохідному переході;порушення правил маневрування;2;49.809078;24.035554;0;0;1;1;0;2017;7;3;11;Львів;Наїзд на пішохода;Порушення маневрування
четвер;Галицький;Старий Ринок, пл.;наїзд на пішохода - на нерегульованому пішохідному переході;Невідомо;2;49.846092;24.02946;1;0;1;0;0;2017;7;3;23;Львів;Наїзд на пішохода;Інше
неділя;Залізничний;Широка;наїзд на пішохода - пішохід рухався у зустрічному напрямку;Невідомо;2;49.842743;23.962753;1;0;1;0;0;2017;8;6;1;Львів;Наїзд на пішохода;Інше
вівторок;Сихівський;Червоної Калини, просп.;зіткнення з задньою частиною ТЗ;порушення правил проїзду перехресть;2;49.797908;24.051315;1;0;1;0;1;2017;7;1;16;Львів;Зіткнення автомобілів;Порушення проїзду перехресть
четвер;Франківський;Горбачевського І.;наїзд на пішохода - пішохід рухався у зустрічному напрямку;Невідомо;2;49.82973;24.008131;1;0;1;0;0;2017;6;3;14;Львів;Наїзд на пішохода;Інше
вівторок;Шевченківський;Липинського В.;наїзд на пішохода - на нерегульованому пішохідному переході;Невідомо;4;49.863509;24.033322;2;0;1;1;1;2017;7;1;13;Львів;Наїзд на пішохода;Інше
п'ятниця;Франківський;Володимира Великого;зіткнення лобове;порушення правил маневрування, порушення правил проїзду перехресть;3;49.810227;24.001586;0;0;3;0;0;2017;7;4;20;Львів;Зіткнення автомобілів;Порушення маневрування
четвер;Галицький;Під Дубом;наїзд на пішохода - на нерегульованому пішохідному переході;Невідомо;2;49.850125;24.022068;1;0;1;0;0;2017;6;3;14;Львів;Наїзд на пішохода;Інше
понеділок;Личаківський;Пасічна;зіткнення бокове;Невідомо;2;49.811324;24.079397;1;0;1;0;0;2017;7;0;8;Львів;Зіткнення автомобілів;Інше
п'ятниця;Залізничний;Широка;зіткнення з задньою частиною ТЗ;Невідомо;2;49.842736;23.978509;1;0;1;0;0;2017;8;4;8;Львів;Зіткнення автомобілів;Інше
понеділок;Шевченківський;Шевченка Т.;наїзд на пішохода - на нерегульованому пішохідному переході;Невідомо;2;49.871724;23.942406;1;1;0;0;0;2017;7;0;7;Львів;Наїзд на пішохода;Інше
середа;Франківський;Наукова;падіння пасажира;порушення правил маневрування;3;49.80438;23.994634;2;0;1;0;0;2017;7;2;19;Львів;Падіння пасажира;Порушення маневрування
субота;Личаківський;Старознесенська;наїзд на пішохода - пішохід переходив дорогу поза межами пішохідного переходу;Невідомо;1;49.850872;24.057451;0;0;1;0;0;2017;7;5;22;Львів;Наїзд на пішохода;Інше
п'ятниця;Шевченківський;Шевченка Т.;зіткнення з задньою частиною ТЗ;перевищення безпечної швидкості, недодержання дистанції;4;49.871057;23.944241;2;0;2;0;0;2017;7;4;0;Львів;Зіткнення автомобілів;Перевищення швидкості
четвер;Франківський;Наукова;зіткнення з задньою частиною ТЗ;невиконання вимог сигналів регулювання;2;49.80412;23.997424;1;0;1;0;1;2017;7;3;11;Львів;Зіткнення автомобілів;Інше
середа;Залізничний;Сяйво;зіткнення лобове;порушення правил маневрування;2;49.839705;23.977956;1;0;1;0;0;2017;7;2;13;Львів;Зіткнення автомобілів;Порушення маневрування