accidentDay;district;streetName;accidentType;mainAccidentCause;totalParticipantsAmount;latitude;longitude;Count_Без ушкоджень;Count_Загинув;Count_Легко травмований;Count_Тяжко травмований;Is_Intersection;Year;Month;DayOfWeek;Hour;settlement_grouped;Simple_Type;Simple_Cause
вівторок;Залізничний;Кульпарківська;зіткнення з задньою частиною ТЗ;недодержання дистанції;2;49.815904;23.985407;1;0;1;0;0;2017;8;1;19;Львів;Зіткнення автомобілів;Недотримання дистанції
понеділок;Галицький;Таманська;наїзд на пішохода - на нерегульованому пішохідному переході;Невідомо;2;49.845119;24.021016;1;0;1;0;0;2017;7;0;14;Львів;Наїзд на пішохода;Інше
вівторок;Залізничний;Щирецька;падіння пасажира;Невідомо;2;49.810809;23.968477;1;0;1;0;0;2017;7;1;15;Львів;Падіння пасажира;Інше
четвер;Шевченківський;Шевченка Т.;зіткнення бокове;Невідомо;2;49.860072;23.970366;1;0;1;0;1;2017;7;3;8;Львів;Зіткнення автомобілів;Інше
четвер;Залізничний;Городоцька;наїзд на пішохода - на нерегульованому пішохідному переході;Невідомо;3;49.83073;23.968949;2;0;1;0;1;2017;7;3;17;Львів;Наїзд на пішохода;Інше
субота;Франківський;Кульпарківська;зіткнення лобове;невиконання вимог сигналів регулювання;4;49.816762;23.986716;2;0;2;0;0;2017;7;5;20;Львів;Зіткнення автомобілів;Інше
неділя;Галицький;Під Дубом;наїзд на велосипедиста - велосипедист рухався у попутному напрямку;невиконання вимог сигналів регулювання;2;49.850467;24.025345;1;0;0;1;0;2017;7;6;22;Львів;Наїзд на велосипедиста;Інше
п'ятниця;Сихівський;Зелена;наїзд на пішохода - на нерегульованому пішохідному переході;Невідомо;2;49.80644;24.06236;1;0;1;0;0;2017;7;4;16;Львів;Наїзд на пішохода;Інше
вівторок;Шевченківський;Хмельницького Б.;наїзд на велосипедиста - поза межами велосипедної доріжки;порушення правил маневрування, порушення правил проїзду пішохідних переходів;2;49.866386;24.054281;1;0;1;0;0;2017;8;1;11;Львів;Наїзд на велосипедиста;Порушення маневрування
понеділок;Залізничний;Городоцька;зіткнення з задньою частиною ТЗ;Невідомо;1;49.828581;23.956987;0;0;1;0;0;2017;7;0;19;Львів;Зіткнення автомобілів;Інше
четвер;Залізничний;Шевченка Т.;наїзд на інші види перешкод;перевищення безпечної швидкості;1;49.847005;24.003239;0;0;1;0;0;2017;7;3;0;Львів;Наїзд на перешкоду;Перевищення швидкості
вівторок;Сихівський;Червоної Калини, просп.;наїзд на пішохода - на нерегульованому пішохідному переході;Невідомо;2;49.783727;24.059399;1;0;1;0;0;2017;8;1;12;Львів;Наїзд на пішохода;Інше
четвер;Личаківський;Богданівська;зіткнення бокове;перевищення безпечної швидкості, виїзд на смугу зустрічного руху;2;49.845583;24.084821;1;0;1;0;0;2017;6;3;15;Львів;Зіткнення автомобілів;Перевищення швидкості
неділя;Залізничний;Городоцька;наїзд на пішохода - на нерегульованому пішохідному переході;Невідомо;2;49.828581;23.956729;1;1;0;0;0;2017;7;6;20;Львів;Наїзд на пішохода;Інше
середа;Галицький;Чорновола В., просп.;наїзд на пішохода - на нерегульованому пішохідному переході;Невідомо;2;49.848025;24.025796;1;0;1;0;0;2017;8;2;16;Львів;Наїзд на пішохода;Інше
четвер;Галицький;Дорошенка П.;падіння пасажира;Невідомо;2;49.840307;24.027325;1;0;1;0;0;2017;6;3;17;Львів;Падіння пасажира;Інше
понеділок;Шевченківський;Шевченка Т.;наїзд на пішохода - на нерегульованому пішохідному переході;порушення правил маневрування;2;49.869059;23.953242;1;0;1;0;0;2017;7;0;16;Львів;Наїзд на пішохода;Порушення маневрування
неділя;Личаківський;Левицького К.;наїзд на інші види перешкод;перевищення безпечної швидкості;1;49.830907;24.047586;0;0;1;0;0;2017;7;6;15;Львів;Наїзд на перешкоду;Перевищення швидкості
середа;Залізничний;Низинна;наїзд на пішохода - на нерегульованому пішохідному переході;Невідомо;2;49.839816;23.971213;1;0;1;0;0;2017;7;2;14;Львів;Наїзд на пішохода;Інше
середа;Залізничний;Шевченка Т.;падіння пасажира;Невідомо;2;49.850557;23.99281;1;0;1;0;0;2017;6;2;16;Львів;Падіння пасажира;Інше
вівторок;Залізничний;Кульчицької О.;наїзд на пішохода - на нерегульованому пішохідному переході;Невідомо;2;49.817465;23.973407;0;0;1;1;0;2017;7;1;8;Львів;Наїзд на пішохода;Інше
четвер;Галицький;Франка І.;наїзд на інші види перешкод;перевищення безпечної швидкості;1;49.830121;24.031134;0;0;1;0;0;2017;7;3;14;Львів;Наїзд на перешкоду;Перевищення швидкості
субота;Личаківський;Богданівська;зіткнення з задньою частиною ТЗ;перевищення безпечної швидкості;5;49.845386;24.084751;3;0;2;0;0;2017;7;5;13;Львів;Зіткнення автомобілів;Перевищення швидкості
вівторок;Галицький;Винниченка В.;наїзд на пішохода - на нерегульованому пішохідному переході;Невідомо;2;49.840394;24.036654;1;1;0;0;0;2017;6;1;6;Львів;Наїзд на пішохода;Інше
четвер;Франківський;Героїв УПА;наїзд на пішохода - на нерегульованому пішохідному переході;Невідомо;2;49.828086;23.990085;1;0;1;0;1;2017;8;3;23;Львів;Наїзд на пішохода;Інше
середа;Галицький;Свободи, просп.;перекидання ТЗ;Невідомо;1;49.840162;24.028103;0;0;0;1;0;2017;6;2;1;Львів;Перекидання;Інше
четвер;Франківський;Княгині Ольги;наїзд на пішохода - на нерегульованому пішохідному переході;Невідомо;2;49.819085;24.004151;1;0;0;1;0;2017;7;3;13;Львів;Наїзд на пішохода;Інше
субота;Личаківський;Зелена;наїзд на інші види перешкод;Невідомо;1;49.817749;24.059581;0;0;0;1;0;2017;7;5;19;Львів;Наїзд на перешкоду;Інше
середа;Франківський;Наукова;наїзд на пішохода - на нерегульованому пішохідному переході;Невідомо;2;49.804383;23.994623;1;0;0;1;0;2017;7;2;18;Львів;Наїзд на пішохода;Інше
четвер;Шевченківський;Липинського В.;наїзд на велосипедиста - поза межами велосипедної доріжки;порушення правил проїзду пішохідних переходів;2;49.865072;24.050274;1;0;0;1;0;2017;7;3;13;Львів;Наїзд на велосипедиста;Порушення проїзду переходів
середа;Залізничний;Городоцька;зіткнення з задньою частиною ТЗ;невиконання вимог сигналів регулювання;2;49.821593;23.919215;1;0;1;0;0;2017;6;2;12;Львів;Зіткнення автомобілів;Інше
вівторок;Галицький;Городоцька;наїзд на пішохода - на нерегульованому пішохідному переході;неочікуваний вихід на проїзну частину;2;49.837937;24.006549;1;0;1;0;0;2017;7;1;22;Львів;Наїзд на пішохода;Інше
середа;Галицький;Городоцька;зіткнення бокове;порушення правил маневрування;2;49.840325;24.012444;1;0;1;0;0;2017;7;2;23;Львів;Зіткнення автомобілів;Порушення маневрування
вівторок;Франківський;Княгині Ольги;зіткнення з задньою частиною ТЗ;Невідомо;4;49.822629;24.006806;2;0;1;1;0;2017;8;1;9;Львів;Зіткнення автомобілів;Інше
вівторок;Сихівський;Луганська;зіткнення з задньою частиною ТЗ;перевищення безпечної швидкості, порушення правил маневрування;3;49.808441;24.039481;2;0;1;0;0;2017;7;1;15;Львів;Зіткнення автомобілів;Порушення маневрування
вівторок;Личаківський;Погулянка;наїзд на інші види перешкод;керування транспортним засобом у нетверезому стані, перевищення безпечної швидкості;2;49.827616;24.057494;1;0;1;0;1;2017;7;1;23;Львів;Наїзд на перешкоду;Перевищення швидкості
неділя;Залізничний;Виговського І.;зіткнення з задньою частиною ТЗ;порушення правил маневрування, порушення правил проїзду перехресть;3;49.82068;23.968885;2;0;1;0;0;2017;7;6;18;Львів;Зіткнення автомобілів;Порушення маневрування
понеділок;Шевченківський;Липинського В.;наїзд на пішохода - на нерегульованому пішохідному переході;Невідомо;2;49.8629;24.031219;1;0;1;0;1;2017;7;0;9;Львів;Наїзд на пішохода;Інше
п'ятниця;Галицький;Міцкевича А., пл.;наїзд на інші види перешкод;перевищення безпечної швидкості;1;49.839422;24.029406;0;0;1;0;0;2017;7;4;7;Львів;Наїзд на перешкоду;Перевищення швидкості
п'ятниця;Шевченківський;Шевченка Т.;наїзд на пішохода - на нерегульованому пішохідному переході;Невідомо;2;49.871278;23.944477;1;0;1;0;0;2017;7;4;22;Львів;Наїзд на пішохода;Інше
вівторок;Личаківський;Личаківська;зіткнення лобове;порушення правил проїзду перехресть;3;49.839595;24.050451;2;0;1;0;0;2017;7;1;19;Львів;Зіткнення автомобілів;Порушення проїзду перехресть
неділя;Галицький;Городоцька;наїзд на пішохода - на нерегульованому пішохідному переході;Невідомо;2;49.842349;24.017519;1;0;0;1;0;2017;7;6;5;Львів;Наїзд на пішохода;Інше
середа;Франківський;Володимира Великого;наїзд на пішохода - на нерегульованому пішохідному переході;порушення правил проїзду пішохідних переходів;2;49.810185;24.002252;1;0;0;1;0;2017;7;2;11;Львів;Наїзд на пішохода;Порушення проїзду переходів
п'ятниця;Шевченківський;Липинського В.;наїзд на інші види перешкод;Невідомо;1;49.862665;24.030683;0;0;1;0;0;2017;7;4;11;Львів;Наїзд на перешкоду;Інше
п'ятниця;Сихівський;Зубрівська;зіткнення з задньою частиною ТЗ;порушення правил маневрування;2;49.795159;24.05986;1;0;1;0;0;2017;7;4;11;Львів;Зіткнення автомобілів;Порушення маневрування
субота;Шевченківський;Чорновола В., просп.;наїзд на інші види перешкод;порушення правил маневрування;3;49.853684;24.023135;2;0;1;0;1;2017;7;5;17;Львів;Наїзд на перешкоду;Порушення маневрування
п'ятниця;Франківський;Стрийська;наїзд на пішохода - на нерегульованому пішохідному переході;Невідомо;2;49.787741;24.014686;1;0;0;1;0;2017;7;4;13;Львів;Наїзд на пішохода;Інше
четвер;Франківський;Городоцька;зіткнення з задньою частиною ТЗ;Невідомо;4;49.833443;23.983943;2;0;0;2;0;2017;7;3;13;Львів;Зіткнення автомобілів;Інше
п'ятниця;Сихівський;Пасічна;наїзд на пішохода - пішохід переходив дорогу поза межами пішохідного переходу;Невідомо;2;49.807305;24.071324;1;0;0;1;0;2017;7;4;22;Львів;Наїзд на пішохода;Інше
середа;Галицький;Зелена;зіткнення лобове;перевищення безпечної швидкості;2;49.823546;24.052205;1;0;1;0;1;2017;7;2;10;Львів;Зіткнення автомобілів;Перевищення швидкості
понеділок;Шевченківський;Шевченка Т.;зіткнення лобове;порушення правил маневрування;2;49.859788;23.968241;1;0;1;0;1;2017;4;0;18;Львів;Зіткнення автомобілів;Порушення маневрування
п'ятниця;Галицький;Городоцька;наїзд на пішохода - на нерегульованому пішохідному переході;Невідомо;2;49.837892;24.006388;1;0;1;0;0;2017;7;4;21;Львів;Наїзд на пішохода;Інше
п'ятниця;Шевченківський;Чорновола В., просп.;зіткнення бокове;порушення правил проїзду перехресть;2;49.857547;24.021209;1;0;1;0;1;2017;7;4;22;Львів;Зіткнення автомобілів;Порушення проїзду перехресть
вівторок;Галицький;Городоцька;падіння пасажира;Невідомо;2;49.844158;24.024734;1;0;1;0;0;2017;7;1;13;Львів;Падіння пасажира;Інше
середа;Франківський;Кульпарківська;зіткнення з задньою частиною ТЗ;Невідомо;2;49.81715;23.986909;1;0;1;0;1;2017;7;2;20;Львів;Зіткнення автомобілів;Інше
середа;Сихівський;Червоної Калини, просп.;наїзд на пішохода - на регульованому пішохідному переході;Невідомо;2;49.78948;24.058739;1;0;1;0;0;2017;7;2;8;Львів;Наїзд на пішохода;Інше
п'ятниця;Франківський;Наукова;наїзд на пішохода - пішохід рухався у зустрічному напрямку;Невідомо;2;49.805173;23.986588;1;0;1;0;1;2017;8;4;12;Львів;Наїзд на пішохода;Інше
середа;Залізничний;Широка;зіткнення з задньою частиною ТЗ;Невідомо;2;49.841328;23.963842;1;0;1;0;0;2017;6;2;0;Львів;Зіткнення автомобілів;Інше
п'ятниця;Залізничний;Любінська;зіткнення з задньою частиною ТЗ;порушення правил проїзду перехресть;2;49.824089;23.977296;1;0;1;0;1;2017;8;4;21;Львів;Зіткнення автомобілів;Порушення проїзду перехресть
субота;Залізничний;Городоцька;падіння пасажира;Невідомо;2;49.830107;23.965473;1;0;1;0;0;2017;9;5;18;Львів;Падіння пасажира;Інше
п'ятниця;Шевченківський;Шевченка Т.;зіткнення з задньою частиною ТЗ;порушення правил маневрування;2;49.856399;23.981432;1;0;1;0;0;2017;8;4;18;Львів;Зіткнення автомобілів;Порушення маневрування
понеділок;Сихівський;Зелена;наїзд на пішохода - на нерегульованому пішохідному переході;Невідомо;2;49.801679;24.065804;1;0;1;0;0;2017;8;0;20;Львів;Наїзд на пішохода;Інше
п'ятниця;Личаківський;Личаківська;зіткнення бокове;недодержання дистанції;6;49.832142;24.091907;4;0;2;0;0;2017;9;4;15;Львів;Зіткнення автомобілів;Недотримання дистанції
вівторок;Залізничний;Виговського І.;наїзд на пішохода - пішохід рухався у зустрічному напрямку;Невідомо;2;49.812166;23.982543;1;1;0;0;0;2017;8;1;22;Львів;Наїзд на пішохода;Інше
середа;Залізничний;Петлюри С.;зіткнення лобове;Невідомо;9;49.824065;23.977318;1;0;2;6;1;2017;9;2;14;Львів;Зіткнення автомобілів;Інше
п'ятниця;Франківський;Багряного І.;наїзд на пішохода - на нерегульованому пішохідному переході;Невідомо;2;49.827128;23.980317;1;0;1;0;0;2017;8;4;2;Львів;Наїзд на пішохода;Інше
четвер;Галицький;Чорновола В., просп.;наїзд на пішохода - пішохід рухався у зустрічному напрямку;Невідомо;2;49.846375;24.025362;1;0;0;1;1;2017;8;3;0;Львів;Наїзд на пішохода;Інше
п'ятниця;Сихівський;Червоної Калини, просп.;наїзд на пішохода - пішохід рухався у зустрічному напрямку;пішохід у нетверезому стані;2;49.81309;24.045601;1;1;0;0;0;2017;9;4;20;Львів;Наїзд на пішохода;Порушення проїзду переходів
четвер;Франківський;Стрийська;наїзд на велосипедиста - поза межами велосипедної доріжки;Невідомо;2;49.812979;24.019638;0;0;2;0;0;2017;9;3;17;Львів;Наїзд на велосипедиста;Інше
понеділок;Галицький;Франка І.;наїзд на пішохода - пішохід рухався у зустрічному напрямку;перевищення безпечної швидкості, порушення правил проїзду пішохідних переходів;2;49.828104;24.033751;1;0;1;0;0;2017;8;0;12;Львів;Наїзд на пішохода;Перевищення швидкості
вівторок;Шевченківський;Варшавська;зіткнення лобове;перевищення безпечної швидкості;4;49.864007;24.006586;1;0;3;0;1;2017;8;1;20;Львів;Зіткнення автомобілів;Перевищення швидкості
понеділок;Галицький;Городоцька;наїзд на пішохода - пішохід рухався у зустрічному напрямку;Невідомо;2;49.839048;24.009113;1;0;0;1;0;2017;9;0;20;Львів;Наїзд на пішохода;Інше
вівторок;Шевченківський;Хвильового М.;наїзд на пішохода - пішохід рухався у зустрічному напрямку;Невідомо;2;49.869304;24.035618;1;0;1;0;0;2017;8;1;3;Львів;Наїзд на пішохода;Інше
неділя;Залізничний;Кульпарківська;наїзд на пішохода - на регульованому пішохідному переході;Невідомо;3;49.83463;23.990943;1;0;2;0;0;2017;9;6;12;Львів;Наїзд на пішохода;Інше
вівторок;Шевченківський;Мазепи І., гетьм.;наїзд на пішохода - пішохід рухався у зустрічному напрямку;Невідомо;2;49.871282;24.033097;1;0;0;1;0;2017;8;1;10;Львів;Наїзд на пішохода;Інше
понеділок;Залізничний;Городоцька;зіткнення бокове;порушення правил надання безперешкодного проїзду;2;49.822688;23.925197;1;0;1;0;0;2017;9;0;18;Львів;Зіткнення автомобілів;Інше
субота;Франківський;Княгині Ольги;падіння пасажира;Невідомо;2;49.812955;24.000669;1;0;0;1;0;2017;9;5;16;Львів;Падіння пасажира;Інше
четвер;Галицький;Ангеловича А., митр.;наїзд на пішохода - пішохід рухався у зустрічному напрямку;Невідомо;2;49.835692;24.008163;1;0;1;0;0;2017;8;3;12;Львів;Наїзд на пішохода;Інше
середа;Франківський;Наукова;падіння пасажира;Невідомо;2;49.804951;23.986523;1;0;1;0;0;2017;8;2;9;Львів;Падіння пасажира;Інше
четвер;Сихівський;Червоної Калини, просп.;наїзд на пішохода - пішохід рухався у зустрічному напрямку;Невідомо;2;49.783692;24.060246;1;0;1;0;0;2017;8;3;13;Львів;Наїзд на пішохода;Інше
неділя;Залізничний;Виговського І.;наїзд на пішохода - пішохід рухався у зустрічному напрямку;Невідомо;2;49.82917;23.968102;1;0;0;1;0;2017;9;6;19;Львів;Наїзд на пішохода;Інше
понеділок;Галицький;Друкарська;наїзд на пішохода - пішохід рухався у зустрічному напрямку;Невідомо;2;49.844144;24.03204;1;0;1;0;1;2017;9;0;9;Львів;Наїзд на пішохода;Інше
п'ятниця;Личаківський;Івасюка В.;наїзд на пішохода - пішохід рухався у зустрічному напрямку;порушення правил проїзду перехресть;3;49.829417;24.044676;1;0;2;0;0;2017;8;4;10;Львів;Наїзд на пішохода;Порушення проїзду перехресть
понеділок;Залізничний;Любінська;зіткнення з задньою частиною ТЗ;Невідомо;5;49.823999;23.977076;2;0;3;0;0;2017;9;0;14;Львів;Зіткнення автомобілів;Інше
понеділок;Залізничний;Виговського І.;наїзд на пішохода - пішохід рухався у зустрічному напрямку;Невідомо;2;49.820729;23.968847;1;0;1;0;0;2017;9;0;9;Львів;Наїзд на пішохода;Інше
неділя;Сихівський;Зелена;наїзд на пішохода - пішохід рухався у зустрічному напрямку;Невідомо;2;49.790574;24.074264;1;0;0;1;0;2017;9;6;19;Львів;Наїзд на пішохода;Інше
середа;Залізничний;Городоцька;падіння пасажира;Невідомо;2;49.821082;23.916104;1;0;1;0;0;2017;9;2;11;Львів;Падіння пасажира;Інше
середа;Сихівський;Навроцького В.;наїзд на пішохода - на нерегульованому пішохідному переході;перехід у невстановленому місці, неочікуваний вихід на проїзну частину;2;49.811736;24.045897;1;0;1;0;0;2017;8;2;13;Львів;Наїзд на пішохода;Інше
неділя;Залізничний;Левандівська;наїзд на пішохода - пішохід рухався у зустрічному напрямку;Невідомо;2;49.846562;23.989677;1;0;0;1;0;2017;9;6;20;Львів;Наїзд на пішохода;Інше
п'ятниця;Франківський;Мельника А.;наїзд на пішохода - пішохід рухався у зустрічному напрямку;Невідомо;2;49.830464;24.004354;1;0;1;0;0;2017;8;4;11;Львів;Наїзд на пішохода;Інше
вівторок;Шевченківський;Бетховена Л.;зіткнення бокове;невиконання вимог сигналів регулювання;2;49.863509;24.03329;1;0;1;0;1;2017;9;1;13;Львів;Зіткнення автомобілів;Інше
середа;Галицький;Франка І.;наїзд на пішохода - пішохід рухався у зустрічному напрямку;Невідомо;2;49.832803;24.033853;1;0;1;0;0;2017;9;2;8;Львів;Наїзд на пішохода;Інше
понеділок;Личаківський;Хмельницького Б.;наїзд на пішохода - на нерегульованому пішохідному переході;неочікуваний вихід на проїзну частину;2;49.859096;24.048235;1;0;1;0;0;2017;8;0;18;Львів;Наїзд на пішохода;Інше
четвер;Франківський;Симоненка В.;наїзд на пішохода - пішохід рухався у зустрічному напрямку;Невідомо;5;49.805228;23.986598;1;0;4;0;1;2017;9;3;8;Львів;Наїзд на пішохода;Інше
субота;Шевченківський;Варшавська;зіткнення з задньою частиною ТЗ;Невідомо;2;49.859377;24.00974;1;0;0;1;0;2017;8;5;9;Львів;Зіткнення автомобілів;Інше
четвер;Шевченківський;Шевченка Т.;наїзд на пішохода - пішохід рухався у зустрічному напрямку;неочікуваний вихід на проїзну частину;2;49.852947;23.987778;1;0;1;0;0;2017;9;3;21;Львів;Наїзд на пішохода;Інше
вівторок;Личаківський;Личаківська;зіткнення бокове;порушення правил проїзду перехресть;3;49.834983;24.083313;2;0;1;0;0;2017;8;1;11;Львів;Зіткнення автомобілів;Порушення проїзду перехресть
середа;Залізничний;Шевченка Т.;наїзд на пішохода - на нерегульованому пішохідному переході;перевищення безпечної швидкості;2;49.851436;23.990842;1;0;0;1;0;2017;8;2;11;Львів;Наїзд на пішохода;Перевищення швидкості
четвер;Сихівський;Хуторівка;наїзд на пішохода - пішохід рухався у зустрічному напрямку;порушення правил маневрування;2;49.802115;24.030887;1;0;1;0;0;2017;8;3;9;Львів;Наїзд на пішохода;Порушення маневрування
вівторок;Галицький;Стуса В.;падіння пасажира;Невідомо;2;49.823214;24.038322;1;0;1;0;0;2017;9;1;9;Львів;Падіння пасажира;Інше
середа;Сихівський;Червоної Калини, просп.;зіткнення з задньою частиною ТЗ;перевищення безпечної швидкості, недодержання дистанції;3;49.793535;24.05877;2;0;1;0;0;2017;8;2;20;Львів;Зіткнення автомобілів;Перевищення швидкості
субота;Сихівський;Сихівська;наїзд на пішохода - пішохід рухався у зустрічному напрямку;Невідомо;2;49.795561;24.069157;1;0;0;1;1;2017;9;5;14;Львів;Наїзд на пішохода;Інше
п'ятниця;Шевченківський;Шевченка Т.;зіткнення бокове;порушення правил маневрування;3;49.870694;23.945126;1;0;0;2;0;2017;9;4;20;Львів;Зіткнення автомобілів;Порушення маневрування
четвер;Шевченківський;Хмельницького Б.;наїзд на пішохода - на нерегульованому пішохідному переході;порушення правил маневрування;2;49.851965;24.032185;1;0;1;0;0;2017;8;3;19;Львів;Наїзд на пішохода;Порушення маневрування
понеділок;Франківський;Кульпарківська;зіткнення лобове;порушення правил маневрування;2;49.828821;23.99014;1;0;0;1;1;2017;9;0;10;Львів;Зіткнення автомобілів;Порушення маневрування
понеділок;Галицький;Дорошенка П.;наїзд на велосипедиста - велосипедист рухався у попутному напрямку;порушення правил маневрування;2;49.836571;24.02092;1;0;1;0;0;2017;5;0;9;Львів;Наїзд на велосипедиста;Порушення маневрування
субота;Франківський;Боткіна С.;зіткнення бокове;порушення правил маневрування;3;49.813869;23.992038;1;0;0;2;0;2017;9;5;19;Львів;Зіткнення автомобілів;Порушення маневрування
неділя;Франківський;Княгині Ольги;зіткнення з задньою частиною ТЗ;Невідомо;2;49.818649;24.004156;1;0;1;0;0;2017;8;6;14;Львів;Зіткнення автомобілів;Інше
четвер;Шевченківський;Чорновола В., просп.;наїзд на пішохода - пішохід рухався у зустрічному напрямку;порушення правил проїзду пішохідних переходів;2;49.857281;24.02115;1;0;1;0;0;2017;9;3;17;Львів;Наїзд на пішохода;Порушення проїзду переходів
четвер;Шевченківський;Східна;наїзд на пішохода - пішохід рухався у зустрічному напрямку;Невідомо;2;49.858664;24.032598;1;0;1;0;0;2017;8;3;12;Львів;Наїзд на пішохода;Інше
субота;Франківський;Стрийська;зіткнення з задньою частиною ТЗ;перевищення безпечної швидкості, недодержання дистанції;4;49.801821;24.017851;3;0;1;0;1;2017;8;5;16;Львів;Зіткнення автомобілів;Перевищення швидкості
неділя;Франківський;Наукова;зіткнення з задньою частиною ТЗ;Невідомо;3;49.804023;23.99884;2;0;1;0;0;2017;8;6;12;Львів;Зіткнення автомобілів;Інше
п'ятниця;Франківський;Княгині Ольги;наїзд на велосипедиста - велосипедист рухався у попутному напрямку;порушення правил маневрування;2;49.815901;24.002268;1;0;1;0;0;2017;8;4;20;Львів;Наїзд на велосипедиста;Порушення маневрування
вівторок;Франківський;Коновальця Є.;наїзд на пішохода - на нерегульованому пішохідному переході;перехід у невстановленому місці, неочікуваний вихід на проїзну частину;2;49.827076;23.997611;1;0;1;0;0;2017;8;1;20;Львів;Наїзд на пішохода;Інше
вівторок;Залізничний;Щирецька;падіння пасажира;Невідомо;2;49.810116;23.972962;1;0;1;0;0;2017;8;1;18;Львів;Падіння пасажира;Інше
четвер;Шевченківський;Шевченка Т.;зіткнення бокове;Невідомо;2;49.86048;23.969411;1;0;1;0;0;2017;8;3;19;Львів;Зіткнення автомобілів;Інше
четвер;Шевченківський;Хімічна;наїзд на пішохода - пішохід рухався у зустрічному напрямку;Невідомо;2;49.853795;24.023253;1;0;1;0;1;2017;8;3;22;Львів;Наїзд на пішохода;Інше
вівторок;Шевченківський;Липинського В.;зіткнення лобове;Невідомо;3;49.864425;24.037421;2;0;1;0;0;2017;9;1;11;Львів;Зіткнення автомобілів;Інше
субота;Галицький;Університетська;зіткнення бокове;невиконання вимог сигналів регулювання;3;49.840601;24.021236;1;0;2;0;0;2017;9;5;2;Львів;Зіткнення автомобілів;Інше
середа;Шевченківський;Липинського В.;зіткнення лобове;перевищення безпечної швидкості, недодержання дистанції;4;49.865272;24.047189;2;0;2;0;0;2017;8;2;10;Львів;Зіткнення автомобілів;Перевищення швидкості
субота;Залізничний;Кульпарківська;наїзд на транспортний засіб, що стоїть - по ходу руху;перевищення безпечної швидкості;4;49.815077;23.981985;2;0;1;1;0;2017;8;5;2;Львів;Інше;Перевищення швидкості
вівторок;Личаківський;Пасічна;наїзд на інші види перешкод;Невідомо;1;49.830754;24.068427;0;0;1;0;0;2017;9;1;12;Львів;Наїзд на перешкоду;Інше
понеділок;Залізничний;Любінська;наїзд на пішохода - пішохід рухався у зустрічному напрямку;перехід у невстановленому місці;2;49.82111;23.970162;1;0;1;0;0;2017;9;0;8;Львів;Наїзд на пішохода;Інше
вівторок;Галицький;Вороного М.;наїзд на пішохода - пішохід рухався у зустрічному напрямку;недодержання дистанції;3;49.838474;24.030136;2;0;1;0;0;2017;8;1;19;Львів;Наїзд на пішохода;Недотримання дистанції
понеділок;Залізничний;Патона Є.;наїзд на пішохода - пішохід рухався у зустрічному напрямку;Невідомо;2;49.822684;23.965457;0;0;2;0;0;2017;8;0;15;Львів;Наїзд на пішохода;Інше
понеділок;Галицький;Свободи, просп.;наїзд на пішохода - пішохід рухався у зустрічному напрямку;Невідомо;2;49.844203;24.025737;1;0;1;0;0;2017;9;0;13;Львів;Наїзд на пішохода;Інше
понеділок;Галицький;Городоцька;наїзд на пішохода - пішохід рухався у зустрічному напрямку;Невідомо;2;49.844196;24.024659;1;0;1;0;0;2017;9;0;19;Львів;Наїзд на пішохода;Інше
понеділок;Галицький;Чорновола В., просп.;наїзд на пішохода - пішохід рухався у зустрічному напрямку;Невідомо;3;49.848233;24.025818;0;0;2;1;0;2017;9;0;18;Львів;Наїзд на пішохода;Інше
п'ятниця;Личаківський;Пасічна;наїзд на пішохода - пішохід рухався у зустрічному напрямку;Невідомо;2;49.81652;24.077423;0;0;2;0;1;2017;9;4;0;Львів;Наїзд на пішохода;Інше
четвер;Залізничний;Городоцька;падіння пасажира;Невідомо;2;49.835979;23.997209;1;0;0;1;0;2017;8;3;11;Львів;Падіння пасажира;Інше
четвер;Залізничний;Сяйво;наїзд на транспортний засіб, що стоїть - по ходу руху;перевищення безпечної швидкості;3;49.844424;23.97897;2;0;1;0;0;2017;8;3;22;Львів;Інше;Перевищення швидкості
неділя;Шевченківський;Грінченка Б.;наїзд на пішохода - пішохід рухався у зустрічному напрямку;Невідомо;2;49.871932;24.052312;1;0;0;1;0;2017;8;6;10;Львів;Наїзд на пішохода;Інше
середа;Франківський;Княгині Ольги;наїзд на пішохода - пішохід рухався у зустрічному напрямку;Невідомо;2;49.808482;23.996147;1;0;0;1;0;2017;8;2;17;Львів;Наїзд на пішохода;Інше
субота;Шевченківський;Липинського В.;зіткнення з задньою частиною ТЗ;порушення правил маневрування;3;49.86529;24.045601;2;0;1;0;1;2017;8;5;18;Львів;Зіткнення автомобілів;Порушення маневрування
п'ятниця;Франківський;Рубчака І.;зіткнення з задньою частиною ТЗ;перевищення безпечної швидкості, недодержання дистанції;2;49.805617;24.016224;1;0;1;0;0;2017;9;4;9;Львів;Зіткнення автомобілів;Перевищення швидкості
понеділок;Франківський;Княгині Ольги;наїзд на велосипедиста - поза межами велосипедної доріжки;порушення правил маневрування;2;49.804113;23.997287;1;0;1;0;1;2017;9;0;19;Львів;Наїзд на велосипедиста;Порушення маневрування
п'ятниця;Личаківський;Хмельницького Б.;зіткнення з задньою частиною ТЗ;Невідомо;2;49.871258;24.058363;1;0;1;0;0;2017;9;4;15;Львів;Зіткнення автомобілів;Інше
п'ятниця;Галицький;Чорновола В., просп.;наїзд на пішохода - пішохід рухався у зустрічному напрямку;Невідомо;3;49.84668;24.025608;1;0;2;0;0;2017;9;4;3;Львів;Наїзд на пішохода;Інше
п'ятниця;Франківський;Наукова;наїзд на велосипедиста - поза межами велосипедної доріжки;порушення правил маневрування;2;49.803808;24.000428;1;0;1;0;0;2017;9;4;20;Львів;Наїзд на велосипедиста;Порушення маневрування
п'ятниця;Залізничний;Виговського І.;наїзд на пішохода - пішохід рухався у зустрічному напрямку;Невідомо;2;49.815655;23.973396;1;0;1;0;0;2017;8;4;15;Львів;Наїзд на пішохода;Інше
середа;Шевченківський;Величковського І.;зіткнення бокове;перевищення безпечної швидкості;4;49.874276;23.928705;2;0;2;0;0;2017;8;2;23;Львів;Зіткнення автомобілів;Перевищення швидкості
п'ятниця;Франківський;Наукова;наїзд на пішохода - пішохід рухався у зустрічному напрямку;Невідомо;2;49.804549;23.9931;1;0;0;1;0;2017;9;4;14;Львів;Наїзд на пішохода;Інше
понеділок;Сихівський;Червоної Калини, просп.;зіткнення з задньою частиною ТЗ;перевищення безпечної швидкості, недодержання дистанції;2;49.799322;24.048255;1;0;1;0;0;2017;9;0;14;Львів;Зіткнення автомобілів;Перевищення швидкості
п'ятниця;Галицький;Городоцька;наїзд на пішохода - на нерегульованому пішохідному переході;Невідомо;2;49.838052;24.006688;1;0;1;0;0;2017;7;4;21;Львів;Наїзд на пішохода;Інше
четвер;Франківський;Стрийська;наїзд на пішохода - пішохід рухався у зустрічному напрямку;Невідомо;2;49.801849;24.017948;0;1;1;0;1;2017;9;3;23;Львів;Наїзд на пішохода;Інше