accidentDay;district;streetName;accidentType;mainAccidentCause;totalParticipantsAmount;latitude;longitude;Count_Без ушкоджень;Count_Загинув;Count_Легко травмований;Count_Тяжко травмований;Is_Intersection;Year;Month;DayOfWeek;Hour;settlement_grouped;Simple_Type;Simple_Cause
понеділок;Галицький;Бандери С.;зіткнення лобове;порушення правил проїзду перехресть;3;49.834699;24.017095;0;0;3;0;1;2017;9;0;17;Львів;Зіткнення автомобілів;Порушення проїзду перехресть
вівторок;Галицький;Чорновола В., просп.;падіння пасажира;Невідомо;2;49.846552;24.025614;1;0;0;1;0;2017;8;1;15;Львів;Падіння пасажира;Інше
середа;Залізничний;Виговського І.;зіткнення бокове;Невідомо;4;49.813145;23.977704;2;0;1;1;0;2017;8;2;11;Львів;Зіткнення автомобілів;Інше
понеділок;Шевченківський;Шевченка Т.;зіткнення з задньою частиною ТЗ;недодержання дистанції;2;49.871063;23.94509;1;0;1;0;0;2017;9;0;11;Львів;Зіткнення автомобілів;Недотримання дистанції
середа;Сихівський;Хоткевича Г.;наїзд на інші види перешкод;перевищення безпечної швидкості;2;49.794858;24.046803;0;0;2;0;0;2017;8;2;10;Львів;Наїзд на перешкоду;Перевищення швидкості
четвер;Личаківський;Туган-Барановського М.;наїзд на пішохода - пішохід рухався у зустрічному напрямку;Невідомо;2;49.836003;24.041015;1;0;0;1;0;2017;8;3;13;Львів;Наїзд на пішохода;Інше
понеділок;Залізничний;Широка;зіткнення бокове;Невідомо;2;49.842546;23.977232;1;0;1;0;0;2017;8;0;17;Львів;Зіткнення автомобілів;Інше
четвер;Шевченківський;Шевченка Т.;наїзд на пішохода - пішохід рухався у зустрічному напрямку;порушення правил проїзду пішохідних переходів;3;49.842933;24.015952;1;0;2;0;0;2017;8;3;9;Львів;Наїзд на пішохода;Порушення проїзду переходів
понеділок;Франківський;Тролейбусна;наїзд на пішохода - пішохід рухався у зустрічному напрямку;перехід у невстановленому місці;2;49.807132;24.007369;1;0;1;0;0;2017;9;0;8;Львів;Наїзд на пішохода;Інше
вівторок;Франківський;Володимира Великого;зіткнення з задньою частиною ТЗ;перевищення безпечної швидкості, порушення правил маневрування, недодержання дистанції;3;49.809029;24.011682;2;0;1;0;0;2017;8;1;22;Львів;Зіткнення автомобілів;Порушення маневрування
середа;Сихівський;Луганська;зіткнення лобове;порушення правил маневрування;2;49.809812;24.031193;1;0;1;0;1;2017;9;2;13;Львів;Зіткнення автомобілів;Порушення маневрування
неділя;Галицький;Городоцька;зіткнення бокове;Невідомо;3;49.843141;24.022062;1;0;1;1;1;2017;9;6;0;Львів;Зіткнення автомобілів;Інше
вівторок;Залізничний;Суботівська;наїзд на пішохода - пішохід рухався у зустрічному напрямку;порушення правил проїзду пішохідних переходів;2;49.846136;23.966546;1;0;1;0;0;2017;10;1;14;Львів;Наїзд на пішохода;Порушення проїзду переходів
четвер;Галицький;Бенедиктовича Ю.;наїзд на пішохода - пішохід рухався у зустрічному напрямку;порушення правил маневрування, порушення правил проїзду пішохідних переходів;2;49.842093;24.015625;1;0;1;0;0;2017;10;3;20;Львів;Наїзд на пішохода;Порушення маневрування
середа;Шевченківський;Замарстинівська;зіткнення з задньою частиною ТЗ;перевищення безпечної швидкості, недодержання дистанції;4;49.869166;24.023023;2;0;2;0;1;2017;10;2;12;Львів;Зіткнення автомобілів;Перевищення швидкості
п'ятниця;Шевченківський;Шевченка Т.;наїзд на пішохода - стояв на проїздній частині;Невідомо;2;49.872796;23.928512;1;0;1;0;1;2017;9;4;14;Львів;Наїзд на пішохода;Інше
неділя;Галицький;Стрийська;зіткнення з задньою частиною ТЗ;недодержання дистанції;2;49.827242;24.028886;1;0;1;0;0;2017;10;6;7;Львів;Зіткнення автомобілів;Недотримання дистанції
середа;Залізничний;Кульпарківська;зіткнення з задньою частиною ТЗ;порушення правил маневрування;3;49.804729;23.980982;1;0;2;0;0;2017;9;2;20;Львів;Зіткнення автомобілів;Порушення маневрування
середа;Франківський;Окружна;зіткнення бокове;порушення правил проїзду перехресть;5;49.829727;23.979673;0;0;5;0;1;2017;10;2;10;Львів;Зіткнення автомобілів;Порушення проїзду перехресть
середа;Шевченківський;Липинського В.;зіткнення лобове;порушення правил маневрування;2;49.865321;24.045596;1;0;1;0;1;2017;10;2;12;Львів;Зіткнення автомобілів;Порушення маневрування
п'ятниця;Личаківський;Мечникова І.;зіткнення бокове;порушення правил проїзду перехресть;2;49.834979;24.052806;1;0;1;0;0;2017;10;4;15;Львів;Зіткнення автомобілів;Порушення проїзду перехресть
п'ятниця;Залізничний;Широка;падіння пасажира;Невідомо;2;49.841747;23.967619;1;0;1;0;0;2017;9;4;15;Львів;Падіння пасажира;Інше
вівторок;Франківський;Стрийська;зіткнення бокове;перевищення безпечної швидкості;3;49.820722;24.020448;2;0;1;0;0;2017;10;1;18;Львів;Зіткнення автомобілів;Перевищення швидкості
понеділок;Шевченківський;Мазепи І., гетьм.;наїзд на пішохода - стояв на проїздній частині;порушення правил проїзду пішохідних переходів;2;49.871603;24.038365;1;0;0;1;0;2017;10;0;16;Львів;Наїзд на пішохода;Порушення проїзду переходів
неділя;Шевченківський;Шевченка Т.;зіткнення бокове;Невідомо;4;49.871496;23.942213;0;0;4;0;0;2017;10;6;23;Львів;Зіткнення автомобілів;Інше
вівторок;Шевченківський;Шевченка Т.;наїзд на пішохода - пішохід рухався у зустрічному напрямку;порушення правил проїзду пішохідних переходів;3;49.866358;23.956633;1;0;2;0;0;2017;9;1;19;Львів;Наїзд на пішохода;Порушення проїзду переходів
п'ятниця;Личаківський;Мечникова І.;наїзд на пішохода - стояв на проїздній частині;порушення правил маневрування;2;49.831703;24.049383;1;0;1;0;0;2017;10;4;15;Львів;Наїзд на пішохода;Порушення маневрування
субота;Залізничний;Кульпарківська;зіткнення з задньою частиною ТЗ;перевищення безпечної швидкості;3;49.802832;23.980687;0;0;3;0;0;2017;10;5;18;Львів;Зіткнення автомобілів;Перевищення швидкості
неділя;Сихівський;Червоної Калини, просп.;наїзд на пішохода - стояв на проїздній частині;Невідомо;2;49.785407;24.059308;0;0;2;0;0;2017;9;6;22;Львів;Наїзд на пішохода;Інше
субота;Шевченківський;Хмельницького Б.;наїзд на пішохода - пішохід рухався у зустрічному напрямку;Невідомо;3;49.862852;24.051433;1;0;1;1;0;2017;10;5;13;Львів;Наїзд на пішохода;Інше
неділя;Сихівський;Полуботка П.;наїзд на пішохода - стояв на проїздній частині;Невідомо;3;49.793535;24.068862;1;2;0;0;0;2017;9;6;12;Львів;Наїзд на пішохода;Інше
вівторок;Галицький;Зелена;наїзд на пішохода - пішохід рухався у зустрічному напрямку;порушення правил проїзду пішохідних переходів;3;49.82591;24.04537;1;0;2;0;0;2017;9;1;13;Львів;Наїзд на пішохода;Порушення проїзду переходів
середа;Шевченківський;Шевченка Т.;зіткнення лобове;порушення правил проїзду перехресть;5;49.861199;23.96764;2;0;3;0;0;2017;9;2;8;Львів;Зіткнення автомобілів;Порушення проїзду перехресть
вівторок;Шевченківський;Тунельна;зіткнення з задньою частиною ТЗ;недодержання дистанції;2;49.862928;24.004505;1;0;1;0;0;2017;10;1;13;Львів;Зіткнення автомобілів;Недотримання дистанції
вівторок;Галицький;Гуцульська;зіткнення з задньою частиною ТЗ;недодержання дистанції;2;49.84375;24.038483;1;0;1;0;0;2017;10;1;11;Львів;Зіткнення автомобілів;Недотримання дистанції
вівторок;Франківський;Федьковича Ю.;наїзд на пішохода - пішохід рухався у зустрічному напрямку;Невідомо;2;49.834858;24.00208;1;0;1;0;0;2017;10;1;18;Львів;Наїзд на пішохода;Інше
неділя;Личаківський;Пасічна;наїзд на пішохода - пішохід переходив дорогу поза межами пішохідного переходу;Невідомо;2;49.82882;24.069382;1;0;1;0;0;2017;9;6;19;Львів;Наїзд на пішохода;Інше
четвер;Галицький;Бандери С.;зіткнення бокове;Невідомо;3;49.834699;24.01709;2;0;1;0;0;2017;9;3;17;Львів;Зіткнення автомобілів;Інше
п'ятниця;Галицький;Чорновола В., просп.;наїзд на пішохода - стояв на проїздній частині;Невідомо;2;49.846185;24.025351;1;0;1;0;0;2017;10;4;2;Львів;Наїзд на пішохода;Інше
субота;Галицький;Стрийська;наїзд на пішохода - стояв на проїздній частині;Невідомо;2;49.82846;24.03138;1;1;0;0;0;2017;10;5;23;Львів;Наїзд на пішохода;Інше
субота;Франківський;Княгині Ольги;зіткнення бокове;порушення правил маневрування;3;49.825588;24.008807;2;0;1;0;0;2017;9;5;14;Львів;Зіткнення автомобілів;Порушення маневрування
вівторок;Галицький;Городоцька;зіткнення з задньою частиною ТЗ;Невідомо;5;49.839304;24.009891;2;0;3;0;0;2017;9;1;17;Львів;Зіткнення автомобілів;Інше
вівторок;Сихівський;Хуторівка;наїзд на пішохода - пішохід переходив дорогу поза межами пішохідного переходу;Невідомо;2;49.800014;24.033;1;0;1;0;0;2017;9;1;8;Львів;Наїзд на пішохода;Інше
середа;Франківський;Тролейбусна;зіткнення лобове;порушення правил маневрування, виїзд на смугу зустрічного руху;2;49.805359;24.006945;0;0;2;0;0;2017;10;2;20;Львів;Зіткнення автомобілів;Порушення маневрування
субота;Личаківський;Личаківська;наїзд на пішохода - пішохід рухався у зустрічному напрямку;порушення правил проїзду пішохідних переходів;2;49.839782;24.037362;1;0;1;0;0;2017;10;5;19;Львів;Наїзд на пішохода;Порушення проїзду переходів
субота;Личаківський;Личаківська;наїзд на пішохода - стояв на проїздній частині;перевищення безпечної швидкості;3;49.840024;24.049008;2;0;1;0;0;2017;9;5;20;Львів;Наїзд на пішохода;Перевищення швидкості
понеділок;Франківський;Сахарова А., акад.;зіткнення лобове;порушення правил маневрування;2;49.831197;24.015958;1;0;1;0;0;2017;10;0;8;Львів;Зіткнення автомобілів;Порушення маневрування
вівторок;Залізничний;Петлюри С.;наїзд на пішохода - пішохід рухався у зустрічному напрямку;недодержання дистанції;2;49.822895;23.978616;1;0;1;0;1;2017;10;1;15;Львів;Наїзд на пішохода;Недотримання дистанції
середа;Шевченківський;Миколайчука І.;зіткнення бокове;невиконання вимог сигналів регулювання;5;49.872198;24.0422;2;0;3;0;1;2017;9;2;17;Львів;Зіткнення автомобілів;Інше
понеділок;Шевченківський;Липинського В.;зіткнення з задньою частиною ТЗ;перевищення безпечної швидкості, недодержання дистанції;7;49.865241;24.048536;4;0;2;1;0;2017;10;0;19;Львів;Зіткнення автомобілів;Перевищення швидкості
понеділок;Франківський;Володимира Великого;наїзд на велосипедиста - поза межами велосипедної доріжки;Невідомо;2;49.810092;24.004768;1;0;0;1;0;2017;10;0;13;Львів;Наїзд на велосипедиста;Інше
субота;Шевченківський;Липинського В.;перекидання ТЗ;Невідомо;2;49.856274;24.019933;0;1;0;1;0;2017;10;5;1;Львів;Перекидання;Інше
понеділок;Шевченківський;Грінченка Б.;зіткнення бокове;Невідомо;2;49.871821;24.052629;1;0;1;0;0;2017;10;0;21;Львів;Зіткнення автомобілів;Інше
субота;Шевченківський;Розточчя;наїзд на транспортний засіб, що стоїть - по ходу руху;керування транспортним засобом у нетверезому стані, перевищення безпечної швидкості, порушення правил маневрування, недодержання дистанції;3;49.877712;24.042774;2;0;1;0;1;2017;10;5;22;Львів;Інше;Порушення маневрування
п'ятниця;Галицький;Франка І.;наїзд на пішохода - на нерегульованому пішохідному переході;Невідомо;2;49.830166;24.031724;1;0;1;0;0;2017;9;4;21;Львів;Наїзд на пішохода;Інше
четвер;Франківський;Володимира Великого;зіткнення з задньою частиною ТЗ;перевищення безпечної швидкості, недодержання дистанції;4;49.811615;23.988017;3;0;1;0;0;2017;10;3;14;Львів;Зіткнення автомобілів;Перевищення швидкості
п'ятниця;Франківський;Кульпарківська;наїзд на пішохода - стояв на проїздній частині;Невідомо;3;49.81885;23.987736;2;0;1;0;0;2017;10;4;7;Львів;Наїзд на пішохода;Інше
неділя;Галицький;Дорошенка П.;зіткнення з задньою частиною ТЗ;перевищення безпечної швидкості;2;49.838149;24.023516;1;0;1;0;1;2017;10;6;16;Львів;Зіткнення автомобілів;Перевищення швидкості
субота;Личаківський;Богданівська;зіткнення бокове;перевищення безпечної швидкості;2;49.850644;24.079338;1;0;1;0;0;2017;10;5;12;Львів;Зіткнення автомобілів;Перевищення швидкості
субота;Шевченківський;Чорновола В., просп.;зіткнення з задньою частиною ТЗ;перевищення безпечної швидкості, недодержання дистанції;3;49.862631;24.018281;2;0;1;0;0;2017;9;5;17;Львів;Зіткнення автомобілів;Перевищення швидкості
п'ятниця;Залізничний;Городоцька;наїзд на пішохода - стояв на проїздній частині;Невідомо;2;49.823892;23.931484;1;0;1;0;0;2017;10;4;7;Львів;Наїзд на пішохода;Інше
четвер;Залізничний;Патона Є.;зіткнення лобове;порушення правил маневрування;2;49.823546;23.956332;1;0;1;0;1;2017;10;3;16;Львів;Зіткнення автомобілів;Порушення маневрування
п'ятниця;Шевченківський;Шевченка Т.;наїзд на пішохода - пішохід переходив дорогу поза межами пішохідного переходу;Невідомо;2;49.871932;23.939466;1;0;1;0;0;2017;9;4;15;Львів;Наїзд на пішохода;Інше
п'ятниця;Залізничний;Петлюри С.;наїзд на пішохода - стояв на проїздній частині;Невідомо;2;49.82248;23.979163;1;0;1;0;1;2017;9;4;15;Львів;Наїзд на пішохода;Інше
п'ятниця;Залізничний;Повітряна;наїзд на інші види перешкод;Невідомо;1;49.846299;23.985204;0;0;0;1;0;2017;9;4;22;Львів;Наїзд на перешкоду;Інше
четвер;Франківський;Стрийська;наїзд на пішохода - стояв на проїздній частині;перевищення безпечної швидкості, порушення правил проїзду пішохідних переходів, порушення правил маневрування;2;49.801863;24.018044;1;0;1;0;1;2017;9;3;6;Львів;Наїзд на пішохода;Порушення маневрування
середа;Личаківський;Левицького К.;зіткнення лобове;перевищення безпечної швидкості, недодержання дистанції;2;49.833831;24.04087;1;0;1;0;0;2017;9;2;10;Львів;Зіткнення автомобілів;Перевищення швидкості
вівторок;Франківський;Героїв Упа;наїзд на пішохода - пішохід рухався у зустрічному напрямку;Невідомо;2;49.828052;23.990139;1;0;1;0;1;2017;9;1;22;Львів;Наїзд на пішохода;Інше
п'ятниця;Личаківський;Водогінна;зіткнення лобове;порушення правил маневрування;3;49.828585;24.044867;2;0;1;0;1;2017;10;4;6;Львів;Зіткнення автомобілів;Порушення маневрування
вівторок;Сихівський;Червоної Калини, просп.;зіткнення лобове;порушення правил проїзду перехресть;3;49.788732;24.058744;1;0;2;0;0;2017;10;1;3;Львів;Зіткнення автомобілів;Порушення проїзду перехресть
неділя;Галицький;Чорновола В., просп.;наїзд на пішохода - стояв на проїздній частині;порушення правил проїзду пішохідних переходів, порушення правил проїзду зупинок громадського транспорту;2;49.850478;24.024466;1;0;1;0;1;2017;10;6;23;Львів;Наїзд на пішохода;Порушення проїзду переходів
середа;Залізничний;Садова;зіткнення бокове;порушення правил маневрування, виїзд на смугу зустрічного руху;5;49.821407;23.988621;1;0;4;0;1;2017;10;2;20;Львів;Зіткнення автомобілів;Порушення маневрування
середа;Сихівський;Пимоненка М.;наїзд на пішохода - стояв на проїздній частині;Невідомо;2;49.809182;24.06671;1;0;1;0;0;2017;9;2;9;Львів;Наїзд на пішохода;Інше
понеділок;Личаківський;Хмельницького Б.;наїзд на пішохода - пішохід рухався у зустрічному напрямку;Невідомо;2;49.874877;24.061625;1;0;0;1;0;2017;10;0;7;Львів;Наїзд на пішохода;Інше
понеділок;Галицький;Данила Галицького, пл.;наїзд на пішохода - пішохід рухався у зустрічному напрямку;невиконання вимог сигналів регулювання;2;49.84441;24.033151;1;0;1;0;0;2017;10;0;11;Львів;Наїзд на пішохода;Інше
четвер;Франківський;Княгині Ольги;наїзд на велосипедиста - поза межами велосипедної доріжки;перевищення безпечної швидкості, порушення правил маневрування;2;49.826135;24.009976;1;0;1;0;1;2017;9;3;0;Львів;Наїзд на велосипедиста;Порушення маневрування
субота;Сихівський;Зелена;зіткнення з задньою частиною ТЗ;порушення правил маневрування;2;49.798511;24.070938;1;0;1;0;1;2017;10;5;20;Львів;Зіткнення автомобілів;Порушення маневрування
субота;Сихівський;Червоної Калини, просп.;наїзд на пішохода - стояв на проїздній частині;Невідомо;2;49.790976;24.055713;1;0;1;0;0;2017;9;5;13;Львів;Наїзд на пішохода;Інше
неділя;Шевченківський;Хмельницького Б.;зіткнення з задньою частиною ТЗ;Невідомо;2;49.86994;24.057097;1;0;1;0;0;2017;9;6;22;Львів;Зіткнення автомобілів;Інше
понеділок;Шевченківський;Орлика П.;зіткнення з задньою частиною ТЗ;порушення правил маневрування;3;49.870699;24.033313;2;0;1;0;1;2017;10;0;22;Львів;Зіткнення автомобілів;Порушення маневрування
понеділок;Личаківський;Глинянський Тракт;наїзд на пішохода - пішохід рухався у зустрічному напрямку;перехід у невстановленому місці, неочікуваний вихід на проїзну частину, пішохід у нетверезому стані;2;49.842155;24.102497;1;0;1;0;0;2017;10;0;21;Львів;Наїзд на пішохода;Порушення проїзду переходів
середа;Шевченківський;Шевченка Т.;наїзд на пішохода - пішохід рухався у зустрічному напрямку;Невідомо;2;49.858623;23.973895;1;1;0;0;0;2017;9;2;16;Львів;Наїзд на пішохода;Інше
вівторок;Сихівський;Хуторівка;наїзд на пішохода - пішохід рухався у зустрічному напрямку;Невідомо;2;49.799951;24.033977;1;0;1;0;0;2017;9;1;10;Львів;Наїзд на пішохода;Інше
вівторок;Франківський;Володимира Великого;наїзд на пішохода - стояв на проїздній частині;Невідомо;2;49.808202;24.01798;1;0;1;0;0;2017;9;1;19;Львів;Наїзд на пішохода;Інше
неділя;Галицький;Шевченка Т., просп.;наїзд на пішохода - стояв на проїздній частині;Невідомо;2;49.836765;24.031552;1;0;1;0;0;2017;9;6;22;Львів;Наїзд на пішохода;Інше
середа;Франківський;Мельника А.;зіткнення бокове;порушення правил проїзду перехресть;2;49.830376;24.004405;1;0;1;0;1;2017;9;2;10;Львів;Зіткнення автомобілів;Порушення проїзду перехресть
п'ятниця;Галицький;Вітовського Д.;наїзд на пішохода - стояв на проїздній частині;перехід у невстановленому місці;3;49.829702;24.028687;2;0;1;0;0;2017;10;4;19;Львів;Наїзд на пішохода;Інше
п'ятниця;Личаківський;Руставелі Ш.;падіння пасажира;Невідомо;2;49.833976;24.035393;1;0;1;0;0;2017;10;4;12;Львів;Падіння пасажира;Інше
субота;Галицький;Дорошенка П.;наїзд на пішохода - пішохід рухався у зустрічному напрямку;Невідомо;2;49.839833;24.026483;1;0;0;1;0;2017;10;5;18;Львів;Наїзд на пішохода;Інше
вівторок;Личаківський;Пасічна;зіткнення бокове;Невідомо;2;49.826737;24.072171;1;0;1;0;1;2017;10;1;21;Львів;Зіткнення автомобілів;Інше
неділя;Франківський;Коновальця Є.;наїзд на дерево;перевищення встановленої швидкості;4;49.829277;24.000986;0;0;4;0;0;2017;10;6;4;Львів;Наїзд на перешкоду;Перевищення швидкості
понеділок;Залізничний;Городоцька;зіткнення з задньою частиною ТЗ;перевищення безпечної швидкості;2;49.832741;23.98022;1;0;1;0;0;2017;10;0;21;Львів;Зіткнення автомобілів;Перевищення швидкості
вівторок;Франківський;Окружна;зіткнення бокове;перевищення безпечної швидкості;1;49.827159;23.982639;0;0;0;1;0;2017;10;1;1;Львів;Зіткнення автомобілів;Перевищення швидкості
п'ятниця;Личаківський;Пасічна;наїзд на дорожне огородження;Невідомо;1;49.818465;24.076597;0;0;1;0;0;2017;9;4;7;Львів;Наїзд на перешкоду;Інше
понеділок;Галицький;Бандери С.;наїзд на пішохода - стояв на проїздній частині;порушення правил проїзду пішохідних переходів;2;49.83473;24.009821;1;0;1;0;0;2017;9;0;8;Львів;Наїзд на пішохода;Порушення проїзду переходів
п'ятниця;Шевченківський;Шевченка Т.;наїзд на пішохода - пішохід рухався у зустрічному напрямку;Невідомо;2;49.843231;24.014643;1;0;0;1;0;2017;10;4;20;Львів;Наїзд на пішохода;Інше
середа;Личаківський;Кривчицька Дорога;наїзд на пішохода - стояв на проїздній частині;Невідомо;2;49.840411;24.067188;1;0;1;0;0;2017;9;2;15;Львів;Наїзд на пішохода;Інше
понеділок;Сихівський;Трильовського К.;наїзд на велосипедиста - на велосипедній доріжці;перевищення безпечної швидкості;2;49.784659;24.064608;1;0;1;0;0;2017;9;0;14;Львів;Наїзд на велосипедиста;Перевищення швидкості
неділя;Галицький;Куліша П.;наїзд на пішохода - стояв на проїздній частині;Невідомо;2;49.8468;24.0239;1;0;1;0;0;2017;10;6;19;Львів;Наїзд на пішохода;Інше
субота;Шевченківський;Лінкольна А.;зіткнення лобове;порушення правил маневрування, порушення правил проїзду перехресть;2;49.865169;24.029782;0;0;2;0;0;2017;9;5;15;Львів;Зіткнення автомобілів;Порушення маневрування
п'ятниця;Залізничний;Ряшівська;зіткнення з задньою частиною ТЗ;Невідомо;3;49.827907;23.953607;1;0;2;0;1;2017;10;4;16;Львів;Зіткнення автомобілів;Інше
понеділок;Франківський;Сахарова А., акад.;наїзд на пішохода - стояв на проїздній частині;порушення правил проїзду пішохідних переходів;2;49.831841;24.017074;1;0;1;0;0;2017;10;0;12;Львів;Наїзд на пішохода;Порушення проїзду переходів
п'ятниця;Шевченківський;Тунельна;наїзд на інші види перешкод;перевищення безпечної швидкості;1;49.863976;24.006414;0;0;0;1;0;2017;9;4;7;Львів;Наїзд на перешкоду;Перевищення швидкості
п'ятниця;Залізничний;Ярослава Мудрого;зіткнення лобове;порушення правил маневрування;2;49.841688;24.010465;1;0;1;0;0;2017;9;4;16;Львів;Зіткнення автомобілів;Порушення маневрування
вівторок;Галицький;Тарнавського М., ген.;наїзд на пішохода - пішохід рухався у зустрічному напрямку;Невідомо;2;49.827806;24.040629;1;0;0;1;0;2017;10;1;11;Львів;Наїзд на пішохода;Інше
вівторок;Сихівський;Стуса В.;наїзд на пішохода - пішохід рухався у зустрічному напрямку;перехід у невстановленому місці;2;49.818687;24.042463;1;0;0;1;0;2017;10;1;21;Львів;Наїзд на пішохода;Інше
неділя;Залізничний;Городоцька;наїзд на транспортний засіб, що стоїть - по ходу руху;перевищення безпечної швидкості, недодержання дистанції;4;49.821566;23.918717;2;0;2;0;0;2017;10;6;20;Львів;Інше;Перевищення швидкості
четвер;Шевченківський;Хорватська;наїзд на пішохода - стояв на проїздній частині;Невідомо;2;49.844327;24.015201;1;0;1;0;0;2017;10;3;9;Львів;Наїзд на пішохода;Інше
п'ятниця;Залізничний;Чернівецька;зіткнення бокове;невиконання вимог сигналів регулювання;4;49.837007;24.001715;2;0;2;0;1;2017;9;4;12;Львів;Зіткнення автомобілів;Інше
понеділок;Франківський;Пулюя І.;наїзд на пішохода - пішохід рухався у зустрічному напрямку;Невідомо;2;49.803743;23.98832;1;0;0;1;0;2017;10;0;19;Львів;Наїзд на пішохода;Інше
четвер;Сихівський;Червоної Калини, просп.;наїзд на пішохода - стояв на проїздній частині;невиконання вимог сигналів регулювання;2;49.799203;24.047817;1;0;1;0;0;2017;10;3;14;Львів;Наїзд на пішохода;Інше
вівторок;Сихівський;Угорська;зіткнення з задньою частиною ТЗ;перевищення безпечної швидкості, недодержання дистанції;2;49.810248;24.046251;1;0;1;0;1;2017;10;1;16;Львів;Зіткнення автомобілів;Перевищення швидкості
вівторок;Сихівський;Стрийська;зіткнення бокове;порушення правил маневрування;2;49.812304;24.019648;1;0;1;0;1;2017;9;1;17;Львів;Зіткнення автомобілів;Порушення маневрування
середа;Франківський;Стрийська;зіткнення з задньою частиною ТЗ;перевищення безпечної швидкості;4;49.801894;24.017991;1;0;3;0;1;2017;9;2;20;Львів;Зіткнення автомобілів;Перевищення швидкості
субота;Личаківський;Хмельницького Б.;наїзд на пішохода - пішохід рухався у зустрічному напрямку;неочікуваний вихід на проїзну частину;2;49.872361;24.059308;1;0;1;0;0;2017;10;5;12;Львів;Наїзд на пішохода;Інше
п'ятниця;Галицький;Костюшка Т.;наїзд на пішохода - пішохідний перехід, ТЗ здійснював поворот вліво (вправо);Невідомо;2;49.839308;24.025088;1;0;1;0;0;2017;9;4;13;Львів;Наїзд на пішохода;Інше
четвер;Франківський;Городоцька;падіння пасажира;Невідомо;2;49.833713;23.985804;1;0;1;0;0;2017;10;3;14;Львів;Падіння пасажира;Інше
п'ятниця;Шевченківський;Липинського В.;наїзд на дерево;перевищення безпечної швидкості;2;49.861393;24.02835;1;0;1;0;0;2017;10;4;3;Львів;Наїзд на перешкоду;Перевищення швидкості
четвер;Галицький;Снопківська;наїзд на пішохода - стояв на проїздній частині;порушення правил проїзду пішохідних переходів;2;49.825605;24.036976;1;0;1;0;0;2017;10;3;18;Львів;Наїзд на пішохода;Порушення проїзду переходів
п'ятниця;Залізничний;Виговського І.;падіння пасажира;порушення правил перевезення пасажирів;2;49.823359;23.967544;1;0;1;0;0;2017;9;4;13;Львів;Падіння пасажира;Інше
п'ятниця;Сихівський;Лісна (Сихів);наїзд на пішохода - стояв на проїздній частині;порушення правил маневрування;2;49.789078;24.053664;1;0;1;0;0;2017;11;4;22;Львів;Наїзд на пішохода;Порушення маневрування
неділя;Личаківський;Хмельницького Б.;наїзд на пішохода - стояв на проїздній частині;Невідомо;2;49.863803;24.053578;1;0;1;0;0;2017;10;6;13;Львів;Наїзд на пішохода;Інше
середа;Шевченківський;Липинського В.;наїзд на пішохода - стояв на проїздній частині;Невідомо;2;49.858218;24.024224;1;0;0;1;0;2017;11;2;21;Львів;Наїзд на пішохода;Інше
субота;Галицький;Замкова;наїзд на пішохода - стояв на проїздній частині;перевищення безпечної швидкості;3;49.851117;24.041074;2;0;0;1;0;2017;12;5;16;Львів;Наїзд на пішохода;Перевищення швидкості
п'ятниця;Галицький;Під Дубом;наїзд на пішохода - стояв на проїздній частині;Невідомо;2;49.850464;24.02416;1;0;1;0;0;2017;11;4;17;Львів;Наїзд на пішохода;Інше
понеділок;Шевченківський;Чорновола В., просп.;наїзд на пішохода - пішохід рухався у зустрічному напрямку;Невідомо;2;49.866853;24.014965;1;0;1;0;0;2017;11;0;19;Львів;Наїзд на пішохода;Інше
четвер;Франківський;Княгині Ольги;зіткнення з задньою частиною ТЗ;недодержання дистанції;3;49.822314;24.006581;2;0;1;0;0;2017;11;3;9;Львів;Зіткнення автомобілів;Недотримання дистанції
середа;Франківський;Кульпарківська;зіткнення лобове;перевищення безпечної швидкості, порушення правил маневрування;4;49.830459;23.990542;2;0;2;0;0;2017;11;2;20;Львів;Зіткнення автомобілів;Порушення маневрування
понеділок;Галицький;Опришківська;зіткнення лобове;перевищення безпечної швидкості;2;49.84861;24.045038;0;0;2;0;0;2017;11;0;8;Львів;Зіткнення автомобілів;Перевищення швидкості
вівторок;Личаківський;Богданівська;зіткнення бокове;порушення правил маневрування;2;49.854932;24.076034;1;0;0;1;0;2017;10;1;15;Львів;Зіткнення автомобілів;Порушення маневрування
вівторок;Шевченківський;Шевченка Т.;наїзд на пішохода - стояв на проїздній частині;порушення правил маневрування;3;49.844189;24.011779;1;0;2;0;0;2017;11;1;15;Львів;Наїзд на пішохода;Порушення маневрування
четвер;Франківський;Городоцька;зіткнення бокове;порушення правил маневрування;2;49.836785;24.002584;1;0;1;0;1;2017;11;3;21;Львів;Зіткнення автомобілів;Порушення маневрування
вівторок;Личаківський;Личаківська;наїзд на пішохода - стояв на проїздній частині;Невідомо;2;49.836938;24.062183;1;0;1;0;0;2017;10;1;10;Львів;Наїзд на пішохода;Інше
четвер;Галицький;Городоцька;наїзд на пішохода - стояв на проїздній частині;Невідомо;2;49.842791;24.019026;1;0;1;0;0;2017;11;3;23;Львів;Наїзд на пішохода;Інше
середа;Сихівський;Червоної Калини, просп.;наїзд на пішохода - пішохід переходив дорогу поза межами пішохідного переходу;Невідомо;2;49.812906;24.04565;1;0;1;0;0;2017;11;2;20;Львів;Наїзд на пішохода;Інше
п'ятниця;Галицький;Гавришкевича С.;наїзд на пішохода - стояв на проїздній частині;Невідомо;2;49.844313;24.030125;1;0;1;0;0;2017;11;4;13;Львів;Наїзд на пішохода;Інше
п'ятниця;Шевченківський;Липинського В.;зіткнення з задньою частиною ТЗ;порушення правил маневрування;2;49.864889;24.041246;1;0;1;0;0;2017;11;4;10;Львів;Зіткнення автомобілів;Порушення маневрування
вівторок;Личаківський;Пасічна;наїзд на пішохода - стояв на проїздній частині;Невідомо;3;49.830062;24.069259;1;0;0;2;0;2017;10;1;8;Львів;Наїзд на пішохода;Інше
субота;Личаківський;Глинянський Тракт;зіткнення бокове;порушення правил проїзду перехресть;4;49.836924;24.073899;2;0;1;1;0;2017;11;5;12;Львів;Зіткнення автомобілів;Порушення проїзду перехресть
п'ятниця;Шевченківський;Орлика П.;наїзд на пішохода - стояв на проїздній частині;Невідомо;2;49.874324;24.033333;1;0;1;0;0;2017;12;4;13;Львів;Наїзд на пішохода;Інше