accidentDay;district;streetName;accidentType;mainAccidentCause;totalParticipantsAmount;latitude;longitude;Count_Без ушкоджень;Count_Загинув;Count_Легко травмований;Count_Тяжко травмований;Is_Intersection;Year;Month;DayOfWeek;Hour;settlement_grouped;Simple_Type;Simple_Cause
п'ятниця;Шевченківський;Панча П.;наїзд на пішохода - стояв на проїздній частині;Невідомо;2;49.861344;24.015437;1;0;1;0;0;2017;11;4;20;Львів;Наїзд на пішохода;Інше
середа;Залізничний;Городоцька;наїзд на пішохода - стояв на проїздній частині;перевищення безпечної швидкості, недодержання дистанції;2;49.823979;23.932171;1;0;1;0;0;2017;11;2;20;Львів;Наїзд на пішохода;Перевищення швидкості
п'ятниця;Галицький;Франка І.;зіткнення бокове;перевищення безпечної швидкості;2;49.832654;24.033837;1;0;1;0;1;2017;11;4;15;Львів;Зіткнення автомобілів;Перевищення швидкості
п'ятниця;Залізничний;Кульпарківська;зіткнення бокове;порушення правил маневрування;4;49.80655;23.980176;2;0;2;0;0;2017;12;4;16;Львів;Зіткнення автомобілів;Порушення маневрування
субота;Залізничний;Петлюри С.;наїзд на пішохода - стояв на проїздній частині;порушення правил маневрування;2;49.821951;23.979405;1;0;1;0;0;2017;12;5;11;Львів;Наїзд на пішохода;Порушення маневрування
четвер;Залізничний;Городоцька;наїзд на пішохода - стояв на проїздній частині;порушення правил проїзду пішохідних переходів;2;49.836875;24.001651;1;0;0;1;1;2017;11;3;17;Львів;Наїзд на пішохода;Порушення проїзду переходів
п'ятниця;Личаківський;Вашингтона Дж.;падіння пасажира;Невідомо;2;49.815942;24.062172;1;0;1;0;0;2017;11;4;13;Львів;Падіння пасажира;Інше
четвер;Залізничний;Бортнянського Д.;зіткнення бокове;порушення правил проїзду перехресть;3;49.845448;23.999929;1;0;2;0;0;2017;11;3;14;Львів;Зіткнення автомобілів;Порушення проїзду перехресть
понеділок;Франківський;Городоцька;наїзд на пішохода - стояв на проїздній частині;порушення правил проїзду пішохідних переходів;2;49.831934;23.975408;1;0;1;0;0;2017;11;0;22;Львів;Наїзд на пішохода;Порушення проїзду переходів
субота;Франківський;Федьковича Ю.;наїзд на пішохода - стояв на проїздній частині;Невідомо;2;49.834855;24.00208;1;0;1;0;0;2017;11;5;12;Львів;Наїзд на пішохода;Інше
неділя;Галицький;Личаківська;наїзд на пішохода - пішохідний перехід, ТЗ здійснював поворот вліво (вправо);Невідомо;2;49.83982;24.038955;1;0;1;0;0;2017;10;6;13;Львів;Наїзд на пішохода;Інше
вівторок;Франківський;Чупринки Т., ген.;наїзд на пішохода - стояв на проїздній частині;Невідомо;2;49.832357;24.012047;1;0;1;0;1;2017;10;1;19;Львів;Наїзд на пішохода;Інше
понеділок;Личаківський;Личаківська;наїзд на пішохода - на нерегульованому пішохідному переході;порушення правил проїзду пішохідних переходів;2;49.838674;24.054158;1;0;1;0;1;2017;11;0;13;Львів;Наїзд на пішохода;Порушення проїзду переходів
вівторок;Шевченківський;Хмельницького Б.;падіння пасажира;Невідомо;2;49.852342;24.033338;1;0;0;1;0;2017;11;1;18;Львів;Падіння пасажира;Інше
неділя;Личаківський;Вашингтона Дж.;наїзд на пішохода - стояв на проїздній частині;Невідомо;2;49.814436;24.075599;1;0;0;1;0;2017;11;6;19;Львів;Наїзд на пішохода;Інше
п'ятниця;Сихівський;Сихівська;зіткнення з задньою частиною ТЗ;порушення правил маневрування, перевищення безпечної швидкості;2;49.798497;24.070959;1;0;1;0;1;2017;11;4;19;Львів;Зіткнення автомобілів;Порушення маневрування
субота;Личаківський;Солодова;наїзд на пішохода - на регульованому пішохідному переході;Невідомо;2;49.841383;24.048745;1;0;1;0;0;2017;10;5;22;Львів;Наїзд на пішохода;Інше
вівторок;Личаківський;Хмельницького Б.;зіткнення лобове;Невідомо;2;49.86956;24.057022;1;1;0;0;0;2017;11;1;19;Львів;Зіткнення автомобілів;Інше
середа;Залізничний;Любінська;зіткнення лобове;порушення правил проїзду перехресть;3;49.824058;23.977339;2;0;1;0;1;2017;11;2;14;Львів;Зіткнення автомобілів;Порушення проїзду перехресть
вівторок;Шевченківський;Тунельна;зіткнення з задньою частиною ТЗ;перевищення безпечної швидкості, недодержання дистанції;2;49.863067;24.005279;1;0;1;0;1;2017;10;1;8;Львів;Зіткнення автомобілів;Перевищення швидкості
субота;Франківський;Коновальця Є.;наїзд на пішохода - стояв на проїздній частині;Невідомо;2;49.82446;23.993336;1;1;0;0;1;2017;11;5;15;Львів;Наїзд на пішохода;Інше
понеділок;Галицький;Зернова;зіткнення бокове;керування транспортним засобом у нетверезому стані, порушення правил маневрування;3;49.846441;24.025343;2;0;1;0;1;2017;11;0;1;Львів;Зіткнення автомобілів;Порушення маневрування
п'ятниця;Личаківський;Глинянський Тракт;наїзд на інші види перешкод;перевищення безпечної швидкості;3;49.836599;24.070702;0;0;3;0;0;2017;11;4;22;Львів;Наїзд на перешкоду;Перевищення швидкості
п'ятниця;Сихівський;Хуторівка;наїзд на пішохода - стояв на проїздній частині;Невідомо;2;49.801921;24.020979;1;0;1;0;0;2017;11;4;12;Львів;Наїзд на пішохода;Інше
субота;Сихівський;Червоної Калини, просп.;наїзд на пішохода - пішохід переходив дорогу поза межами пішохідного переходу;Невідомо;2;49.795654;24.055236;1;0;1;0;0;2017;11;5;6;Львів;Наїзд на пішохода;Інше
понеділок;Шевченківський;Чорновола В., просп.;наїзд на пішохода - стояв на проїздній частині;Невідомо;2;49.86567;24.016671;1;0;1;0;0;2017;11;0;10;Львів;Наїзд на пішохода;Інше
четвер;Сихівський;Вашингтона Дж.;падіння пасажира;Невідомо;2;49.814395;24.075959;1;0;1;0;0;2017;10;3;9;Львів;Падіння пасажира;Інше
вівторок;Личаківський;Богданівська;зіткнення з задньою частиною ТЗ;порушення правил маневрування, порушення правил проїзду перехресть;3;49.856831;24.074264;2;0;1;0;0;2017;11;1;9;Львів;Зіткнення автомобілів;Порушення маневрування
п'ятниця;Шевченківський;Шевченка Т.;наїзд на пішохода - стояв на проїздній частині;перевищення безпечної швидкості;2;49.871953;23.939407;1;0;0;1;0;2017;11;4;19;Львів;Наїзд на пішохода;Перевищення швидкості
субота;Залізничний;Шевченка Т.;наїзд на пішохода - стояв на проїздній частині;Невідомо;2;49.85064;23.992692;1;0;0;1;0;2017;11;5;10;Львів;Наїзд на пішохода;Інше
середа;Сихівський;Зелена;наїзд на пішохода - стояв на проїздній частині;порушення правил маневрування;2;49.795976;24.073234;1;0;1;0;1;2017;11;2;7;Львів;Наїзд на пішохода;Порушення маневрування
середа;Шевченківський;Шевченка Т.;зіткнення з задньою частиною ТЗ;перевищення безпечної швидкості, недодержання дистанції;3;49.851325;23.991185;2;0;1;0;0;2017;11;2;20;Львів;Зіткнення автомобілів;Перевищення швидкості
неділя;Франківський;Володимира Великого;наїзд на пішохода - стояв на проїздній частині;порушення правил проїзду пішохідних переходів;2;49.810033;23.99987;1;0;1;0;1;2017;11;6;23;Львів;Наїзд на пішохода;Порушення проїзду переходів
неділя;Шевченківський;Липинського В.;наїзд на пішохода - стояв на проїздній частині;Невідомо;2;49.864961;24.051797;1;0;1;0;0;2017;10;6;20;Львів;Наїзд на пішохода;Інше
понеділок;Личаківський;Миколайчука І.;наїзд на пішохода - пішохід рухався у зустрічному напрямку;неочікуваний вихід на проїзну частину;2;49.818791;24.136024;1;0;1;0;0;2017;11;0;0;Передмістя;Наїзд на пішохода;Інше
четвер;Шевченківський;Липинського В.;зіткнення бокове;перевищення безпечної швидкості;2;49.863481;24.033301;1;0;1;0;1;2017;11;3;14;Львів;Зіткнення автомобілів;Перевищення швидкості
неділя;Сихівський;Червоної Калини, просп.;наїзд на інші види перешкод;недодержання дистанції;2;49.798843;24.04904;1;0;1;0;0;2017;11;6;15;Львів;Наїзд на перешкоду;Недотримання дистанції
четвер;Залізничний;Петлюри С.;наїзд на пішохода - стояв на проїздній частині;Невідомо;2;49.82094;23.980054;1;0;1;0;0;2017;11;3;17;Львів;Наїзд на пішохода;Інше
п'ятниця;Франківський;Стрийська;падіння пасажира;Невідомо;2;49.806924;24.019042;1;0;1;0;0;2017;11;4;19;Львів;Падіння пасажира;Інше
понеділок;Галицький;Франка І.;наїзд на пішохода - стояв на проїздній частині;Невідомо;3;49.837429;24.034942;0;0;3;0;0;2017;10;0;16;Львів;Наїзд на пішохода;Інше
вівторок;Шевченківський;Грінченка Б.;зіткнення з задньою частиною ТЗ;керування транспортним засобом у нетверезому стані, виїзд на смугу зустрічного руху;2;49.869968;24.057097;1;0;1;0;1;2017;11;1;23;Львів;Зіткнення автомобілів;П'яне водіння
середа;Франківський;Стрийська;наїзд на пішохода - стояв на проїздній частині;Невідомо;2;49.808136;24.019139;1;0;1;0;1;2017;11;2;8;Львів;Наїзд на пішохода;Інше
неділя;Личаківський;Зелена;зіткнення з задньою частиною ТЗ;Невідомо;3;49.8176;24.059812;2;0;1;0;0;2017;11;6;22;Львів;Зіткнення автомобілів;Інше
четвер;Франківський;Наукова;зіткнення з задньою частиною ТЗ;порушення правил проїзду перехресть;2;49.803069;24.006371;1;0;1;0;1;2017;11;3;6;Львів;Зіткнення автомобілів;Порушення проїзду перехресть
п'ятниця;Галицький;Свєнціцького І.;наїзд на пішохода - стояв на проїздній частині;Невідомо;2;49.824985;24.036577;1;0;0;1;0;2017;12;4;19;Львів;Наїзд на пішохода;Інше
вівторок;Франківський;Кульпарківська;наїзд на пішохода - на регульованому пішохідному переході;Невідомо;2;49.813034;23.984624;1;0;1;0;0;2017;10;1;19;Львів;Наїзд на пішохода;Інше
середа;Галицький;Чорновола В., просп.;наїзд на пішохода - пішохід переходив дорогу поза межами пішохідного переходу;Невідомо;2;49.850519;24.024428;1;0;1;0;1;2017;11;2;18;Львів;Наїзд на пішохода;Інше
середа;Галицький;Чорновола В., просп.;наїзд на пішохода - стояв на проїздній частині;Невідомо;2;49.846749;24.025437;1;1;0;0;0;2017;12;2;19;Львів;Наїзд на пішохода;Інше
понеділок;Залізничний;Любінська;падіння пасажира;Невідомо;2;49.82068;23.968896;1;0;1;0;1;2017;11;0;8;Львів;Падіння пасажира;Інше
понеділок;Галицький;Городоцька;зіткнення з задньою частиною ТЗ;перевищення безпечної швидкості, недодержання дистанції;2;49.843016;24.020995;1;0;1;0;0;2017;11;0;12;Львів;Зіткнення автомобілів;Перевищення швидкості
вівторок;Сихівський;Червоної Калини, просп.;наїзд на пішохода - стояв на проїздній частині;Невідомо;3;49.789213;24.058739;1;0;1;1;0;2017;10;1;13;Львів;Наїзд на пішохода;Інше
п'ятниця;Шевченківський;Лінкольна А.;наїзд на пішохода - стояв на проїздній частині;Невідомо;2;49.866618;24.041734;1;0;1;0;0;2017;12;4;0;Львів;Наїзд на пішохода;Інше
вівторок;Шевченківський;Миколайчука І.;наїзд на пішохода - стояв на проїздній частині;порушення правил проїзду пішохідних переходів;2;49.874366;24.039862;1;0;1;0;0;2017;10;1;17;Львів;Наїзд на пішохода;Порушення проїзду переходів
п'ятниця;Сихівський;Тернопільська;зіткнення лобове;порушення правил проїзду перехресть;2;49.81625;24.044566;1;0;1;0;1;2017;12;4;9;Львів;Зіткнення автомобілів;Порушення проїзду перехресть
середа;Франківський;Володимира Великого;наїзд на пішохода - стояв на проїздній частині;Невідомо;2;49.808202;24.017921;1;0;1;0;0;2017;11;2;18;Львів;Наїзд на пішохода;Інше
середа;Шевченківський;Миколайчука І.;зіткнення з задньою частиною ТЗ;перевищення безпечної швидкості, недодержання дистанції;3;49.868399;24.042754;2;0;1;0;0;2017;11;2;15;Львів;Зіткнення автомобілів;Перевищення швидкості
четвер;Личаківський;Пасічна;наїзд на велосипедиста - поза межами велосипедної доріжки;порушення правил маневрування;2;49.834592;24.068089;1;0;1;0;1;2017;11;3;19;Львів;Наїзд на велосипедиста;Порушення маневрування
середа;Личаківський;Медової Печери;наїзд на пішохода - стояв на проїздній частині;Невідомо;2;49.825079;24.077724;1;0;1;0;0;2017;11;2;7;Львів;Наїзд на пішохода;Інше
вівторок;Шевченківський;Варшавська;наїзд на пішохода - стояв на проїздній частині;Невідомо;2;49.865473;24.011076;1;0;1;0;0;2017;11;1;9;Львів;Наїзд на пішохода;Інше
п'ятниця;Шевченківський;Ветеранів;наїзд на пішохода - стояв на проїздній частині;Невідомо;2;49.850028;24.020045;1;0;1;0;0;2017;11;4;14;Львів;Наїзд на пішохода;Інше
субота;Личаківський;Личаківська;наїзд на пішохода - стояв на проїздній частині;Невідомо;2;49.836107;24.067279;1;0;1;0;0;2017;10;5;12;Львів;Наїзд на пішохода;Інше
п'ятниця;Шевченківський;Липинського В.;зіткнення бокове;порушення правил проїзду перехресть;3;49.860079;24.026885;2;0;1;0;1;2017;12;4;1;Львів;Зіткнення автомобілів;Порушення проїзду перехресть
понеділок;Франківський;Володимира Великого;зіткнення з задньою частиною ТЗ;порушення правил проїзду перехресть;3;49.808122;24.019139;1;0;2;0;1;2017;11;0;22;Львів;Зіткнення автомобілів;Порушення проїзду перехресть
четвер;Шевченківський;Шевченка Т.;наїзд на пішохода - стояв на проїздній частині;Невідомо;2;49.8716;23.941462;1;1;0;0;0;2017;11;3;17;Львів;Наїзд на пішохода;Інше
неділя;Залізничний;Кульчицької О.;наїзд на пішохода - стояв на проїздній частині;порушення правил проїзду пішохідних переходів;2;49.817032;23.9744;1;0;0;1;0;2017;10;6;17;Львів;Наїзд на пішохода;Порушення проїзду переходів
п'ятниця;Залізничний;Виговського І.;падіння пасажира;Невідомо;2;49.825941;23.967764;1;0;1;0;0;2017;11;4;13;Львів;Падіння пасажира;Інше
середа;Сихівський;Червоної Калини, просп.;наїзд на пішохода - на регульованому пішохідному переході;Невідомо;2;49.813014;24.045639;1;0;1;0;0;2017;10;2;20;Львів;Наїзд на пішохода;Інше
неділя;Сихівський;Пасічна;зіткнення бокове;керування транспортним засобом у нетверезому стані, порушення правил маневрування;3;49.809085;24.078759;1;0;2;0;0;2017;12;6;7;Львів;Зіткнення автомобілів;Порушення маневрування
неділя;Личаківський;Личаківська;зіткнення з задньою частиною ТЗ;недодержання дистанції;2;49.83574;24.075433;1;0;1;0;0;2017;11;6;19;Львів;Зіткнення автомобілів;Недотримання дистанції
вівторок;Сихівський;Пасічна;наїзд на пішохода - стояв на проїздній частині;Невідомо;2;49.807309;24.071496;1;0;1;0;0;2017;10;1;18;Львів;Наїзд на пішохода;Інше
неділя;Галицький;Кримська;наїзд на інші види перешкод;порушення правил маневрування;1;49.823833;24.042404;0;0;1;0;0;2017;11;6;15;Львів;Наїзд на перешкоду;Порушення маневрування
середа;Галицький;Городоцька;наїзд на пішохода - стояв на проїздній частині;Невідомо;2;49.844023;24.024364;1;0;1;0;0;2017;11;2;19;Львів;Наїзд на пішохода;Інше
неділя;Шевченківський;Замарстинівська;наїзд на інші види перешкод;перевищення встановленої швидкості;3;49.877767;24.003625;0;1;0;2;0;2017;11;6;21;Львів;Наїзд на перешкоду;Перевищення швидкості
п'ятниця;Сихівський;Хуторівка;наїзд на пішохода - стояв на проїздній частині;перевищення безпечної швидкості;3;49.801011;24.02667;1;0;2;0;0;2017;11;4;17;Львів;Наїзд на пішохода;Перевищення швидкості
п'ятниця;Галицький;Стрийська;наїзд на пішохода - стояв на проїздній частині;порушення правил проїзду пішохідних переходів;2;49.824979;24.020855;1;0;1;0;0;2017;11;4;18;Львів;Наїзд на пішохода;Порушення проїзду переходів
четвер;Шевченківський;Варшавська;зіткнення з задньою частиною ТЗ;порушення правил маневрування, порушення правил обгону;2;49.85863;24.010813;1;0;1;0;0;2017;11;3;17;Львів;Зіткнення автомобілів;Порушення маневрування
п'ятниця;Франківський;Кульпарківська;зіткнення лобове;Невідомо;2;49.81679;23.986684;1;0;1;0;0;2017;11;4;17;Львів;Зіткнення автомобілів;Інше
понеділок;Франківський;Перфецького Л.;наїзд на пішохода - стояв на проїздній частині;Невідомо;2;49.81472;23.987188;1;0;1;0;0;2017;11;0;7;Львів;Наїзд на пішохода;Інше
неділя;Залізничний;Городоцька;зіткнення з задньою частиною ТЗ;перевищення безпечної швидкості;3;49.830353;23.96683;2;0;1;0;0;2017;12;6;19;Львів;Зіткнення автомобілів;Перевищення швидкості
субота;Франківський;Наукова;наїзд на пішохода - стояв на проїздній частині;Невідомо;2;49.804934;23.987398;1;1;0;0;0;2017;11;5;6;Львів;Наїзд на пішохода;Інше
понеділок;Шевченківський;Мазепи І., гетьм.;зіткнення лобове;недодержання дистанції;9;49.871711;24.039025;2;0;6;1;0;2017;11;0;14;Львів;Зіткнення автомобілів;Недотримання дистанції
четвер;Шевченківський;Величковського І.;наїзд на пішохода - стояв на проїздній частині;порушення правил проїзду пішохідних переходів;2;49.87459;23.936521;1;0;0;1;0;2017;11;3;18;Львів;Наїзд на пішохода;Порушення проїзду переходів
понеділок;Франківський;Княгині Ольги;наїзд на пішохода - стояв на проїздній частині;перевищення безпечної швидкості, недодержання дистанції;2;49.819116;24.004167;1;0;1;0;0;2017;10;0;9;Львів;Наїзд на пішохода;Перевищення швидкості
середа;Личаківський;Личаківська;зіткнення з задньою частиною ТЗ;порушення правил маневрування;3;49.838353;24.055848;1;0;2;0;1;2017;11;2;20;Львів;Зіткнення автомобілів;Порушення маневрування
середа;Франківський;Сулими І.;зіткнення бокове;порушення правил маневрування, порушення правил проїзду перехресть;2;49.829734;23.979678;1;0;1;0;1;2017;11;2;11;Львів;Зіткнення автомобілів;Порушення маневрування
п'ятниця;Личаківський;Студентська;наїзд на пішохода - пішохід рухався у зустрічному напрямку;Невідомо;2;49.829367;24.045816;1;0;1;0;0;2017;11;4;9;Львів;Наїзд на пішохода;Інше
п'ятниця;Галицький;Дорошенка П.;наїзд на пішохода - стояв на проїздній частині;неочікуваний вихід на проїзну частину;2;49.839284;24.025467;1;0;1;0;0;2017;12;4;16;Львів;Наїзд на пішохода;Інше
понеділок;Галицький;Свободи, просп.;наїзд на пішохода - пішохід рухався у зустрічному напрямку;Невідомо;2;49.84066;24.028666;1;0;1;0;0;2017;11;0;12;Львів;Наїзд на пішохода;Інше
понеділок;Галицький;Гонти І.;падіння пасажира;Невідомо;3;49.844552;24.031321;2;0;1;0;0;2017;10;0;10;Львів;Падіння пасажира;Інше
понеділок;Залізничний;Патона Є.;наїзд на пішохода - стояв на проїздній частині;порушення правил проїзду пішохідних переходів;2;49.822736;23.964862;1;0;1;0;0;2017;12;0;17;Львів;Наїзд на пішохода;Порушення проїзду переходів
п'ятниця;Сихівський;Зелена;наїзд на пішохода - стояв на проїздній частині;Невідомо;2;49.818216;24.058557;1;0;1;0;1;2017;12;4;22;Львів;Наїзд на пішохода;Інше
середа;Галицький;Стуса В.;зіткнення бокове;перевищення безпечної швидкості;3;49.82086;24.039867;2;0;1;0;0;2017;11;2;12;Львів;Зіткнення автомобілів;Перевищення швидкості
четвер;Залізничний;Городоцька;зіткнення лобове;порушення правил маневрування;2;49.834201;23.988583;1;0;1;0;0;2017;10;3;7;Львів;Зіткнення автомобілів;Порушення маневрування
понеділок;Залізничний;Городоцька;зіткнення з задньою частиною ТЗ;перевищення безпечної швидкості, недодержання дистанції;4;49.834997;23.992719;3;0;1;0;0;2017;11;0;15;Львів;Зіткнення автомобілів;Перевищення швидкості
четвер;Сихівський;Антонича Б. - І.;наїзд на транспортний засіб, що стоїть - по ходу руху;перевищення безпечної швидкості;1;49.785109;24.069784;0;0;0;1;0;2017;11;3;0;Львів;Інше;Перевищення швидкості
п'ятниця;Залізничний;Залізнична;наїзд на пішохода - стояв на проїздній частині;Невідомо;2;49.839574;24.000004;1;0;1;0;0;2017;11;4;15;Львів;Наїзд на пішохода;Інше
четвер;Галицький;Митна, пл.;зіткнення бокове;порушення правил маневрування;3;49.839809;24.036047;2;0;1;0;1;2017;11;3;15;Львів;Зіткнення автомобілів;Порушення маневрування
вівторок;Франківський;Володимира Великого;зіткнення бокове;Невідомо;1;49.811086;23.993454;0;0;1;0;0;2017;10;1;10;Львів;Зіткнення автомобілів;Інше
вівторок;Шевченківський;Шевченка Т.;наїзд на пішохода - стояв на проїздній частині;перевищення безпечної швидкості, недодержання дистанції;3;49.869595;23.948457;2;0;1;0;0;2017;10;1;7;Львів;Наїзд на пішохода;Перевищення швидкості
вівторок;Сихівський;Стрийська;наїзд на пішохода - стояв на проїздній частині;Невідомо;3;49.783716;24.014225;1;0;2;0;1;2017;10;1;12;Львів;Наїзд на пішохода;Інше
четвер;Франківський;Коновальця Є.;наїзд на пішохода - на регульованому пішохідному переході;Невідомо;2;49.8339;24.008399;1;0;1;0;0;2017;11;3;23;Львів;Наїзд на пішохода;Інше
четвер;Сихівський;Зелена;зіткнення з задньою частиною ТЗ;перевищення безпечної швидкості;2;49.799191;24.073567;1;0;1;0;0;2017;11;3;17;Львів;Зіткнення автомобілів;Перевищення швидкості
п'ятниця;Сихівський;Мікльоша К.;зіткнення бокове;перевищення безпечної швидкості;3;49.783225;24.018914;1;0;2;0;0;2017;12;4;15;Львів;Зіткнення автомобілів;Перевищення швидкості
понеділок;Сихівський;Червоної Калини, просп.;наїзд на транспортний засіб, що стоїть - по ходу руху;перевищення безпечної швидкості;3;49.807608;24.047054;2;0;1;0;0;2017;11;0;21;Львів;Інше;Перевищення швидкості
понеділок;Шевченківський;Татарбунарська;падіння пасажира;Невідомо;2;49.853978;23.987103;1;0;1;0;0;2017;10;0;12;Львів;Падіння пасажира;Інше
середа;Шевченківський;Шевченка Т.;наїзд на пішохода - стояв на проїздній частині;Невідомо;2;49.868132;23.952223;1;1;0;0;0;2017;12;2;17;Львів;Наїзд на пішохода;Інше
п'ятниця;Франківський;Городоцька;наїзд на пішохода - стояв на проїздній частині;порушення правил проїзду пішохідних переходів;2;49.835391;23.995058;1;0;1;0;0;2017;12;4;21;Львів;Наїзд на пішохода;Порушення проїзду переходів
понеділок;Сихівський;Червоної Калини, просп.;зіткнення з задньою частиною ТЗ;перевищення безпечної швидкості;2;49.795616;24.054458;1;0;1;0;0;2017;11;0;21;Львів;Зіткнення автомобілів;Перевищення швидкості
неділя;Шевченківський;Шевченка Т.;наїзд на пішохода - стояв на проїздній частині;порушення правил маневрування, керування транспортним засобом у нетверезому стані;2;49.860058;23.970408;0;0;2;0;1;2017;11;6;14;Львів;Наїзд на пішохода;Порушення маневрування
середа;Шевченківський;Грінченка Б.;зіткнення з задньою частиною ТЗ;порушення правил маневрування;4;49.869899;24.057033;2;0;1;1;1;2017;12;2;20;Львів;Зіткнення автомобілів;Порушення маневрування
неділя;Шевченківський;Жовківська;наїзд на пішохода - стояв на проїздній частині;перевищення безпечної швидкості;2;49.852743;24.032689;1;0;1;0;0;2017;12;6;17;Львів;Наїзд на пішохода;Перевищення швидкості
четвер;Залізничний;Виговського І.;падіння пасажира;Невідомо;2;49.813149;23.977726;1;0;1;0;0;2017;11;3;12;Львів;Падіння пасажира;Інше
неділя;Шевченківський;Грінченка Б.;наїзд на опори ( леп, телефонних та телеграфних ліній, рекламоносіїв, щогли антен мобільного зв'язку, тощо);перевищення встановленої швидкості;2;49.872616;24.05073;1;0;1;0;0;2017;12;6;2;Львів;Інше;Перевищення швидкості
неділя;Франківський;Городоцька;наїзд на пішохода - стояв на проїздній частині;порушення правил проїзду зупинок громадського транспорту;2;49.835519;23.995782;0;0;2;0;0;2017;10;6;20;Львів;Наїзд на пішохода;Інше
неділя;Залізничний;Сяйво;наїзд на пішохода - стояв на проїздній частині;Невідомо;2;49.842549;23.979356;1;0;1;0;0;2017;11;6;21;Львів;Наїзд на пішохода;Інше
середа;Сихівський;Зелена;наїзд на інші види перешкод;перевищення безпечної швидкості;1;49.806419;24.062234;0;0;1;0;1;2017;10;2;2;Львів;Наїзд на перешкоду;Перевищення швидкості
середа;Франківський;Окружна;наїзд на інші види перешкод;порушення правил маневрування;1;49.82546;23.987682;0;0;0;1;0;2017;12;2;23;Львів;Наїзд на перешкоду;Порушення маневрування
п'ятниця;Франківський;Княгині Ольги;наїзд на пішохода - на регульованому пішохідному переході;порушення правил маневрування;2;49.816461;24.002649;1;0;1;0;0;2017;12;4;7;Львів;Наїзд на пішохода;Порушення маневрування
неділя;Залізничний;Городоцька;зіткнення лобове;керування транспортним засобом у нетверезому стані, перевищення безпечної швидкості, порушення правил проїзду перехресть;6;49.830564;23.968198;0;0;6;0;1;2017;12;6;1;Львів;Зіткнення автомобілів;Перевищення швидкості
вівторок;Шевченківський;Промислова;наїзд на пішохода - пішохід рухався у зустрічному напрямку;порушення правил маневрування;2;49.857277;24.042286;1;0;1;0;0;2017;12;1;18;Львів;Наїзд на пішохода;Порушення маневрування
понеділок;Шевченківський;Липинського В.;наїзд на інші види перешкод;перевищення безпечної швидкості, керування транспортним засобом у нетверезому стані;2;49.86133;24.028199;0;0;2;0;0;2017;12;0;23;Львів;Наїзд на перешкоду;Перевищення швидкості
п'ятниця;Залізничний;Городоцька;наїзд на пішохода - стояв на проїздній частині;порушення правил маневрування;2;49.828114;23.954444;1;0;0;1;1;2017;12;4;17;Львів;Наїзд на пішохода;Порушення маневрування
четвер;Залізничний;Любінська;наїзд на пішохода - на регульованому пішохідному переході;порушення правил маневрування;2;49.824058;23.977296;1;0;1;0;1;2017;12;3;17;Львів;Наїзд на пішохода;Порушення маневрування
п'ятниця;Личаківський;Личаківська;зіткнення з задньою частиною ТЗ;порушення правил маневрування;4;49.839737;24.05059;2;0;2;0;0;2017;12;4;15;Львів;Зіткнення автомобілів;Порушення маневрування
субота;Сихівський;Дністерcька;наїзд на пішохода - пішохід рухався у зустрічному напрямку;порушення правил маневрування, недодержання дистанції;2;49.81823;24.058557;1;0;1;0;1;2017;12;5;20;Львів;Наїзд на пішохода;Порушення маневрування
субота;Сихівський;Сихівська;зіткнення з задньою частиною ТЗ;перевищення безпечної швидкості;2;49.794979;24.066281;1;0;1;0;0;2017;12;5;7;Львів;Зіткнення автомобілів;Перевищення швидкості
вівторок;Залізничний;Суботівська;падіння пасажира;порушення правил маневрування;2;49.842731;23.967575;1;0;1;0;0;2017;12;1;18;Львів;Падіння пасажира;Порушення маневрування
неділя;Сихівський;Червоної Калини, просп.;наїзд на пішохода - стояв на проїздній частині;порушення правил проїзду пішохідних переходів;3;49.813069;24.045816;1;0;2;0;0;2017;12;6;18;Львів;Наїзд на пішохода;Порушення проїзду переходів
субота;Сихівський;Зелена;наїзд на пішохода - пішохід переходив дорогу поза межами пішохідного переходу;порушення правил маневрування;2;49.784021;24.078174;1;0;0;1;0;2017;12;5;0;Львів;Наїзд на пішохода;Порушення маневрування
неділя;Сихівський;Кавалерідзе І.;зіткнення бокове;порушення правил маневрування;4;49.793995;24.064339;1;0;1;2;0;2017;12;6;21;Львів;Зіткнення автомобілів;Порушення маневрування
четвер;Франківський;Горбачевського І.;наїзд на пішохода - стояв на проїздній частині;порушення правил проїзду пішохідних переходів;2;49.82954;24.008324;1;0;1;0;1;2017;12;3;19;Львів;Наїзд на пішохода;Порушення проїзду переходів
середа;Галицький;Куліша П.;наїзд на транспортний засіб, що стоїть - по ходу руху;порушення правил маневрування;3;49.849329;24.024428;1;0;2;0;0;2017;12;2;22;Львів;Інше;Порушення маневрування
понеділок;Галицький;Чорновола В., просп.;наїзд на пішохода - стояв на проїздній частині;порушення правил маневрування;2;49.845887;24.025254;1;0;1;0;0;2017;12;0;4;Львів;Наїзд на пішохода;Порушення маневрування
четвер;Залізничний;Городоцька;зіткнення з задньою частиною ТЗ;порушення правил маневрування, перевищення безпечної швидкості;2;49.826328;23.944584;1;0;0;1;0;2017;12;3;21;Львів;Зіткнення автомобілів;Порушення маневрування
середа;Франківський;Наукова;наїзд на пішохода - стояв на проїздній частині;перехід у невстановленому місці;2;49.805141;23.985128;1;0;1;0;0;2017;12;2;21;Львів;Наїзд на пішохода;Інше
середа;Франківський;Стрийська;зіткнення з задньою частиною ТЗ;керування транспортним засобом у нетверезому стані, перевищення безпечної швидкості, недодержання дистанції;2;49.801883;24.018002;1;0;1;0;1;2017;12;2;6;Львів;Зіткнення автомобілів;Перевищення швидкості
понеділок;Шевченківський;Орлика П.;зіткнення лобове;порушення правил маневрування, порушення правил проїзду перехресть;2;49.87077;24.033258;1;0;1;0;1;2017;12;0;20;Львів;Зіткнення автомобілів;Порушення маневрування