accidentDay;district;streetName;accidentType;mainAccidentCause;totalParticipantsAmount;latitude;longitude;Count_Без ушкоджень;Count_Загинув;Count_Легко травмований;Count_Тяжко травмований;Is_Intersection;Year;Month;DayOfWeek;Hour;settlement_grouped;Simple_Type;Simple_Cause
п'ятниця;Галицький;Франка І.;наїзд на пішохода - стояв на проїздній частині;порушення правил маневрування, порушення правил проїзду перехресть;2;49.837443;24.034958;1;0;1;0;0;2017;12;4;20;Львів;Наїзд на пішохода;Порушення маневрування
п'ятниця;Франківський;Сахарова А., акад.;наїзд на пішохода - на регульованому пішохідному переході;порушення правил проїзду пішохідних переходів;2;49.824273;24.01187;1;0;0;1;0;2017;12;4;8;Львів;Наїзд на пішохода;Порушення проїзду переходів
вівторок;Личаківський;Зелена;падіння пасажира;порушення правил маневрування;2;49.820009;24.056523;1;0;1;0;0;2017;12;1;12;Львів;Падіння пасажира;Порушення маневрування
неділя;Франківський;Городоцька;зіткнення з задньою частиною ТЗ;порушення правил маневрування;3;49.835363;23.995004;2;0;1;0;0;2017;12;6;20;Львів;Зіткнення автомобілів;Порушення маневрування
четвер;Залізничний;Левандівська;наїзд на пішохода - стояв на проїздній частині;порушення правил проїзду пішохідних переходів;2;49.844936;23.985155;1;0;1;0;0;2017;12;3;7;Львів;Наїзд на пішохода;Порушення проїзду переходів
субота;Шевченківський;Брюховицька;зіткнення лобове;порушення правил маневрування;2;49.88072;23.947223;1;0;1;0;0;2017;12;5;14;Львів;Зіткнення автомобілів;Порушення маневрування
вівторок;Залізничний;Городоцька;зіткнення з задньою частиною ТЗ;недодержання дистанції;2;49.823736;23.930572;1;0;1;0;0;2017;12;1;12;Львів;Зіткнення автомобілів;Недотримання дистанції
субота;Галицький;Тютюнників;наїзд на пішохода - стояв на проїздній частині;порушення правил маневрування;2;49.83009;24.036659;1;0;1;0;0;2017;12;5;15;Львів;Наїзд на пішохода;Порушення маневрування
п'ятниця;Шевченківський;Варшавська;зіткнення з задньою частиною ТЗ;порушення правил маневрування;5;49.861417;24.007922;4;0;1;0;0;2017;12;4;15;Львів;Зіткнення автомобілів;Порушення маневрування
неділя;Залізничний;Широка;наїзд на пішохода - пішохід рухався у зустрічному напрямку;порушення правил проїзду пішохідних переходів;2;49.842739;23.962764;1;0;1;0;0;2017;12;6;12;Львів;Наїзд на пішохода;Порушення проїзду переходів
п'ятниця;Залізничний;Городоцька;наїзд на пішохода - стояв на проїздній частині;порушення правил маневрування;2;49.827599;23.951359;1;1;0;0;0;2017;12;4;19;Львів;Наїзд на пішохода;Порушення маневрування
субота;Залізничний;Виговського І.;зіткнення з задньою частиною ТЗ;перевищення безпечної швидкості, недодержання дистанції;4;49.8175;23.971578;3;0;1;0;0;2017;12;5;18;Львів;Зіткнення автомобілів;Перевищення швидкості
неділя;Невідомо;Зелена;зіткнення з задньою частиною ТЗ;перевищення безпечної швидкості, недодержання дистанції;4;49.782733;24.081302;2;0;2;0;0;2017;12;6;0;Передмістя;Зіткнення автомобілів;Перевищення швидкості
середа;Шевченківський;Хмельницького Б.;зіткнення бокове;порушення правил маневрування;3;49.870756;24.058009;2;0;1;0;0;2017;12;2;11;Львів;Зіткнення автомобілів;Порушення маневрування
четвер;Личаківський;Чехова А.;наїзд на пішохода - пішохід рухався у зустрічному напрямку;порушення правил маневрування;2;49.839944;24.042227;1;0;0;1;1;2017;12;3;14;Львів;Наїзд на пішохода;Порушення маневрування
неділя;Шевченківський;Шевченка Т.;наїзд на пішохода - стояв на проїздній частині;порушення правил маневрування;2;49.859923;23.97072;1;0;1;0;0;2017;12;6;17;Львів;Наїзд на пішохода;Порушення маневрування
понеділок;Личаківський;Мечникова І.;наїзд на пішохода - пішохід рухався у зустрічному напрямку;порушення правил маневрування;2;49.836588;24.053852;1;0;1;0;0;2017;12;0;8;Львів;Наїзд на пішохода;Порушення маневрування
п'ятниця;Франківський;Чупринки Т., ген.;наїзд на пішохода - стояв на проїздній частині;порушення правил маневрування;2;49.832882;24.013131;1;0;1;0;0;2017;12;4;19;Львів;Наїзд на пішохода;Порушення маневрування
субота;Галицький;Городоцька;наїзд на пішохода - стояв на проїздній частині;неочікуваний вихід на проїзну частину;2;49.844355;24.025104;1;0;1;0;1;2017;12;5;14;Львів;Наїзд на пішохода;Інше
субота;Личаківський;Глинянський Тракт;наїзд на пішохода - стояв на проїздній частині;порушення правил маневрування;2;49.842101;24.102221;1;1;0;0;0;2017;12;5;23;Львів;Наїзд на пішохода;Порушення маневрування
неділя;Залізничний;Городоцька;наїзд на пішохода - пішохід рухався у зустрічному напрямку;порушення правил маневрування;2;49.822698;23.925186;1;1;0;0;0;2017;12;6;20;Львів;Наїзд на пішохода;Порушення маневрування
субота;Франківський;Кульпарківська;наїзд на пішохода - стояв на проїздній частині;порушення правил маневрування;2;49.807028;23.981706;1;0;1;0;0;2017;12;5;20;Львів;Наїзд на пішохода;Порушення маневрування
п'ятниця;Залізничний;Широка;наїзд на інші види перешкод;перевищення безпечної швидкості;1;49.842504;23.979855;0;0;0;1;0;2017;12;4;20;Львів;Наїзд на перешкоду;Перевищення швидкості
середа;Шевченківський;Клепарівська;зіткнення з задньою частиною ТЗ;перевищення безпечної швидкості, недодержання дистанції;2;49.852211;24.014755;1;0;1;0;0;2017;12;2;10;Львів;Зіткнення автомобілів;Перевищення швидкості
п'ятниця;Залізничний;Любінська;зіткнення бокове;порушення правил маневрування;3;49.823643;23.976336;2;0;1;0;0;2017;12;4;21;Львів;Зіткнення автомобілів;Порушення маневрування
вівторок;Франківський;Кульпарківська;наїзд на пішохода - стояв на проїздній частині;порушення правил маневрування;2;49.817441;23.98706;1;0;1;0;0;2017;12;1;14;Львів;Наїзд на пішохода;Порушення маневрування
субота;Шевченківський;Шевченка Т.;наїзд на інші види перешкод;перевищення безпечної швидкості;2;49.871534;23.941689;1;0;1;0;0;2017;12;5;23;Львів;Наїзд на перешкоду;Перевищення швидкості
середа;Галицький;Городоцька;наїзд на пішохода - стояв на проїздній частині;порушення правил маневрування;2;49.837578;24.005266;1;0;1;0;0;2017;12;2;6;Львів;Наїзд на пішохода;Порушення маневрування
середа;Франківський;Стрийська;зіткнення лобове;порушення правил маневрування;2;49.81292;24.019611;0;0;2;0;0;2017;12;2;12;Львів;Зіткнення автомобілів;Порушення маневрування
неділя;Галицький;Франка І.;наїзд на пішохода - стояв на проїздній частині;порушення правил маневрування;2;49.83019;24.031692;1;0;1;0;0;2017;12;6;9;Львів;Наїзд на пішохода;Порушення маневрування
вівторок;Шевченківський;Величковського І.;зіткнення лобове;перевищення безпечної швидкості, порушення правил маневрування;2;49.875479;23.938077;1;0;1;0;0;2017;12;1;10;Львів;Зіткнення автомобілів;Порушення маневрування
вівторок;Франківський;Княгині Ольги;наїзд на пішохода - стояв на проїздній частині;порушення правил маневрування;2;49.820833;24.005277;1;1;0;0;1;2017;12;1;22;Львів;Наїзд на пішохода;Порушення маневрування
середа;Личаківський;Глинянський Тракт;наїзд на пішохода - стояв на проїздній частині;перевищення безпечної швидкості;2;49.842141;24.102185;1;0;1;0;0;2017;12;2;18;Львів;Наїзд на пішохода;Перевищення швидкості
неділя;Галицький;Чорновола В., просп.;наїзд на пішохода - пішохід рухався у зустрічному напрямку;перевищення безпечної швидкості;2;49.848904;24.025651;1;0;0;1;0;2018;1;6;2;Львів;Наїзд на пішохода;Перевищення швидкості
середа;Франківський;Київська;наїзд на пішохода - пішохід рухався у зустрічному напрямку;порушення правил маневрування;2;49.832343;24.012047;1;0;1;0;1;2018;1;2;19;Львів;Наїзд на пішохода;Порушення маневрування
понеділок;Залізничний;Виговського І.;наїзд на пішохода - пішохід рухався у зустрічному напрямку;пішоходи невиконання вимог сигналів регулювання;2;49.815523;23.973606;1;0;0;1;0;2018;1;0;4;Львів;Наїзд на пішохода;Інше
середа;Сихівський;Пимоненка М.;наїзд на пішохода - пішохід рухався у зустрічному напрямку;перевищення безпечної швидкості;3;49.809209;24.07775;1;0;2;0;0;2018;1;2;18;Львів;Наїзд на пішохода;Перевищення швидкості
п'ятниця;Галицький;Університетська;падіння пасажира;перевищення безпечної швидкості , порушення правил перевезення пасажирів;2;49.839989;24.022003;1;0;1;0;0;2018;1;4;12;Львів;Падіння пасажира;Перевищення швидкості
вівторок;Залізничний;Городоцька;наїзд на пішохода - пішохід рухався у зустрічному напрямку;перевищення безпечної швидкості;2;49.838311;24.007326;1;0;1;0;0;2018;1;1;18;Львів;Наїзд на пішохода;Перевищення швидкості
вівторок;Личаківський;Личаківська;наїзд на пішохода - пішохід рухався у зустрічному напрямку;перевищення безпечної швидкості;2;49.839986;24.049244;1;0;0;1;0;2018;1;1;17;Львів;Наїзд на пішохода;Перевищення швидкості
вівторок;Шевченківський;Варшавська;зіткнення бокове;порушення правил маневрування;4;49.855043;24.014418;2;0;2;0;0;2018;1;1;15;Львів;Зіткнення автомобілів;Порушення маневрування
середа;Шевченківський;Промислова;наїзд на пішохода - пішохід рухався у зустрічному напрямку;перевищення безпечної швидкості;2;49.861137;24.043767;1;0;0;1;0;2018;1;2;18;Львів;Наїзд на пішохода;Перевищення швидкості
вівторок;Галицький;Винниченка В.;наїзд на пішохода - пішохід рухався у зустрічному напрямку;перевищення безпечної швидкості;2;49.842355;24.036192;1;0;0;1;0;2018;1;1;13;Львів;Наїзд на пішохода;Перевищення швидкості
неділя;Франківський;Чупринки Т., ген.;наїзд на пішохода - пішохід на тротуарі чи велосипедній доріжці;перевищення безпечної швидкості;2;49.832242;24.011827;1;0;0;1;0;2018;1;6;12;Львів;Наїзд на пішохода;Перевищення швидкості
неділя;Шевченківський;Шевченка Т.;зіткнення бокове;перевищення безпечної швидкості;3;49.859961;23.970559;2;0;1;0;0;2018;1;6;23;Львів;Зіткнення автомобілів;Перевищення швидкості
неділя;Шевченківський;Шевченка Т.;наїзд на пішохода - пішохід рухався у зустрічному напрямку;перевищення безпечної швидкості;2;49.868111;23.952282;1;0;1;0;0;2018;1;6;18;Львів;Наїзд на пішохода;Перевищення швидкості
субота;Личаківський;Лисеницька;наїзд на пішохода - пішохід рухався у зустрічному напрямку;перевищення безпечної швидкості;2;49.816413;24.082997;1;1;0;0;0;2018;1;5;10;Львів;Наїзд на пішохода;Перевищення швидкості
вівторок;Шевченківський;Базарна;наїзд на пішохода - пішохід рухався у зустрічному напрямку;перевищення безпечної швидкості;2;49.84632;24.018688;1;0;0;1;0;2018;1;1;12;Львів;Наїзд на пішохода;Перевищення швидкості
четвер;Галицький;Торгова;наїзд на пішохода - пішохід рухався у зустрічному напрямку;перевищення безпечної швидкості;2;49.84467;24.026687;1;0;1;0;0;2018;1;3;21;Львів;Наїзд на пішохода;Перевищення швидкості
четвер;Сихівський;Червоної Калини, просп.;наїзд на пішохода - пішохід рухався у зустрічному напрямку;порушення правил проїзду пішохідних переходів;2;49.796807;24.052334;1;0;1;0;0;2018;1;3;8;Львів;Наїзд на пішохода;Порушення проїзду переходів
середа;Галицький;Свободи, просп.;зіткнення бокове;перевищення безпечної швидкості;4;49.844611;24.026316;2;0;2;0;1;2018;1;2;2;Львів;Зіткнення автомобілів;Перевищення швидкості
четвер;Личаківський;Вашингтона Дж.;наїзд на пішохода - пішохід рухався у зустрічному напрямку;перевищення безпечної швидкості;2;49.815108;24.073126;1;0;1;0;0;2018;1;3;18;Львів;Наїзд на пішохода;Перевищення швидкості
п'ятниця;Залізничний;Любінська;наїзд на пішохода - пішохід рухався у зустрічному напрямку;перевищення безпечної швидкості;2;49.824501;23.978058;1;0;0;1;0;2018;1;4;20;Львів;Наїзд на пішохода;Перевищення швидкості
вівторок;Залізничний;Городоцька;зіткнення бокове;перевищення безпечної швидкості;8;49.829332;23.961139;4;1;1;2;0;2018;1;1;19;Львів;Зіткнення автомобілів;Перевищення швидкості
п'ятниця;Сихівський;Сихівська;наїзд на пішохода - пішохід рухався у зустрічному напрямку;перевищення безпечної швидкості;2;49.796118;24.062676;1;0;1;0;0;2018;1;4;13;Львів;Наїзд на пішохода;Перевищення швидкості
п'ятниця;Сихівський;Пасічна;зіткнення бокове;перевищення безпечної швидкості , недодержання дистанції;3;49.807326;24.071954;2;0;1;0;0;2018;1;4;19;Львів;Зіткнення автомобілів;Перевищення швидкості
п'ятниця;Франківський;Кульпарківська;наїзд на пішохода - пішохід рухався у зустрічному напрямку;перевищення безпечної швидкості;2;49.809095;23.982419;1;0;0;1;0;2018;1;4;7;Львів;Наїзд на пішохода;Перевищення швидкості
середа;Франківський;Кульпарківська;наїзд на пішохода - пішохід рухався у зустрічному напрямку;порушення правил проїзду перехресть;2;49.815004;23.985643;1;0;1;0;1;2018;1;2;19;Львів;Наїзд на пішохода;Порушення проїзду перехресть
вівторок;Залізничний;Патона Є.;зіткнення бокове;порушення правил маневрування;2;49.826827;23.947599;1;0;1;0;1;2018;1;1;15;Львів;Зіткнення автомобілів;Порушення маневрування
субота;Сихівський;Стуса В.;зіткнення бокове;перевищення безпечної швидкості;2;49.817441;24.045494;1;0;1;0;0;2018;1;5;17;Львів;Зіткнення автомобілів;Перевищення швидкості
вівторок;Шевченківський;Мазепи І., гетьм.;наїзд на пішохода - пішохід рухався у зустрічному напрямку;перевищення безпечної швидкості;2;49.8705;24.031547;1;0;0;1;0;2018;1;1;23;Львів;Наїзд на пішохода;Перевищення швидкості
неділя;Шевченківський;Шевченка Т.;зіткнення бокове;виїзд на смугу зустрічного руху , перевищення безпечної швидкості;4;49.847956;24.000605;1;0;3;0;0;2018;1;6;1;Львів;Зіткнення автомобілів;Перевищення швидкості
неділя;Галицький;Куліша П.;наїзд на пішохода - пішохід рухався у зустрічному напрямку;перевищення безпечної швидкості;3;49.84972;24.024391;1;0;0;2;0;2018;1;6;21;Львів;Наїзд на пішохода;Перевищення швидкості
вівторок;Франківський;Володимира Великого;наїзд на транспортний засіб, що стоїть - по ходу руху;перевищення безпечної швидкості;3;49.811487;23.989254;1;0;2;0;0;2018;1;1;23;Львів;Інше;Перевищення швидкості
вівторок;Галицький;Князя Романа;наїзд на пішохода - пішохід рухався у зустрічному напрямку;перевищення безпечної швидкості;2;49.837671;24.033033;1;0;1;0;0;2018;1;1;11;Львів;Наїзд на пішохода;Перевищення швидкості
понеділок;Сихівський;Зубрівська;наїзд на пішохода - пішохід на тротуарі чи велосипедній доріжці;перевищення безпечної швидкості;2;49.798269;24.063374;1;0;0;1;0;2018;2;0;5;Львів;Наїзд на пішохода;Перевищення швидкості
субота;Галицький;Під Дубом;зіткнення бокове;перевищення безпечної швидкості;1;49.850474;24.024675;0;0;1;0;0;2018;1;5;17;Львів;Зіткнення автомобілів;Перевищення швидкості
середа;Залізничний;Городоцька;наїзд на інші види перешкод;перевищення безпечної швидкості;2;49.829568;23.962249;1;0;1;0;0;2018;1;2;15;Львів;Наїзд на перешкоду;Перевищення швидкості
неділя;Шевченківський;Чорновола В., просп.;зіткнення з задньою частиною тз;перевищення безпечної швидкості;3;49.853342;24.023436;2;0;1;0;0;2018;2;6;11;Львів;Зіткнення автомобілів;Перевищення швидкості
понеділок;Залізничний;Городоцька;зіткнення бокове;перевищення безпечної швидкості;3;49.823408;23.929188;2;0;1;0;0;2018;2;0;15;Львів;Зіткнення автомобілів;Перевищення швидкості
п'ятниця;Галицький;Саксаганського П.;наїзд на інші види перешкод;перевищення безпечної швидкості , керування транспортним засобом у нетверезому стані;1;49.835554;24.032523;0;0;1;0;0;2018;2;4;0;Львів;Наїзд на перешкоду;Перевищення швидкості
вівторок;Залізничний;Гніздовського Я.;наїзд на пішохода - пішохід рухався у зустрічному напрямку;перевищення безпечної швидкості;2;49.839131;23.969615;1;0;1;0;0;2018;2;1;19;Львів;Наїзд на пішохода;Перевищення швидкості
п'ятниця;Шевченківський;Хмельницького Б.;зіткнення бокове;перевищення безпечної швидкості;4;49.869844;24.057248;3;0;1;0;1;2018;1;4;14;Львів;Зіткнення автомобілів;Перевищення швидкості
п'ятниця;Личаківський;Лисеницька;наїзд на пішохода - пішохід рухався у зустрічному напрямку;перевищення безпечної швидкості;2;49.81652;24.077418;1;0;1;0;1;2018;2;4;14;Львів;Наїзд на пішохода;Перевищення швидкості
середа;Шевченківський;Шевченка Т.;зіткнення з задньою частиною тз;порушення правил маневрування;5;49.872001;23.93922;2;0;3;0;0;2018;1;2;17;Львів;Зіткнення автомобілів;Порушення маневрування
вівторок;Шевченківський;Шевченка Т.;зіткнення з задньою частиною тз;недодержання дистанції;2;49.859906;23.970773;1;0;1;0;0;2018;1;1;7;Львів;Зіткнення автомобілів;Недотримання дистанції
неділя;Залізничний;Повітряна;зіткнення з задньою частиною тз;перевищення безпечної швидкості;3;49.84615;23.984281;1;0;2;0;0;2018;1;6;20;Львів;Зіткнення автомобілів;Перевищення швидкості
вівторок;Галицький;Чорновола В., просп.;зіткнення з задньою частиною тз;недодержання дистанції;2;49.847091;24.025646;1;0;1;0;0;2018;2;1;9;Львів;Зіткнення автомобілів;Недотримання дистанції
вівторок;Личаківський;Богданівська;зіткнення лобове;порушення правил проїзду перехресть;3;49.84039;24.085486;2;0;1;0;1;2018;2;1;11;Львів;Зіткнення автомобілів;Порушення проїзду перехресть
середа;Личаківський;Богданівська;зіткнення бокове;перевищення безпечної швидкості;2;49.846735;24.084933;1;0;1;0;0;2018;2;2;17;Львів;Зіткнення автомобілів;Перевищення швидкості
п'ятниця;Личаківський;Хмельницького Б.;зіткнення з задньою частиною тз;перевищення безпечної швидкості;2;49.869608;24.057076;1;0;1;0;0;2018;1;4;1;Львів;Зіткнення автомобілів;Перевищення швидкості
понеділок;Франківський;Тролейбусна;наїзд на пішохода - пішохід рухався у зустрічному напрямку;порушення правил проїзду перехресть;2;49.803151;24.006371;1;0;1;0;1;2018;2;0;18;Львів;Наїзд на пішохода;Порушення проїзду перехресть
вівторок;Сихівський;Стуса В.;наїзд на інші види перешкод;перевищення безпечної швидкості;2;49.818863;24.041911;0;1;1;0;0;2018;2;1;0;Львів;Наїзд на перешкоду;Перевищення швидкості
середа;Сихівський;Червоної Калини, просп.;падіння пасажира;перевищення безпечної швидкості;2;49.799536;24.047919;1;0;1;0;0;2018;2;2;21;Львів;Падіння пасажира;Перевищення швидкості
середа;Шевченківський;Шевченка Т.;зіткнення бокове;порушення правил маневрування;4;49.871081;23.944166;0;0;4;0;0;2018;2;2;16;Львів;Зіткнення автомобілів;Порушення маневрування
четвер;Залізничний;Хотинська;наїзд на пішохода - на нерегульованому пішохідному переході;порушення правил проїзду пішохідних переходів;2;49.837633;24.004998;1;0;0;1;0;2018;1;3;20;Львів;Наїзд на пішохода;Порушення проїзду переходів
п'ятниця;Франківський;Княгині Ольги;наїзд на пішохода - пішохід рухався у зустрічному напрямку;перевищення безпечної швидкості;2;49.817659;24.003453;1;0;0;1;0;2018;3;4;15;Львів;Наїзд на пішохода;Перевищення швидкості
неділя;Личаківський;Пасічна;наїзд на пішохода - пішохід рухався у зустрічному напрямку;перевищення безпечної швидкості;2;49.828751;24.07186;1;1;0;0;0;2018;2;6;8;Львів;Наїзд на пішохода;Перевищення швидкості
понеділок;Шевченківський;Мазепи І., гетьм.;наїзд на пішохода - пішохід рухався у зустрічному напрямку;перевищення безпечної швидкості;2;49.872803;24.037753;1;0;0;1;0;2018;2;0;19;Львів;Наїзд на пішохода;Перевищення швидкості
субота;Залізничний;Городоцька;наїзд на пішохода - пішохід рухався у зустрічному напрямку;перевищення безпечної швидкості;2;49.835602;23.995165;0;0;2;0;0;2018;2;5;16;Львів;Наїзд на пішохода;Перевищення швидкості
середа;Залізничний;Станційна;наїзд на пішохода - пішохід рухався у зустрічному напрямку;перевищення безпечної швидкості;2;49.821805;23.932203;1;0;1;0;0;2018;2;2;16;Львів;Наїзд на пішохода;Перевищення швидкості
середа;Шевченківський;Промислова;наїзд на пішохода - пішохід рухався у зустрічному напрямку;порушення правил проїзду пішохідних переходів;2;49.861213;24.043783;1;0;1;0;0;2018;1;2;18;Львів;Наїзд на пішохода;Порушення проїзду переходів
субота;Шевченківський;Варшавська;зіткнення бокове;невиконання вимог сигналів регулювання;2;49.867261;24.015657;0;0;1;1;0;2018;2;5;20;Львів;Зіткнення автомобілів;Інше
п'ятниця;Галицький;Чорновола В., просп.;наїзд на пішохода - пішохід рухався у зустрічному напрямку;порушення правил маневрування;2;49.846735;24.025592;1;0;1;0;0;2018;2;4;12;Львів;Наїзд на пішохода;Порушення маневрування
вівторок;Сихівський;Червоної Калини, просп.;наїзд на пішохода - пішохід переходив дорогу поза межами пішохідного переходу;перехід у невстановленому місці;2;49.79573;24.055129;1;0;0;1;0;2018;1;1;7;Львів;Наїзд на пішохода;Інше
вівторок;Шевченківський;Липинського В.;наїзд на пішохода - пішохід рухався у зустрічному напрямку;перевищення безпечної швидкості;2;49.865234;24.048423;1;1;0;0;0;2018;1;1;5;Львів;Наїзд на пішохода;Перевищення швидкості
вівторок;Франківський;Городоцька;наїзд на пішохода - пішохід рухався у зустрічному напрямку;перевищення безпечної швидкості , порушення правил проїзду пішохідних переходів;2;49.833312;23.983235;1;0;0;1;0;2018;1;1;7;Львів;Наїзд на пішохода;Перевищення швидкості
понеділок;Галицький;Чупринки Т., ген.;наїзд на пішохода - пішохід рухався у зустрічному напрямку;перевищення безпечної швидкості;2;49.834408;24.016129;1;0;1;0;0;2018;1;0;18;Львів;Наїзд на пішохода;Перевищення швидкості
понеділок;Шевченківський;Замарстинівська;перекидання тз;перевищення безпечної швидкості;2;49.877906;24.005277;0;0;2;0;0;2018;2;0;13;Львів;Перекидання;Перевищення швидкості
неділя;Шевченківський;Хмельницького Б.;зіткнення з задньою частиною тз;порушення правил проїзду перехресть;5;49.87327;24.06015;3;0;2;0;0;2018;1;6;8;Львів;Зіткнення автомобілів;Порушення проїзду перехресть
понеділок;Шевченківський;Липинського В.;наїзд на пішохода - стояв на проїздній частині;перевищення безпечної швидкості;2;49.857146;24.022583;1;0;1;0;0;2018;1;0;17;Львів;Наїзд на пішохода;Перевищення швидкості
вівторок;Шевченківський;Мазепи І., гетьм.;наїзд на пішохода - пішохід рухався у зустрічному напрямку;перевищення безпечної швидкості;2;49.872997;24.049737;1;0;1;0;0;2018;1;1;15;Львів;Наїзд на пішохода;Перевищення швидкості
п'ятниця;Личаківський;Пасічна;наїзд на дорожне огородження;перевищення безпечної швидкості;1;49.829845;24.06939;0;0;1;0;0;2018;1;4;22;Львів;Наїзд на перешкоду;Перевищення швидкості
вівторок;Сихівський;Стрийська;зіткнення з задньою частиною тз;недодержання дистанції;2;49.783703;24.014375;1;0;1;0;0;2018;1;1;17;Львів;Зіткнення автомобілів;Недотримання дистанції
п'ятниця;Шевченківський;Липинського В.;зіткнення бокове;перевищення безпечної швидкості , недодержання дистанції;3;49.861126;24.028049;2;0;1;0;0;2018;2;4;23;Львів;Зіткнення автомобілів;Перевищення швидкості
п'ятниця;Франківський;Кульпарківська;наїзд на інші види перешкод;перевищення безпечної швидкості;3;49.816873;23.986738;2;0;1;0;0;2018;1;4;17;Львів;Наїзд на перешкоду;Перевищення швидкості
неділя;Личаківський;Левицького К.;наїзд на транспортний засіб, що стоїть - по ходу руху;перевищення безпечної швидкості;3;49.835474;24.037448;2;0;1;0;0;2018;2;6;11;Львів;Інше;Перевищення швидкості
середа;Сихівський;Луганська;зіткнення з задньою частиною тз;перевищення безпечної швидкості , порушення правил маневрування;3;49.81175;24.022154;2;0;0;1;0;2018;1;2;16;Львів;Зіткнення автомобілів;Порушення маневрування
понеділок;Шевченківський;Шевченка Т.;падіння пасажира;перевищення безпечної швидкості;3;49.872858;23.928566;2;0;1;0;1;2018;2;0;18;Львів;Падіння пасажира;Перевищення швидкості
неділя;Шевченківський;Чорновола В., просп.;наїзд на пішохода - пішохід рухався у зустрічному напрямку;перевищення безпечної швидкості;2;49.863267;24.016424;1;0;0;1;0;2018;2;6;13;Львів;Наїзд на пішохода;Перевищення швидкості
вівторок;Сихівський;Морозна;наїзд на пішохода - пішохід рухався у зустрічному напрямку;перевищення безпечної швидкості;2;49.796156;24.068835;1;0;0;1;0;2018;2;1;17;Львів;Наїзд на пішохода;Перевищення швидкості
неділя;Франківський;Сяйво;зіткнення з задньою частиною тз;порушення правил проїзду перехресть;2;49.832312;23.977457;1;0;1;0;1;2018;1;6;16;Львів;Зіткнення автомобілів;Порушення проїзду перехресть
четвер;Сихівський;Червоної Калини, просп.;зіткнення з задньою частиною тз;.;2;49.810244;24.046476;0;0;2;0;1;2018;2;3;16;Львів;Зіткнення автомобілів;Інше
середа;Личаківський;Пасічна;наїзд на пішохода - пішохід рухався у зустрічному напрямку;перевищення безпечної швидкості;2;49.820961;24.075696;1;0;1;0;0;2018;2;2;16;Львів;Наїзд на пішохода;Перевищення швидкості
вівторок;Шевченківський;Грінченка Б.;наїзд на пішохода - пішохід рухався у зустрічному напрямку;перевищення безпечної швидкості;2;49.872672;24.05073;1;0;1;0;0;2018;1;1;9;Львів;Наїзд на пішохода;Перевищення швидкості
субота;Франківський;Княгині Ольги;наїзд на пішохода - на нерегульованому пішохідному переході;перевищення безпечної швидкості;3;49.823217;24.007176;1;0;1;1;0;2018;1;5;11;Львів;Наїзд на пішохода;Перевищення швидкості
неділя;Сихівський;Стрийська;наїзд на пішохода - пішохід рухався у зустрічному напрямку;перевищення безпечної швидкості;3;49.783734;24.014246;2;0;1;0;0;2018;2;6;23;Львів;Наїзд на пішохода;Перевищення швидкості
четвер;Галицький;Чупринки Т., ген.;зіткнення бокове;перевищення безпечної швидкості;4;49.833734;24.014761;1;0;3;0;0;2018;2;3;14;Львів;Зіткнення автомобілів;Перевищення швидкості
понеділок;Франківський;Володимира Великого;зіткнення лобове;перевищення безпечної швидкості;2;49.809029;24.011757;1;0;1;0;1;2018;2;0;11;Львів;Зіткнення автомобілів;Перевищення швидкості
п'ятниця;Франківський;Любінська;зіткнення лобове;порушення правил проїзду перехресть;3;49.827104;23.982747;1;0;1;1;1;2018;2;4;22;Львів;Зіткнення автомобілів;Порушення проїзду перехресть
понеділок;Галицький;Снопківська;зіткнення з задньою частиною тз;перевищення безпечної швидкості , недодержання дистанції;3;49.826322;24.036278;2;0;1;0;0;2018;2;0;21;Львів;Зіткнення автомобілів;Перевищення швидкості
понеділок;Шевченківський;Тунельна;зіткнення лобове;перевищення безпечної швидкості;4;49.861403;24.001619;0;0;2;2;1;2018;2;0;19;Львів;Зіткнення автомобілів;Перевищення швидкості
неділя;Шевченківський;Миколайчука І.;наїзд на інші види перешкод;перевищення безпечної швидкості;2;49.869663;24.031424;0;0;2;0;0;2018;1;6;22;Львів;Наїзд на перешкоду;Перевищення швидкості
вівторок;Галицький;Дорошенка П.;наїзд на пішохода - пішохід рухався у зустрічному напрямку;порушення правил проїзду пішохідних переходів , порушення правил маневрування;2;49.839858;24.026536;1;0;1;0;0;2018;1;1;14;Львів;Наїзд на пішохода;Порушення маневрування
п'ятниця;Галицький;Городоцька;наїзд на пішохода - пішохід рухався у зустрічному напрямку;перевищення безпечної швидкості;2;49.838626;24.008013;1;0;1;0;0;2018;2;4;19;Львів;Наїзд на пішохода;Перевищення швидкості
неділя;Сихівський;Мікльоша К.;зіткнення лобове;перевищення безпечної швидкості;5;49.78373;24.014246;1;0;4;0;1;2018;2;6;14;Львів;Зіткнення автомобілів;Перевищення швидкості
неділя;Шевченківський;Миколайчука І.;наїзд на пішохода - пішохід рухався у зустрічному напрямку;перевищення безпечної швидкості;2;49.865252;24.04433;1;0;1;0;1;2018;1;6;21;Львів;Наїзд на пішохода;Перевищення швидкості
понеділок;Галицький;Міцкевича А., пл.;зіткнення лобове;перевищення безпечної швидкості;4;49.839103;24.030501;3;0;1;0;0;2018;2;0;13;Львів;Зіткнення автомобілів;Перевищення швидкості
п'ятниця;Сихівський;Стрийська;зіткнення лобове;виїзд на смугу зустрічного руху , перевищення безпечної швидкості;3;49.774779;24.014311;0;0;2;1;0;2018;2;4;17;Львів;Зіткнення автомобілів;Перевищення швидкості