accidentDay;district;streetName;accidentType;mainAccidentCause;totalParticipantsAmount;latitude;longitude;Count_Без ушкоджень;Count_Загинув;Count_Легко травмований;Count_Тяжко травмований;Is_Intersection;Year;Month;DayOfWeek;Hour;settlement_grouped;Simple_Type;Simple_Cause
п'ятниця;Шевченківський;Нагірна;зіткнення з задньою частиною тз;перевищення безпечної швидкості , недодержання дистанції;3;49.877871;24.06258;2;0;0;1;0;2018;2;4;20;Львів;Зіткнення автомобілів;Перевищення швидкості
понеділок;Залізничний;Кульпарківська;зіткнення з задньою частиною тз;недодержання дистанції;3;49.802607;23.980569;1;0;2;0;0;2018;2;0;9;Львів;Зіткнення автомобілів;Недотримання дистанції
п'ятниця;Залізничний;Виговського І.;зіткнення бокове;перевищення безпечної швидкості;4;49.812944;23.978418;1;0;3;0;0;2018;1;4;21;Львів;Зіткнення автомобілів;Перевищення швидкості
вівторок;Личаківський;Богданівська;наїзд на пішохода - пішохід рухався у зустрічному напрямку;порушення правил проїзду пішохідних переходів;2;49.848631;24.083877;1;0;1;0;0;2018;2;1;14;Львів;Наїзд на пішохода;Порушення проїзду переходів
неділя;Залізничний;Городоцька;наїзд на пішохода - пішохід рухався у зустрічному напрямку;перевищення безпечної швидкості;2;49.830606;23.968284;1;0;1;0;0;2018;2;6;4;Львів;Наїзд на пішохода;Перевищення швидкості
неділя;Шевченківський;Замарстинівська;зіткнення з задньою частиною тз;перевищення безпечної швидкості , недодержання дистанції;3;49.852664;24.027754;2;0;0;1;0;2018;1;6;14;Львів;Зіткнення автомобілів;Перевищення швидкості
субота;Личаківський;Глинянський Тракт;зіткнення бокове;порушення правил маневрування;2;49.836938;24.073861;1;0;1;0;1;2018;2;5;18;Львів;Зіткнення автомобілів;Порушення маневрування
субота;Галицький;Ринок, пл.;наїзд на пішохода - пішохід рухався у зустрічному напрямку;перевищення безпечної швидкості;2;49.841401;24.032003;1;0;1;0;0;2018;2;5;12;Львів;Наїзд на пішохода;Перевищення швидкості
вівторок;Личаківський;Зелена;наїзд на велосипедиста - поза межами велосипедної доріжки;порушення правил маневрування;2;49.821234;24.055461;1;0;1;0;0;2018;4;1;16;Львів;Наїзд на велосипедиста;Порушення маневрування
вівторок;Шевченківський;Хімічна;падіння пасажира;порушення техніки безпеки пасажиром;2;49.853165;24.02196;1;0;1;0;0;2018;4;1;10;Львів;Падіння пасажира;Інше
неділя;Залізничний;Виговського І.;зіткнення бокове;порушення правил проїзду перехресть;5;49.812879;23.978498;2;0;3;0;0;2018;4;6;8;Львів;Зіткнення автомобілів;Порушення проїзду перехресть
субота;Франківський;Володимира Великого;зіткнення з задньою частиною тз;недодержання дистанції;5;49.808247;24.016982;2;0;3;0;0;2018;3;5;13;Львів;Зіткнення автомобілів;Недотримання дистанції
п'ятниця;Шевченківський;Хмельницького Б.;зіткнення бокове;порушення правил маневрування , перевищення безпечної швидкості;2;49.874182;24.061024;1;0;1;0;0;2018;3;4;19;Львів;Зіткнення автомобілів;Порушення маневрування
понеділок;Франківський;Сахарова А., акад.;зіткнення лобове;порушення правил маневрування;3;49.82086;24.017379;2;0;1;0;0;2018;3;0;16;Львів;Зіткнення автомобілів;Порушення маневрування
п'ятниця;Галицький;Свободи, просп.;наїзд на пішохода - на нерегульованому пішохідному переході;порушення правил проїзду перехресть;2;49.840799;24.028698;1;0;0;1;0;2018;4;4;20;Львів;Наїзд на пішохода;Порушення проїзду перехресть
понеділок;Франківський;Городоцька;зіткнення з задньою частиною тз;перевищення безпечної швидкості;3;49.832927;23.981089;2;0;1;0;0;2018;3;0;10;Львів;Зіткнення автомобілів;Перевищення швидкості
вівторок;Шевченківський;Мазепи І., гетьм.;наїзд на пішохода - на нерегульованому пішохідному переході;перевищення безпечної швидкості;2;49.872533;24.043847;1;0;0;1;0;2018;3;1;10;Львів;Наїзд на пішохода;Перевищення швидкості
п'ятниця;Личаківський;Франка І.;наїзд на пішохода - пішохід переходив дорогу поза межами пішохідного переходу;перевищення безпечної швидкості;2;49.822158;24.075102;1;0;1;0;1;2018;4;4;14;Львів;Наїзд на пішохода;Перевищення швидкості
середа;Франківський;Княгині Ольги;наїзд на пішохода - на нерегульованому пішохідному переході;перевищення безпечної швидкості;2;49.823248;24.007241;1;0;1;0;0;2018;4;2;10;Львів;Наїзд на пішохода;Перевищення швидкості
середа;Сихівський;Червоної Калини, просп.;зіткнення лобове;перевищення безпечної швидкості;3;49.810255;24.046251;2;0;1;0;1;2018;4;2;12;Львів;Зіткнення автомобілів;Перевищення швидкості
четвер;Галицький;Городоцька;зіткнення з задньою частиною тз;перевищення безпечної швидкості;3;49.842805;24.018956;2;0;1;0;1;2018;4;3;20;Львів;Зіткнення автомобілів;Перевищення швидкості
вівторок;Шевченківський;Сотника Панаса;перекидання тз;перевищення безпечної швидкості;3;49.872174;23.93834;2;0;0;1;0;2018;4;1;21;Львів;Перекидання;Перевищення швидкості
неділя;Франківський;Сахарова А., акад.;наїзд на пішохода - пішохід рухався у попутному напрямку;перехід у невстановленому місці;2;49.820784;24.017621;1;0;1;0;0;2018;3;6;20;Львів;Наїзд на пішохода;Інше
вівторок;Галицький;Чорновола В., просп.;наїзд на пішохода - пішохід переходив дорогу поза межами пішохідного переходу;перевищення безпечної швидкості;2;49.844981;24.025324;1;0;1;0;1;2018;3;1;15;Львів;Наїзд на пішохода;Перевищення швидкості
середа;Франківський;Наукова;наїзд на пішохода - пішохід на тротуарі чи велосипедній доріжці;порушення правил маневрування;2;49.803923;24.000025;1;0;1;0;0;2018;3;2;17;Львів;Наїзд на пішохода;Порушення маневрування
середа;Франківський;Володимира Великого;зіткнення бокове;порушення правил маневрування;2;49.80968;24.008539;1;1;0;0;0;2018;4;2;0;Львів;Зіткнення автомобілів;Порушення маневрування
вівторок;Шевченківський;Чорновола В., просп.;наїзд на пішохода - пішохід рухався у зустрічному напрямку;перевищення безпечної швидкості;2;49.854068;24.022889;1;0;1;0;0;2018;4;1;20;Львів;Наїзд на пішохода;Перевищення швидкості
середа;Галицький;Дорошенка П.;наїзд на пішохода - на нерегульованому пішохідному переході;перевищення безпечної швидкості;2;49.839159;24.025126;1;0;1;0;0;2018;3;2;8;Львів;Наїзд на пішохода;Перевищення швидкості
середа;Залізничний;Кульпарківська;зіткнення бокове;порушення правил маневрування;2;49.809195;23.982441;1;0;1;0;0;2018;3;2;15;Львів;Зіткнення автомобілів;Порушення маневрування
середа;Сихівський;Дністерcька;наїзд на пішохода - пішохід переходив дорогу поза межами пішохідного переходу;перевищення безпечної швидкості;3;49.817977;24.057103;2;0;1;0;0;2018;3;2;23;Львів;Наїзд на пішохода;Перевищення швидкості
неділя;Шевченківський;Хмельницького Б.;зіткнення бокове;порушення правил маневрування;3;49.86985;24.057237;0;0;3;0;1;2018;4;6;10;Львів;Зіткнення автомобілів;Порушення маневрування
п'ятниця;Галицький;Городоцька;наїзд на пішохода - на регульованому пішохідному переході;неочікуваний вихід на проїзну частину;2;49.842421;24.017669;1;0;0;1;0;2018;3;4;11;Львів;Наїзд на пішохода;Інше
середа;Шевченківський;Івасюка В.;наїзд на пішохода - стояв на проїздній частині;перевищення безпечної швидкості;2;49.903332;23.929939;1;0;1;0;0;2018;4;2;9;Передмістя;Наїзд на пішохода;Перевищення швидкості
субота;Залізничний;Шевченка Т.;падіння пасажира;перевищення безпечної швидкості;2;49.848215;23.999693;1;0;1;0;0;2018;3;5;12;Львів;Падіння пасажира;Перевищення швидкості
субота;Галицький;Нижанківського О.;наїзд на пішохода - пішохід на тротуарі чи велосипедній доріжці;перевищення безпечної швидкості;2;49.837889;24.032169;1;0;1;0;0;2018;4;5;19;Львів;Наїзд на пішохода;Перевищення швидкості
середа;Галицький;Торгова;наїзд на пішохода - на регульованому пішохідному переході;перевищення безпечної швидкості;2;49.844805;24.026837;1;0;1;0;1;2018;3;2;21;Львів;Наїзд на пішохода;Перевищення швидкості
четвер;Шевченківський;Варшавська;зіткнення лобове;перевищення безпечної швидкості;2;49.858553;24.010921;1;0;1;0;0;2018;3;3;10;Львів;Зіткнення автомобілів;Перевищення швидкості
субота;Шевченківський;Мазепи І., гетьм.;наїзд на пішохода - пішохід переходив дорогу поза межами пішохідного переходу;перевищення безпечної швидкості;2;49.871195;24.035801;1;0;1;0;0;2018;3;5;12;Львів;Наїзд на пішохода;Перевищення швидкості
середа;Залізничний;Городоцька;падіння пасажира;порушення правил перевезення пасажирів;2;49.835872;23.996533;1;0;1;0;0;2018;3;2;16;Львів;Падіння пасажира;Інше
вівторок;Сихівський;Зелена;зіткнення з задньою частиною тз;порушення правил перевезення вантажів , недодержання дистанції;2;49.79857;24.070852;1;0;1;0;0;2018;4;1;8;Львів;Зіткнення автомобілів;Недотримання дистанції
субота;Сихівський;Зелена;зіткнення з задньою частиною тз;недодержання дистанції;7;49.805969;24.062151;4;0;3;0;0;2018;3;5;12;Львів;Зіткнення автомобілів;Недотримання дистанції
середа;Шевченківський;Миколайчука І.;зіткнення лобове;порушення правил маневрування , порушення правил проїзду перехресть;2;49.870224;24.04286;0;0;1;1;1;2018;3;2;21;Львів;Зіткнення автомобілів;Порушення маневрування
неділя;Галицький;Святого Юра, пл.;наїзд на пішохода - пішохід рухався у попутному напрямку;перевищення безпечної швидкості;2;49.837197;24.012326;1;0;1;0;1;2018;4;6;10;Львів;Наїзд на пішохода;Перевищення швидкості
вівторок;Личаківський;Зелена;зіткнення з задньою частиною тз;перевищення безпечної швидкості;2;49.821251;24.055418;1;0;1;0;0;2018;4;1;20;Львів;Зіткнення автомобілів;Перевищення швидкості
вівторок;Личаківський;Пекарська;наїзд на пішохода - пішохід переходив дорогу поза межами пішохідного переходу;перевищення безпечної швидкості;3;49.834657;24.049711;2;0;1;0;0;2018;3;1;8;Львів;Наїзд на пішохода;Перевищення швидкості
п'ятниця;Галицький;Бандери С.;наїзд на велосипедиста - поза межами велосипедної доріжки;порушення правил маневрування , порушення правил надання безперешкодного проїзду , управління несправним транспортним засобом;2;49.834744;24.018415;1;0;1;0;0;2018;4;4;15;Львів;Наїзд на велосипедиста;Порушення маневрування
п'ятниця;Франківський;Городоцька;наїзд на пішохода - пішохід переходив дорогу поза межами пішохідного переходу;перевищення безпечної швидкості;2;49.835806;23.997418;1;0;0;1;0;2018;3;4;21;Львів;Наїзд на пішохода;Перевищення швидкості
понеділок;Сихівський;Драгана М.;наїзд на інші види перешкод;перевищення безпечної швидкості;1;49.784911;24.054024;0;0;1;0;0;2018;4;0;18;Львів;Наїзд на перешкоду;Перевищення швидкості
понеділок;Личаківський;Некрасова М.;наїзд на пішохода - на нерегульованому пішохідному переході;перевищення безпечної швидкості , порушення правил маневрування;2;49.8371;24.057253;1;0;1;0;0;2018;4;0;8;Львів;Наїзд на пішохода;Порушення маневрування
субота;Шевченківський;Єрошенка В.;наїзд на пішохода - пішохід рухався у попутному напрямку;порушення правил зупинки і стоянки транспортного засобу;1;49.850512;24.002525;0;1;0;0;0;2018;4;5;9;Львів;Наїзд на пішохода;Інше
п'ятниця;Сихівський;Вернадського В.;падіння пасажира;порушення правил маневрування;2;49.786764;24.02416;1;0;1;0;0;2018;3;4;13;Львів;Падіння пасажира;Порушення маневрування
п'ятниця;Личаківський;Пасічна;зіткнення з задньою частиною тз;перевищення безпечної швидкості , недодержання дистанції;3;49.810843;24.079585;2;0;1;0;0;2018;3;4;9;Львів;Зіткнення автомобілів;Перевищення швидкості
понеділок;Шевченківський;Грінченка Б.;наїзд на пішохода - на регульованому пішохідному переході;порушення правил маневрування;2;49.871939;24.051363;1;0;1;0;0;2018;3;0;20;Львів;Наїзд на пішохода;Порушення маневрування
субота;Залізничний;Любінська;зіткнення лобове;порушення правил проїзду перехресть;4;49.824086;23.977253;3;0;1;0;1;2018;3;5;8;Львів;Зіткнення автомобілів;Порушення проїзду перехресть
вівторок;Шевченківський;Чорновола В., просп.;зіткнення з задньою частиною тз;перевищення безпечної швидкості;3;49.860265;24.019547;2;0;1;0;0;2018;3;1;16;Львів;Зіткнення автомобілів;Перевищення швидкості
п'ятниця;Сихівський;Червоної Калини, просп.;наїзд на пішохода - пішохід переходив дорогу поза межами пішохідного переходу;перехід у невстановленому місці;2;49.785514;24.058911;1;0;1;0;0;2018;3;4;1;Львів;Наїзд на пішохода;Інше
понеділок;Франківський;Городоцька;зіткнення з задньою частиною тз;недодержання дистанції;2;49.833322;23.983267;1;0;1;0;0;2018;3;0;10;Львів;Зіткнення автомобілів;Недотримання дистанції
п'ятниця;Галицький;Чорновола В., просп.;зіткнення з задньою частиною тз;перевищення безпечної швидкості;2;49.847579;24.025549;1;0;1;0;0;2018;4;4;7;Львів;Зіткнення автомобілів;Перевищення швидкості
четвер;Сихівський;Стрийська;наїзд на пішохода - пішохід переходив дорогу поза межами пішохідного переходу;перевищення безпечної швидкості;2;49.786969;24.014804;1;0;1;0;0;2018;3;3;9;Львів;Наїзд на пішохода;Перевищення швидкості
неділя;Личаківський;Хмельницького Б.;наїзд на пішохода - пішохід переходив дорогу поза межами пішохідного переходу;перехід у невстановленому місці;3;49.874732;24.061453;2;0;0;1;0;2018;3;6;18;Львів;Наїзд на пішохода;Інше
п'ятниця;Галицький;Фурманська;наїзд на пішохода - пішохід рухався у попутному напрямку;порушення правил маневрування;2;49.843445;24.024187;1;0;1;0;0;2018;3;4;21;Львів;Наїзд на пішохода;Порушення маневрування
неділя;Личаківський;Заньковецької М.;зіткнення бокове;порушення правил маневрування;2;49.840743;24.046471;1;0;1;0;0;2018;4;6;13;Львів;Зіткнення автомобілів;Порушення маневрування
середа;Залізничний;Суботівська;падіння пасажира;перевищення безпечної швидкості;3;49.846977;23.966267;2;0;0;1;0;2018;4;2;23;Львів;Падіння пасажира;Перевищення швидкості
понеділок;Сихівський;Липова Алея;наїзд на дерево;перевищення безпечної швидкості;2;49.816762;24.04845;1;0;1;0;0;2018;3;0;15;Львів;Наїзд на перешкоду;Перевищення швидкості
середа;Шевченківський;Чорновола В., просп.;наїзд на пішохода - на нерегульованому пішохідному переході;перевищення безпечної швидкості;2;49.864491;24.017326;1;0;0;1;0;2018;3;2;20;Львів;Наїзд на пішохода;Перевищення швидкості
середа;Личаківський;Лисенка М.;зіткнення бокове;перевищення безпечної швидкості;4;49.842366;24.04867;3;0;1;0;0;2018;4;2;7;Львів;Зіткнення автомобілів;Перевищення швидкості
вівторок;Галицький;Кропивницького М., пл.;наїзд на пішохода - пішохід рухався у попутному напрямку;пішоходи невиконання вимог сигналів регулювання;2;49.837128;24.005513;1;0;1;0;0;2018;4;1;11;Львів;Наїзд на пішохода;Інше
вівторок;Франківський;Кульпарківська;зіткнення бокове;порушення правил маневрування;3;49.818181;23.987446;2;0;0;1;0;2018;4;1;20;Львів;Зіткнення автомобілів;Порушення маневрування
п'ятниця;Галицький;Дорошенка П.;наїзд на пішохода - на нерегульованому пішохідному переході;перевищення безпечної швидкості;2;49.838193;24.023463;1;0;0;1;1;2018;3;4;10;Львів;Наїзд на пішохода;Перевищення швидкості
вівторок;Франківський;Стрийська;наїзд на пішохода - лежав на дорозі;порушення правил маневрування;1;49.783794;24.013459;0;0;1;0;0;2018;3;1;10;Львів;Наїзд на пішохода;Порушення маневрування
четвер;Галицький;Листопадового Чину;наїзд на пішохода - пішохід рухався у зустрічному напрямку;перевищення безпечної швидкості;2;49.839207;24.018227;1;0;1;0;0;2018;3;3;14;Львів;Наїзд на пішохода;Перевищення швидкості
середа;Сихівський;Хоткевича Г.;наїзд на пішохода - пішохід на тротуарі чи велосипедній доріжці;порушення правил маневрування;2;49.796752;24.04771;1;0;1;0;0;2018;4;2;20;Львів;Наїзд на пішохода;Порушення маневрування
вівторок;Сихівський;Стуса В.;зіткнення лобове;порушення правил проїзду перехресть;2;49.817039;24.044856;1;0;1;0;0;2018;3;1;14;Львів;Зіткнення автомобілів;Порушення проїзду перехресть
понеділок;Шевченківський;Мазепи І., гетьм.;наїзд на пішохода - пішохід переходив дорогу поза межами пішохідного переходу;перевищення безпечної швидкості;2;49.870006;24.028527;1;0;1;0;0;2018;3;0;19;Львів;Наїзд на пішохода;Перевищення швидкості
середа;Франківський;Стрийська;зіткнення з задньою частиною тз;перевищення безпечної швидкості;4;49.79937;24.017272;2;0;2;0;0;2018;3;2;4;Львів;Зіткнення автомобілів;Перевищення швидкості
четвер;Залізничний;Городоцька;наїзд на пішохода - пішохід переходив дорогу поза межами пішохідного переходу;неочікуваний вихід на проїзну частину;2;49.838325;24.00731;1;0;0;1;0;2018;3;3;20;Львів;Наїзд на пішохода;Інше
п'ятниця;Шевченківський;Чорновола В., просп.;наїзд на пішохода - пішохід переходив дорогу поза межами пішохідного переходу;перевищення безпечної швидкості;2;49.853674;24.023173;1;0;0;1;1;2018;4;4;23;Львів;Наїзд на пішохода;Перевищення швидкості
понеділок;Сихівський;Стрийська;наїзд на пішохода - пішохід переходив дорогу поза межами пішохідного переходу;перевищення безпечної швидкості;2;49.798286;24.01871;1;0;0;1;0;2018;3;0;20;Львів;Наїзд на пішохода;Перевищення швидкості
субота;Сихівський;Червоної Калини, просп.;наїзд на пішохода - на регульованому пішохідному переході;пішоходи невиконання вимог сигналів регулювання;2;49.792035;24.058353;1;0;1;0;0;2018;4;5;13;Львів;Наїзд на пішохода;Інше
середа;Залізничний;Кульпарківська;наїзд на велосипедиста - велосипедист рухався у попутному напрямку;перевищення безпечної швидкості;2;49.812145;23.982639;1;0;1;0;1;2018;4;2;15;Львів;Наїзд на велосипедиста;Перевищення швидкості
п'ятниця;Сихівський;Луганська;зіткнення з задньою частиною тз;перевищення безпечної швидкості;3;49.810656;24.026563;2;0;1;0;0;2018;3;4;9;Львів;Зіткнення автомобілів;Перевищення швидкості
п'ятниця;Залізничний;Любінська;зіткнення лобове;перевищення безпечної швидкості;2;49.824117;23.977248;1;0;1;0;1;2018;3;4;11;Львів;Зіткнення автомобілів;Перевищення швидкості
понеділок;Залізничний;Апостола Д.;наїзд на пішохода - пішохід переходив дорогу поза межами пішохідного переходу;перевищення безпечної швидкості;2;49.830599;23.950099;1;0;1;0;0;2018;3;0;11;Львів;Наїзд на пішохода;Перевищення швидкості
четвер;Залізничний;Широка;наїзд на пішохода - на нерегульованому пішохідному переході;перевищення безпечної швидкості , порушення правил проїзду пішохідних переходів;2;49.841899;23.969695;1;0;1;0;0;2018;4;3;17;Львів;Наїзд на пішохода;Перевищення швидкості
п'ятниця;Шевченківський;Липинського В.;зіткнення з задньою частиною тз;перевищення безпечної швидкості;3;49.856648;24.021928;2;0;1;0;1;2018;3;4;2;Львів;Зіткнення автомобілів;Перевищення швидкості
четвер;Личаківський;Хмельницького Б.;наїзд на пішохода - на нерегульованому пішохідному переході;перевищення безпечної швидкості;2;49.855496;24.04514;1;0;0;1;0;2018;3;3;19;Львів;Наїзд на пішохода;Перевищення швидкості
середа;Невідомо;Стрийська;наїзд на інші види перешкод;перевищення безпечної швидкості;2;49.776823;24.013978;0;0;2;0;0;2018;4;2;0;Передмістя;Наїзд на перешкоду;Перевищення швидкості
вівторок;Шевченківський;Миколайчука І.;зіткнення бокове;недодержання дистанції;3;49.868374;24.043477;1;0;2;0;0;2018;4;1;9;Львів;Зіткнення автомобілів;Недотримання дистанції
субота;Залізничний;Виговського І.;зіткнення з задньою частиною тз;перевищення безпечної швидкості , недодержання дистанції;4;49.812875;23.978482;2;0;2;0;0;2018;4;5;9;Львів;Зіткнення автомобілів;Перевищення швидкості
четвер;Галицький;Городоцька;наїзд на пішохода - на нерегульованому пішохідному переході;порушення правил проїзду пішохідних переходів;2;49.844158;24.024605;1;0;1;0;0;2018;4;3;8;Львів;Наїзд на пішохода;Порушення проїзду переходів
четвер;Галицький;Стрийська;зіткнення лобове;перевищення безпечної швидкості;5;49.824972;24.024643;1;0;4;0;0;2018;4;3;20;Львів;Зіткнення автомобілів;Перевищення швидкості
п'ятниця;Галицький;Під Дубом;наїзд на пішохода - на регульованому пішохідному переході;перевищення безпечної швидкості , пішоходи невиконання вимог сигналів регулювання;2;49.850503;24.024661;1;0;1;0;1;2018;4;4;15;Львів;Наїзд на пішохода;Перевищення швидкості
вівторок;Шевченківський;Шевченка Т.;наїзд на інші види перешкод;перевищення безпечної швидкості;2;49.868903;23.953559;0;0;2;0;0;2018;4;1;4;Львів;Наїзд на перешкоду;Перевищення швидкості
понеділок;Шевченківський;Хмельницького Б.;наїзд на дорожний знак, бордюрний камінь;перевищення безпечної швидкості;1;49.85266;24.034116;0;0;1;0;0;2018;3;0;23;Львів;Наїзд на перешкоду;Перевищення швидкості
п'ятниця;Сихівський;Зелена;зіткнення з задньою частиною тз;перевищення безпечної швидкості;7;49.789812;24.074489;5;0;2;0;0;2018;4;4;20;Львів;Зіткнення автомобілів;Перевищення швидкості
середа;Шевченківський;Джерельна;зіткнення з задньою частиною тз;перевищення безпечної швидкості;2;49.850561;24.020045;1;0;1;0;0;2018;4;2;18;Львів;Зіткнення автомобілів;Перевищення швидкості
п'ятниця;Сихівський;Зубрівська;наїзд на пішохода - пішохід рухався у зустрічному напрямку;перевищення безпечної швидкості;2;49.796111;24.059823;1;0;1;0;0;2018;4;4;11;Львів;Наїзд на пішохода;Перевищення швидкості
вівторок;Франківський;Липнева;наїзд на пішохода - пішохід рухався у зустрічному напрямку;порушення правил маневрування;2;49.834194;24.002541;1;0;1;0;0;2018;4;1;14;Львів;Наїзд на пішохода;Порушення маневрування
четвер;Франківський;Стрийська;зіткнення бокове;порушення правил маневрування;4;49.788368;24.014159;1;0;1;2;0;2018;5;3;8;Львів;Зіткнення автомобілів;Порушення маневрування
неділя;Франківський;Боткіна С.;зіткнення бокове;порушення правил маневрування;2;49.8113;23.991179;1;0;1;0;1;2018;5;6;19;Львів;Зіткнення автомобілів;Порушення маневрування
четвер;Шевченківський;Чорновола В., просп.;наїзд на пішохода - пішохід рухався у попутному напрямку;порушення правил маневрування;3;49.862741;24.018227;1;0;2;0;0;2018;5;3;21;Львів;Наїзд на пішохода;Порушення маневрування
неділя;Галицький;Лепкого Б.;наїзд на пішохода - пішохід рухався у зустрічному напрямку;перевищення безпечної швидкості;2;49.841383;24.020458;1;0;1;0;0;2018;4;6;14;Львів;Наїзд на пішохода;Перевищення швидкості
четвер;Личаківський;Личаківська;наїзд на пішохода - пішохід рухався у зустрічному напрямку;перевищення безпечної швидкості;2;49.839792;24.049984;1;0;0;1;0;2018;5;3;18;Львів;Наїзд на пішохода;Перевищення швидкості
п'ятниця;Шевченківський;Липинського В.;зіткнення бокове;перевищення безпечної швидкості , порушення правил маневрування;2;49.860258;24.026885;1;0;1;0;1;2018;5;4;23;Львів;Зіткнення автомобілів;Порушення маневрування
субота;Залізничний;Роксоляни;наїзд на пішохода - пішохід рухався у зустрічному напрямку;порушення правил маневрування;2;49.84724;23.963097;1;0;0;1;0;2018;5;5;0;Львів;Наїзд на пішохода;Порушення маневрування
неділя;Галицький;Стуса В.;наїзд на транспортний засіб, що стоїть - по ходу руху;перевищення безпечної швидкості;2;49.823961;24.037946;1;0;0;1;0;2018;5;6;16;Львів;Інше;Перевищення швидкості
вівторок;Личаківський;Зелена;наїзд на пішохода - пішохід рухався у попутному напрямку;порушення правил маневрування , перевищення безпечної швидкості;2;49.830699;24.043386;1;0;1;0;0;2018;5;1;10;Львів;Наїзд на пішохода;Порушення маневрування
четвер;Сихівський;Стрийська;наїзд на пішохода - пішохід рухався у попутному напрямку;перехід у невстановленому місці;2;49.788233;24.015105;1;0;1;0;0;2018;5;3;15;Львів;Наїзд на пішохода;Інше
четвер;Галицький;Городоцька;зіткнення бокове;недодержання дистанції;3;49.843085;24.021242;2;0;1;0;0;2018;5;3;22;Львів;Зіткнення автомобілів;Недотримання дистанції
четвер;Сихівський;Зелена;зіткнення бокове;порушення правил маневрування;3;49.818271;24.058599;1;0;2;0;1;2018;5;3;1;Львів;Зіткнення автомобілів;Порушення маневрування
неділя;Личаківський;Зелена;наїзд на інші види перешкод;перевищення безпечної швидкості;2;49.825429;24.047323;0;1;1;0;0;2018;4;6;19;Львів;Наїзд на перешкоду;Перевищення швидкості
вівторок;Залізничний;Городоцька;зіткнення бокове;порушення правил маневрування;4;49.829125;23.960136;1;0;3;0;0;2018;5;1;20;Львів;Зіткнення автомобілів;Порушення маневрування
субота;Франківський;Наукова;зіткнення бокове;порушення правил маневрування;4;49.804968;23.988814;2;0;2;0;0;2018;6;5;22;Львів;Зіткнення автомобілів;Порушення маневрування
середа;Сихівський;Морозна;наїзд на пішохода - пішохід рухався у попутному напрямку;порушення правил маневрування;2;49.795976;24.068953;1;0;1;0;0;2018;5;2;14;Львів;Наїзд на пішохода;Порушення маневрування
середа;Галицький;Листопадового Чину;наїзд на пішохода - пішохід рухався у зустрічному напрямку;перевищення безпечної швидкості;2;49.839197;24.018184;0;0;2;0;0;2018;5;2;19;Львів;Наїзд на пішохода;Перевищення швидкості
неділя;Шевченківський;Шевченка Т.;зіткнення бокове;перевищення безпечної швидкості;2;49.868429;23.951091;0;1;1;0;0;2018;4;6;3;Львів;Зіткнення автомобілів;Перевищення швидкості
вівторок;Залізничний;Шевченка Т.;наїзд на пішохода - пішохід рухався у зустрічному напрямку;перевищення безпечної швидкості;2;49.846697;24.004412;1;0;1;0;0;2018;5;1;22;Львів;Наїзд на пішохода;Перевищення швидкості
неділя;Залізничний;Петлюри С.;наїзд на інші види перешкод;недодержання дистанції;2;49.817036;23.982334;0;0;2;0;0;2018;5;6;20;Львів;Наїзд на перешкоду;Недотримання дистанції
четвер;Галицький;Фурманська;наїзд на пішохода - пішохід рухався у попутному напрямку;перевищення безпечної швидкості;2;49.843642;24.025018;1;0;0;1;0;2018;4;3;21;Львів;Наїзд на пішохода;Перевищення швидкості
понеділок;Личаківський;Личаківська;наїзд на пішохода - пішохід рухався у попутному напрямку;порушення правил маневрування;2;49.839885;24.049609;1;0;0;1;0;2018;4;0;23;Львів;Наїзд на пішохода;Порушення маневрування
п'ятниця;Сихівський;Литвиненка С.;наїзд на пішохода - пішохід рухався у попутному напрямку;порушення правил маневрування;2;49.813657;24.041959;1;0;1;0;0;2018;6;4;18;Львів;Наїзд на пішохода;Порушення маневрування
п'ятниця;Франківський;Кульпарківська;наїзд на пішохода - пішохід рухався у зустрічному напрямку;перевищення безпечної швидкості;2;49.812276;23.984506;1;0;1;0;0;2018;4;4;19;Львів;Наїзд на пішохода;Перевищення швидкості
четвер;Франківський;Перфецького Л.;наїзд на пішохода - пішохід рухався у попутному напрямку;перевищення безпечної швидкості , порушення правил маневрування;2;49.813242;23.991115;1;0;1;0;0;2018;5;3;22;Львів;Наїзд на пішохода;Порушення маневрування
п'ятниця;Залізничний;Кульпарківська;зіткнення бокове;порушення правил маневрування;3;49.804799;23.981159;1;0;2;0;0;2018;4;4;10;Львів;Зіткнення автомобілів;Порушення маневрування
понеділок;Личаківський;Богданівська;зіткнення лобове;перевищення безпечної швидкості;8;49.846652;24.084939;6;0;2;0;0;2018;5;0;10;Львів;Зіткнення автомобілів;Перевищення швидкості
п'ятниця;Шевченківський;Хімічна;наїзд на пішохода - на регульованому пішохідному переході;порушення правил маневрування;2;49.853807;24.023247;1;0;1;0;0;2018;4;4;14;Львів;Наїзд на пішохода;Порушення маневрування
четвер;Личаківський;Аральська;наїзд на пішохода - пішохід рухався у зустрічному напрямку;перевищення безпечної швидкості;2;49.826394;24.052328;1;0;1;0;0;2018;5;3;20;Львів;Наїзд на пішохода;Перевищення швидкості