accidentDay;district;streetName;accidentType;mainAccidentCause;totalParticipantsAmount;latitude;longitude;Count_Без ушкоджень;Count_Загинув;Count_Легко травмований;Count_Тяжко травмований;Is_Intersection;Year;Month;DayOfWeek;Hour;settlement_grouped;Simple_Type;Simple_Cause
вівторок;Залізничний;Кульпарківська;зіткнення бокове;порушення правил маневрування , недодержання дистанції;3;49.821414;23.988626;2;0;1;0;1;2018;5;1;22;Львів;Зіткнення автомобілів;Порушення маневрування
вівторок;Сихівський;Червоної Калини, просп.;наїзд на пішохода - пішохід рухався у зустрічному напрямку;порушення правил маневрування;2;49.785826;24.059324;0;0;2;0;0;2018;5;1;17;Львів;Наїзд на пішохода;Порушення маневрування
середа;Шевченківський;Волинська;зіткнення бокове;перевищення безпечної швидкості;3;49.857277;24.042265;2;0;1;0;0;2018;5;2;16;Львів;Зіткнення автомобілів;Перевищення швидкості
вівторок;Залізничний;Любінська;наїзд на велосипедиста - велосипедист рухався у попутному напрямку;порушення правил проїзду пішохідних переходів;2;49.824318;23.97772;1;0;1;0;0;2018;5;1;21;Львів;Наїзд на велосипедиста;Порушення проїзду переходів
середа;Шевченківський;Хмельницького Б.;наїзд на пішохода - пішохід рухався у зустрічному напрямку;порушення правил маневрування;2;49.863972;24.052366;1;0;1;0;0;2018;4;2;13;Львів;Наїзд на пішохода;Порушення маневрування
вівторок;Галицький;Стрийська;наїзд на інші види перешкод;перевищення безпечної швидкості;1;49.826723;24.028081;0;0;0;1;0;2018;5;1;11;Львів;Наїзд на перешкоду;Перевищення швидкості
п'ятниця;Франківський;Київська;зіткнення лобове;порушення правил маневрування;3;49.833395;24.008281;1;0;1;1;0;2018;5;4;15;Львів;Зіткнення автомобілів;Порушення маневрування
вівторок;Личаківський;Богданівська;зіткнення з задньою частиною тз;перевищення безпечної швидкості;5;49.843677;24.085636;3;0;2;0;0;2018;4;1;11;Львів;Зіткнення автомобілів;Перевищення швидкості
четвер;Галицький;Свободи, просп.;наїзд на пішохода - пішохід рухався у попутному напрямку;перевищення безпечної швидкості;2;49.840802;24.028645;1;0;1;0;0;2018;4;3;14;Львів;Наїзд на пішохода;Перевищення швидкості
понеділок;Сихівський;Угорська;наїзд на велосипедиста - велосипедист рухався у попутному напрямку;перевищення безпечної швидкості , керування транспортним засобом у нетверезому стані;2;49.809573;24.046422;1;0;1;0;0;2018;5;0;19;Львів;Наїзд на велосипедиста;Перевищення швидкості
понеділок;Франківський;Володимира Великого;зіткнення бокове;перевищення безпечної швидкості , недодержання дистанції;3;49.810386;24.000342;2;0;1;0;1;2018;5;0;14;Львів;Зіткнення автомобілів;Перевищення швидкості
понеділок;Галицький;Хлібна;наїзд на пішохода - пішохід рухався у попутному напрямку;порушення правил маневрування;2;49.827479;24.041313;1;0;1;0;0;2018;5;0;14;Львів;Наїзд на пішохода;Порушення маневрування
субота;Сихівський;Хуторівка;наїзд на пішохода - пішохід рухався у попутному напрямку;порушення правил маневрування;2;49.799709;24.026563;1;0;1;0;0;2018;5;5;8;Львів;Наїзд на пішохода;Порушення маневрування
субота;Залізничний;Городоцька;зіткнення бокове;порушення правил маневрування;2;49.839913;24.011371;1;0;1;0;0;2018;5;5;3;Львів;Зіткнення автомобілів;Порушення маневрування
четвер;Личаківський;Ковельська;наїзд на пішохода - стояв на проїздній частині;порушення правил зупинки і стоянки транспортного засобу;1;49.858834;24.059007;0;0;1;0;0;2018;5;3;17;Львів;Наїзд на пішохода;Інше
неділя;Личаківський;Руставелі Ш.;зіткнення бокове;порушення правил маневрування;3;49.834875;24.034857;2;0;1;0;0;2018;4;6;13;Львів;Зіткнення автомобілів;Порушення маневрування
четвер;Галицький;Чорновола В., просп.;наїзд на пішохода - на регульованому пішохідному переході;перевищення безпечної швидкості;2;49.850467;24.024487;1;1;0;0;1;2018;4;3;18;Львів;Наїзд на пішохода;Перевищення швидкості
середа;Шевченківський;Миколайчука І.;наїзд на пішохода - пішохід рухався у зустрічному напрямку;порушення правил маневрування;2;49.870953;24.042597;1;0;1;0;0;2018;5;2;19;Львів;Наїзд на пішохода;Порушення маневрування
субота;Залізничний;Городоцька;наїзд на пішохода - на нерегульованому пішохідному переході;порушення правил проїзду пішохідних переходів;3;49.831803;23.975054;1;0;2;0;0;2018;4;5;11;Львів;Наїзд на пішохода;Порушення проїзду переходів
вівторок;Шевченківський;Шевченка Т.;наїзд на пішохода - пішохід рухався у попутному напрямку;порушення правил маневрування;2;49.868108;23.952202;1;0;1;0;0;2018;5;1;14;Львів;Наїзд на пішохода;Порушення маневрування
неділя;Франківський;Стрийська;наїзд на велосипедиста - велосипедист рухався у попутному напрямку;порушення правил маневрування;2;49.787402;24.014627;1;0;0;1;0;2018;5;6;10;Львів;Наїзд на велосипедиста;Порушення маневрування
вівторок;Шевченківський;Клепарівська;наїзд на пішохода - пішохід рухався у зустрічному напрямку;порушення правил проїзду пішохідних переходів;2;49.85055;24.015046;1;0;0;1;0;2018;4;1;18;Львів;Наїзд на пішохода;Порушення проїзду переходів
неділя;Шевченківський;Клепарівська;наїзд на велосипедиста - велосипедист рухався у попутному напрямку;порушення правил маневрування;2;49.853667;24.014354;1;0;1;0;0;2018;5;6;15;Львів;Наїзд на велосипедиста;Порушення маневрування
п'ятниця;Франківський;Сахарова А., акад.;наїзд на пішохода - пішохід рухався у зустрічному напрямку;порушення правил маневрування;2;49.824612;24.011564;1;0;1;0;0;2018;4;4;12;Львів;Наїзд на пішохода;Порушення маневрування
понеділок;Сихівський;Стрийська;зіткнення бокове;перевищення безпечної швидкості;3;49.783696;24.014257;2;0;1;0;0;2018;4;0;20;Львів;Зіткнення автомобілів;Перевищення швидкості
неділя;Шевченківський;Липи Ю.;зіткнення бокове;порушення правил маневрування , керування транспортним засобом у нетверезому стані;2;49.865317;24.015352;0;0;2;0;0;2018;5;6;3;Львів;Зіткнення автомобілів;Порушення маневрування
субота;Франківський;Княгині Ольги;зіткнення бокове;перевищення безпечної швидкості;3;49.825647;24.009247;2;0;1;0;0;2018;4;5;0;Львів;Зіткнення автомобілів;Перевищення швидкості
вівторок;Личаківський;Сковороди Г.;наїзд на пішохода - пішохід рухався у зустрічному напрямку;перевищення безпечної швидкості;2;49.839297;24.050515;1;0;0;1;0;2018;4;1;2;Львів;Наїзд на пішохода;Перевищення швидкості
неділя;Личаківський;Медової Печери;наїзд на пішохода - пішохід рухався у попутному напрямку;порушення правил маневрування;2;49.819808;24.091151;1;0;1;0;0;2018;5;6;15;Львів;Наїзд на пішохода;Порушення маневрування
середа;Залізничний;Коротка;падіння пасажира;перевищення безпечної швидкості;2;49.837685;24.00429;1;0;1;0;0;2018;5;2;21;Львів;Падіння пасажира;Перевищення швидкості
неділя;Франківський;Наукова;зіткнення з задньою частиною тз;перевищення безпечної швидкості , недодержання дистанції;3;49.804152;23.997429;2;0;1;0;1;2018;5;6;13;Львів;Зіткнення автомобілів;Перевищення швидкості
п'ятниця;Галицький;Свободи, просп.;наїзд на пішохода - пішохід рухався у зустрічному напрямку;перевищення безпечної швидкості;2;49.843573;24.026896;1;0;0;1;0;2018;4;4;7;Львів;Наїзд на пішохода;Перевищення швидкості
середа;Шевченківський;Чорновола В., просп.;наїзд на пішохода - пішохід рухався у попутному напрямку;порушення правил маневрування;2;49.862561;24.018334;1;0;1;0;0;2018;5;2;22;Львів;Наїзд на пішохода;Порушення маневрування
четвер;Галицький;Городоцька;наїзд на пішохода - пішохід рухався у попутному напрямку;порушення правил проїзду пішохідних переходів;2;49.844431;24.02548;1;0;1;0;0;2018;5;3;8;Львів;Наїзд на пішохода;Порушення проїзду переходів
субота;Сихівський;Дністерcька;наїзд на пішохода - пішохід переходив дорогу поза межами пішохідного переходу;перевищення безпечної швидкості;2;49.818057;24.057629;1;0;1;0;0;2018;4;5;18;Львів;Наїзд на пішохода;Перевищення швидкості
понеділок;Галицький;Городоцька;зіткнення бокове;порушення правил маневрування;2;49.843224;24.022577;1;0;1;0;0;2018;5;0;9;Львів;Зіткнення автомобілів;Порушення маневрування
понеділок;Франківський;Кульпарківська;наїзд на пішохода - лежав на дорозі;перевищення безпечної швидкості;2;49.818631;23.98766;1;0;1;0;0;2018;5;0;20;Львів;Наїзд на пішохода;Перевищення швидкості
понеділок;Галицький;Вітовського Д.;наїзд на пішохода - пішохід рухався у попутному напрямку;перевищення безпечної швидкості;2;49.829817;24.029846;1;0;0;1;0;2018;5;0;18;Львів;Наїзд на пішохода;Перевищення швидкості
понеділок;Франківський;Володимира Великого;наїзд на пішохода - пішохід рухався у попутному напрямку;порушення правил маневрування;2;49.810123;24.003056;1;0;1;0;0;2018;5;0;16;Львів;Наїзд на пішохода;Порушення маневрування
середа;Личаківський;Пекарська;наїзд на пішохода - пішохід переходив дорогу поза межами пішохідного переходу;порушення правил маневрування , перехід у невстановленому місці;2;49.835768;24.048418;1;0;1;0;0;2018;5;2;11;Львів;Наїзд на пішохода;Порушення маневрування
неділя;Шевченківський;Липинського В.;зіткнення бокове;перевищення безпечної швидкості , недодержання дистанції;3;49.863779;24.033891;2;0;1;0;0;2018;5;6;9;Львів;Зіткнення автомобілів;Перевищення швидкості
вівторок;Сихівський;Стуса В.;зіткнення бокове;перевищення безпечної швидкості , порушення правил маневрування;3;49.817285;24.045601;2;0;1;0;0;2018;5;1;19;Львів;Зіткнення автомобілів;Порушення маневрування
середа;Франківський;Героїв УПА;наїзд на велосипедиста - велосипедист рухався у попутному напрямку;перевищення безпечної швидкості , недодержання дистанції;2;49.834779;24.00414;1;0;1;0;0;2018;5;2;18;Львів;Наїзд на велосипедиста;Перевищення швидкості
середа;Сихівський;Стрийська;наїзд на пішохода - пішохід рухався у попутному напрямку;перевищення безпечної швидкості;2;49.773006;24.014182;1;0;1;0;0;2018;4;2;0;Львів;Наїзд на пішохода;Перевищення швидкості
п'ятниця;Залізничний;Широка;зіткнення бокове;перевищення безпечної швидкості , недодержання дистанції;4;49.842331;23.975735;3;0;1;0;0;2018;5;4;9;Львів;Зіткнення автомобілів;Перевищення швидкості
вівторок;Сихівський;Навроцького В.;наїзд на пішохода - пішохід рухався у зустрічному напрямку;порушення правил проїзду пішохідних переходів;2;49.811795;24.045897;1;0;1;0;1;2018;4;1;13;Львів;Наїзд на пішохода;Порушення проїзду переходів
четвер;Сихівський;Вернадського В.;зіткнення бокове;порушення правил маневрування;2;49.787312;24.02254;1;0;1;0;0;2018;5;3;19;Львів;Зіткнення автомобілів;Порушення маневрування
п'ятниця;Галицький;Винниченка В.;зіткнення бокове;порушення правил проїзду перехресть;3;49.840518;24.036621;1;0;2;0;0;2018;4;4;16;Львів;Зіткнення автомобілів;Порушення проїзду перехресть
неділя;Сихівський;Угорська;зіткнення бокове;невиконання вимог сигналів регулювання;3;49.810275;24.046218;2;0;1;0;1;2018;5;6;22;Львів;Зіткнення автомобілів;Інше
середа;Личаківський;Пасічна;наїзд на пішохода - пішохід рухався у попутному напрямку;перевищення безпечної швидкості , порушення правил проїзду пішохідних переходів;2;49.829706;24.06958;1;0;1;0;0;2018;5;2;12;Львів;Наїзд на пішохода;Перевищення швидкості
середа;Шевченківський;Єрошенка В.;наїзд на пішохода - пішохід рухався у попутному напрямку;перевищення безпечної швидкості;3;49.849765;24.001796;1;0;2;0;0;2018;4;2;8;Львів;Наїзд на пішохода;Перевищення швидкості
середа;Залізничний;Городоцька;зіткнення бокове;перевищення безпечної швидкості , недодержання дистанції;4;49.831502;23.97308;3;0;1;0;0;2018;5;2;13;Львів;Зіткнення автомобілів;Перевищення швидкості
четвер;Франківський;Кульпарківська;наїзд на пішохода - на регульованому пішохідному переході;порушення правил маневрування;2;49.805713;23.981738;1;0;0;1;1;2018;4;3;8;Львів;Наїзд на пішохода;Порушення маневрування
вівторок;Франківський;Городоцька;наїзд на пішохода - пішохід рухався у зустрічному напрямку;перевищення безпечної швидкості;2;49.832339;23.977989;1;0;1;0;0;2018;5;1;21;Львів;Наїзд на пішохода;Перевищення швидкості
п'ятниця;Личаківський;Личаківська;наїзд на пішохода - пішохід рухався у попутному напрямку;перевищення безпечної швидкості;2;49.840013;24.049029;1;0;0;1;0;2018;5;4;17;Львів;Наїзд на пішохода;Перевищення швидкості
неділя;Галицький;Підвальна;наїзд на пішохода - пішохід рухався у зустрічному напрямку;перевищення безпечної швидкості;2;49.841975;24.035227;1;0;1;0;1;2018;4;6;8;Львів;Наїзд на пішохода;Перевищення швидкості
п'ятниця;Сихівський;Луганська;наїзд на велосипедиста - велосипедист рухався у попутному напрямку;порушення правил маневрування;2;49.81204000854659;24.0196575583943;1;0;1;0;1;2018;6;4;9;Львів;Наїзд на велосипедиста;Порушення маневрування
неділя;Личаківський;Пасічна;наїзд на пішохода - пішохід рухався у попутному напрямку;перевищення безпечної швидкості;2;49.831962;24.066796;1;0;1;0;0;2018;5;6;13;Львів;Наїзд на пішохода;Перевищення швидкості
середа;Личаківський;Медової Печери;наїзд на пішохода - пішохід переходив дорогу поза межами пішохідного переходу;неочікуваний вихід на проїзну частину;2;49.82609;24.077026;1;0;1;0;0;2018;5;2;8;Львів;Наїзд на пішохода;Інше
четвер;Шевченківський;Чорновола В., просп.;наїзд на пішохода - пішохід рухався у попутному напрямку;недодержання дистанції , порушення правил проїзду пішохідних переходів;2;49.857225;24.021172;1;0;0;1;0;2018;5;3;16;Львів;Наїзд на пішохода;Недотримання дистанції
п'ятниця;Личаківський;Хмельницького Б.;зіткнення бокове;перевищення безпечної швидкості , порушення правил маневрування;4;49.871202;24.058374;2;0;2;0;0;2018;5;4;19;Львів;Зіткнення автомобілів;Порушення маневрування
неділя;Франківський;Кульпарківська;зіткнення бокове;перевищення безпечної швидкості;4;49.82556;23.98979;2;0;0;2;0;2018;6;6;0;Львів;Зіткнення автомобілів;Перевищення швидкості
понеділок;Сихівський;Угорська;наїзд на пішохода - на нерегульованому пішохідному переході;перевищення безпечної швидкості;2;49.810462;24.045392;0;0;2;0;0;2018;5;0;20;Львів;Наїзд на пішохода;Перевищення швидкості
четвер;Залізничний;Городоцька;зіткнення бокове;перевищення безпечної швидкості;5;49.827761;23.943924;1;0;4;0;0;2018;5;3;12;Львів;Зіткнення автомобілів;Перевищення швидкості
вівторок;Галицький;Стуса В.;наїзд на пішохода - пішохід рухався у зустрічному напрямку;перевищення безпечної швидкості;2;49.823518;24.038107;1;0;1;0;0;2018;5;1;19;Львів;Наїзд на пішохода;Перевищення швидкості
середа;Галицький;Городоцька;наїзд на пішохода - пішохід рухався у зустрічному напрямку;перевищення безпечної швидкості;2;49.838678;24.008201;1;0;0;1;0;2018;5;2;20;Львів;Наїзд на пішохода;Перевищення швидкості
середа;Залізничний;Городоцька;наїзд на пішохода - пішохід рухався у попутному напрямку;перехід у невстановленому місці;2;49.827246;23.949863;1;0;1;0;0;2018;4;2;22;Львів;Наїзд на пішохода;Інше
четвер;Шевченківський;Шевченка Т.;зіткнення бокове;недодержання дистанції;3;49.859574;23.971514;2;0;1;0;0;2018;5;3;11;Львів;Зіткнення автомобілів;Недотримання дистанції
п'ятниця;Сихівський;Стуса В.;зіткнення бокове;порушення правил проїзду перехресть;3;49.817417;24.044555;2;0;1;0;0;2018;5;4;12;Львів;Зіткнення автомобілів;Порушення проїзду перехресть
субота;Сихівський;Угорська;зіткнення бокове;порушення правил маневрування;2;49.810296;24.046175;1;0;1;0;1;2018;5;5;17;Львів;Зіткнення автомобілів;Порушення маневрування
понеділок;Сихівський;Скорини Ф.;наїзд на пішохода - пішохід рухався у зустрічному напрямку;перевищення безпечної швидкості;2;49.798691;24.024315;1;0;1;0;0;2018;5;0;9;Львів;Наїзд на пішохода;Перевищення швидкості
четвер;Франківський;Чупринки Т., ген.;зіткнення бокове;порушення правил маневрування , невиконання вимог сигналів регулювання;3;49.83235;24.012036;2;0;0;1;1;2018;5;3;0;Львів;Зіткнення автомобілів;Порушення маневрування
понеділок;Франківський;Княгині Ольги;падіння пасажира;порушення правил перевезення пасажирів;2;49.811529;24.000235;1;0;1;0;0;2018;4;0;18;Львів;Падіння пасажира;Інше
вівторок;Франківський;Мельника А.;наїзд на пішохода - на регульованому пішохідному переході;перевищення безпечної швидкості;2;49.832222;24.002166;1;0;1;0;0;2018;5;1;14;Львів;Наїзд на пішохода;Перевищення швидкості
середа;Шевченківський;Шевченка Т.;зіткнення бокове;порушення правил маневрування;2;49.865701;23.957614;1;0;1;0;0;2018;5;2;23;Львів;Зіткнення автомобілів;Порушення маневрування
четвер;Франківський;Стрийська;наїзд на пішохода - пішохід переходив дорогу поза межами пішохідного переходу;порушення правил маневрування;2;49.793663;24.016033;1;1;0;0;0;2018;4;3;10;Львів;Наїзд на пішохода;Порушення маневрування
п'ятниця;Залізничний;Патона Є.;наїзд на пішохода - пішохід рухався у попутному напрямку;перевищення безпечної швидкості , порушення правил проїзду пішохідних переходів;3;49.822736;23.964964;1;0;1;1;0;2018;5;4;19;Львів;Наїзд на пішохода;Перевищення швидкості
вівторок;Залізничний;Городоцька;наїзд на пішохода - пішохід рухався у попутному напрямку;порушення правил маневрування;2;49.834702;23.991319;1;0;1;0;0;2018;6;1;18;Львів;Наїзд на пішохода;Порушення маневрування
понеділок;Личаківський;Личаківська;наїзд на пішохода - пішохід рухався у попутному напрямку;порушення правил маневрування;2;49.839861;24.039921;1;0;1;0;0;2018;4;0;22;Львів;Наїзд на пішохода;Порушення маневрування
неділя;Залізничний;Виговського І.;зіткнення з задньою частиною тз;перевищення безпечної швидкості , недодержання дистанції;3;49.81291;23.978444;2;0;1;0;0;2018;4;6;13;Львів;Зіткнення автомобілів;Перевищення швидкості
субота;Шевченківський;Замарстинівська;наїзд на інші види перешкод;порушення правил маневрування;1;49.891096;23.979378;0;1;0;0;0;2018;4;5;21;Львів;Наїзд на перешкоду;Порушення маневрування
п'ятниця;Франківський;Володимира Великого;зіткнення з задньою частиною тз;перевищення безпечної швидкості;3;49.810206;24.002214;1;0;2;0;0;2018;4;4;13;Львів;Зіткнення автомобілів;Перевищення швидкості
неділя;Шевченківський;Грінченка Б.;наїзд на пішохода - пішохід рухався у зустрічному напрямку;перевищення безпечної швидкості;2;49.872658;24.050606;1;0;0;1;0;2018;4;6;20;Львів;Наїзд на пішохода;Перевищення швидкості
вівторок;Франківський;Окружна;наїзд на пішохода - на регульованому пішохідному переході;порушення правил маневрування;2;49.827104;23.982725;1;0;0;1;1;2018;6;1;15;Львів;Наїзд на пішохода;Порушення маневрування
середа;Галицький;Листопадового Чину;наїзд на пішохода - пішохід рухався у зустрічному напрямку;порушення правил маневрування;2;49.839086;24.017964;0;0;2;0;0;2018;5;2;19;Львів;Наїзд на пішохода;Порушення маневрування
середа;Галицький;Дорошенка П.;наїзд на пішохода - на нерегульованому пішохідному переході;порушення правил проїзду пішохідних переходів;2;49.839923;24.026665;1;0;1;0;0;2018;5;2;19;Львів;Наїзд на пішохода;Порушення проїзду переходів
п'ятниця;Шевченківський;Шевченка Т.;зіткнення бокове;перевищення безпечної швидкості;4;49.860881;23.968413;3;0;1;0;0;2018;4;4;17;Львів;Зіткнення автомобілів;Перевищення швидкості
неділя;Франківський;Володимира Великого;наїзд на пішохода - пішохід рухався у зустрічному напрямку;перевищення безпечної швидкості;2;49.809047;24.011419;1;0;1;0;0;2018;4;6;13;Львів;Наїзд на пішохода;Перевищення швидкості
четвер;Сихівський;Червоної Калини, просп.;наїзд на пішохода - пішохід рухався у попутному напрямку;порушення правил маневрування , порушення правил проїзду перехресть;2;49.798123;24.049764;1;0;1;0;0;2018;5;3;12;Львів;Наїзд на пішохода;Порушення маневрування
неділя;Личаківський;Студентська;наїзд на пішохода - пішохід рухався у попутному напрямку;порушення правил проїзду пішохідних переходів;2;49.829322;24.045757;1;0;1;0;0;2018;6;6;11;Львів;Наїзд на пішохода;Порушення проїзду переходів
п'ятниця;Галицький;Князя Романа;зіткнення бокове;порушення правил маневрування;5;49.838543;24.032507;3;0;2;0;0;2018;6;4;20;Львів;Зіткнення автомобілів;Порушення маневрування
понеділок;Галицький;Свободи, просп.;наїзд на пішохода - пішохід рухався у попутному напрямку;порушення правил проїзду пішохідних переходів;2;49.843341;24.027046;0;0;2;0;0;2018;6;0;13;Львів;Наїзд на пішохода;Порушення проїзду переходів
п'ятниця;Сихівський;Луганська;зіткнення бокове;порушення правил маневрування;2;49.808582;24.047077;1;0;1;0;0;2018;6;4;13;Львів;Зіткнення автомобілів;Порушення маневрування
п'ятниця;Сихівський;Зелена;наїзд на пішохода - пішохід рухався у попутному напрямку;порушення правил маневрування;2;49.814344;24.063435;1;0;1;0;0;2018;7;4;20;Львів;Наїзд на пішохода;Порушення маневрування
п'ятниця;Галицький;Вірменська;наїзд на пішохода - пішохід рухався у попутному напрямку;порушення правил маневрування;2;49.843245;24.032561;1;0;1;0;0;2018;7;4;11;Львів;Наїзд на пішохода;Порушення маневрування
середа;Франківський;Княгині Ольги;зіткнення лобове;недодержання дистанції;2;49.822304;24.006586;1;0;1;0;0;2018;7;2;11;Львів;Зіткнення автомобілів;Недотримання дистанції
четвер;Залізничний;Городоцька;наїзд на пішохода - пішохід рухався у зустрічному напрямку;пішоходи невиконання вимог сигналів регулювання;2;49.830779;23.968949;1;0;0;1;0;2018;7;3;17;Львів;Наїзд на пішохода;Інше
четвер;Шевченківський;Жовківська;наїзд на пішохода - пішохід рухався у попутному напрямку;порушення правил маневрування;2;49.852148;24.03226;1;0;1;0;0;2018;7;3;21;Львів;Наїзд на пішохода;Порушення маневрування
субота;Галицький;Зернова;наїзд на пішохода - стояв на проїздній частині;перехід у невстановленому місці;2;49.846406;24.024289;1;0;1;0;0;2018;6;5;8;Львів;Наїзд на пішохода;Інше
п'ятниця;Сихівський;Стуса В.;наїзд на пішохода - пішохід рухався у попутному напрямку;перевищення безпечної швидкості , порушення правил проїзду пішохідних переходів;2;49.822134;24.038998;1;0;1;0;0;2018;6;4;8;Львів;Наїзд на пішохода;Перевищення швидкості
понеділок;Залізничний;Кульпарківська;наїзд на інші види перешкод;порушення правил маневрування;1;49.807007;23.978257;0;0;1;0;0;2018;6;0;19;Львів;Наїзд на перешкоду;Порушення маневрування
середа;Залізничний;Виговського І.;зіткнення бокове;перевищення безпечної швидкості , недодержання дистанції;2;49.825841;23.967742;1;0;1;0;0;2018;6;2;16;Львів;Зіткнення автомобілів;Перевищення швидкості
п'ятниця;Галицький;Городоцька;наїзд на пішохода - пішохід рухався у попутному напрямку;порушення правил маневрування;3;49.839114;24.00937;2;0;0;1;0;2018;7;4;18;Львів;Наїзд на пішохода;Порушення маневрування
понеділок;Залізничний;Любінська;наїзд на пішохода - пішохід рухався у попутному напрямку;порушення правил маневрування , недодержання дистанції;2;49.823948;23.976996;1;0;0;1;0;2018;7;0;23;Львів;Наїзд на пішохода;Порушення маневрування
вівторок;Галицький;Січових Стрільців;наїзд на пішохода - на регульованому пішохідному переході;порушення правил маневрування;2;49.839754;24.023387;1;0;1;0;0;2018;6;1;15;Львів;Наїзд на пішохода;Порушення маневрування
вівторок;Залізничний;Шевченка Т.;наїзд на пішохода - пішохід рухався у попутному напрямку;порушення правил маневрування;2;49.850858;23.992183;1;0;1;0;0;2018;6;1;0;Львів;Наїзд на пішохода;Порушення маневрування
середа;Франківський;Городоцька;наїзд на пішохода - на регульованому пішохідному переході;перевищення безпечної швидкості;2;49.836695;24.002423;1;0;1;0;0;2018;7;2;21;Львів;Наїзд на пішохода;Перевищення швидкості
вівторок;Сихівський;Угорська;зіткнення бокове;перевищення безпечної швидкості , перевищення встановленої швидкості;2;49.810324;24.04624;1;0;1;0;1;2018;7;1;16;Львів;Зіткнення автомобілів;Перевищення швидкості
середа;Личаківський;Керченська;зіткнення бокове;порушення правил проїзду перехресть , перевищення безпечної швидкості , порушення правил обгону;3;49.823098;24.053276;2;0;1;0;1;2018;6;2;17;Львів;Зіткнення автомобілів;Перевищення швидкості
неділя;Сихівський;Хуторівка;зіткнення лобове;порушення правил маневрування;3;49.802188;24.030581;2;0;1;0;0;2018;6;6;14;Львів;Зіткнення автомобілів;Порушення маневрування
середа;Сихівський;Стрийська;наїзд на пішохода - пішохід рухався у попутному напрямку;порушення правил маневрування;2;49.773837;24.014268;1;0;0;1;0;2018;7;2;18;Львів;Наїзд на пішохода;Порушення маневрування
п'ятниця;Франківський;Липнева;наїзд на пішохода - пішохід рухався у попутному напрямку;порушення правил маневрування;2;49.834626;24.002026;1;0;1;0;0;2018;6;4;14;Львів;Наїзд на пішохода;Порушення маневрування
п'ятниця;Франківський;Княгині Ольги;наїзд на пішохода - стояв на проїздній частині;перевищення безпечної швидкості;2;49.812591;24.000471;1;0;1;0;0;2018;6;4;0;Львів;Наїзд на пішохода;Перевищення швидкості
четвер;Галицький;Свободи, просп.;зіткнення бокове;порушення правил проїзду перехресть;4;49.84129;24.027293;2;0;2;0;0;2018;6;3;14;Львів;Зіткнення автомобілів;Порушення проїзду перехресть
понеділок;Шевченківський;Миколайчука І.;наїзд на пішохода - пішохід рухався у попутному напрямку;порушення правил проїзду пішохідних переходів;2;49.876537;24.040618;1;0;1;0;1;2018;7;0;22;Львів;Наїзд на пішохода;Порушення проїзду переходів
субота;Франківський;Княгині Ольги;зіткнення бокове;недодержання дистанції;3;49.826464;24.010328;2;0;1;0;1;2018;7;5;12;Львів;Зіткнення автомобілів;Недотримання дистанції
вівторок;Франківський;Городоцька;наїзд на пішохода - стояв на проїздній частині;порушення правил маневрування;2;49.83574;23.996994;1;0;1;0;0;2018;6;1;14;Львів;Наїзд на пішохода;Порушення маневрування
субота;Галицький;Дорошенка П.;наїзд на велосипедиста - велосипедист рухався у попутному напрямку;порушення правил маневрування;2;49.838135;24.023505;1;0;1;0;1;2018;6;5;19;Львів;Наїзд на велосипедиста;Порушення маневрування
четвер;Залізничний;Широка;наїзд на пішохода - лежав на дорозі;порушення правил маневрування;2;49.842099;23.972035;1;0;1;0;0;2018;7;3;23;Львів;Наїзд на пішохода;Порушення маневрування
середа;Залізничний;Городоцька;наїзд на пішохода - стояв на проїздній частині;перевищення безпечної швидкості;2;49.822227;23.925519;1;1;0;0;0;2018;7;2;20;Львів;Наїзд на пішохода;Перевищення швидкості
неділя;Залізничний;Шевченка Т.;наїзд на пішохода - пішохід рухався у попутному напрямку;порушення правил маневрування;2;49.841937;23.862224;1;0;1;0;0;2018;7;6;22;Передмістя;Наїзд на пішохода;Порушення маневрування
субота;Сихівський;Стрийська;зіткнення бокове;порушення правил маневрування;4;49.805866;24.018734;0;0;3;1;1;2018;6;5;0;Львів;Зіткнення автомобілів;Порушення маневрування
неділя;Залізничний;Виговського І.;зіткнення лобове;порушення правил маневрування;3;49.820667;23.968885;2;0;1;0;1;2018;6;6;6;Львів;Зіткнення автомобілів;Порушення маневрування
середа;Залізничний;Городоцька;наїзд на пішохода - пішохід рухався у попутному напрямку;порушення правил маневрування;2;49.829568;23.962147;1;0;1;0;0;2018;6;2;22;Львів;Наїзд на пішохода;Порушення маневрування
вівторок;Залізничний;Полтави П.;наїзд на пішохода - пішохід рухався у попутному напрямку;порушення правил маневрування;2;49.823346;23.963611;1;0;1;0;0;2018;6;1;18;Львів;Наїзд на пішохода;Порушення маневрування
понеділок;Сихівський;Луганська;наїзд на інші види перешкод;перевищення безпечної швидкості;1;49.806464;24.056985;0;0;1;0;0;2018;7;0;0;Львів;Наїзд на перешкоду;Перевищення швидкості