accidentDay;district;streetName;accidentType;mainAccidentCause;totalParticipantsAmount;latitude;longitude;Count_Без ушкоджень;Count_Загинув;Count_Легко травмований;Count_Тяжко травмований;Is_Intersection;Year;Month;DayOfWeek;Hour;settlement_grouped;Simple_Type;Simple_Cause
понеділок;Сихівський;Червоної Калини, просп.;зіткнення лобове;порушення правил маневрування;2;49.812415;24.045746;1;0;0;1;0;2018;6;0;20;Львів;Зіткнення автомобілів;Порушення маневрування
вівторок;Личаківський;Миколайчука І.;наїзд на пішохода - пішохід рухався у попутному напрямку;порушення правил маневрування;2;49.818455;24.136056;1;0;1;0;0;2018;7;1;9;Передмістя;Наїзд на пішохода;Порушення маневрування
понеділок;Залізничний;Роксоляни;наїзд на велосипедиста - велосипедист рухався у попутному напрямку;порушення правил маневрування;2;49.848499;23.961718;1;0;0;1;0;2018;7;0;15;Львів;Наїзд на велосипедиста;Порушення маневрування
четвер;Франківський;Наукова;зіткнення лобове;перевищення безпечної швидкості;3;49.803871;23.997746;1;0;1;1;1;2018;7;3;23;Львів;Зіткнення автомобілів;Перевищення швидкості
вівторок;Сихівський;Сихівська;наїзд на велосипедиста - велосипедист рухався у попутному напрямку;порушення правил маневрування;2;49.798511;24.070873;1;0;1;0;1;2018;6;1;22;Львів;Наїзд на велосипедиста;Порушення маневрування
середа;Личаківський;Зелена;наїзд на велосипедиста - велосипедист рухався у попутному напрямку;порушення правил маневрування;2;49.8279;24.045703;1;0;1;0;0;2018;6;2;15;Львів;Наїзд на велосипедиста;Порушення маневрування
понеділок;Шевченківський;Чорновола В., просп.;наїзд на пішохода - на регульованому пішохідному переході;порушення правил маневрування;2;49.856219;24.021606;1;0;1;0;0;2018;6;0;14;Львів;Наїзд на пішохода;Порушення маневрування
четвер;Сихівський;Морозна;наїзд на пішохода - пішохід рухався у попутному напрямку;порушення правил маневрування;2;49.796887;24.068213;1;0;0;1;0;2018;6;3;16;Львів;Наїзд на пішохода;Порушення маневрування
четвер;Сихівський;Червоної Калини, просп.;зіткнення лобове;порушення правил маневрування;2;49.805017;24.045559;1;0;1;0;1;2018;7;3;13;Львів;Зіткнення автомобілів;Порушення маневрування
вівторок;Галицький;Городоцька;наїзд на пішохода - пішохід рухався у попутному напрямку;порушення правил маневрування;2;49.838741;24.008395;1;0;0;1;0;2018;6;1;4;Львів;Наїзд на пішохода;Порушення маневрування
вівторок;Сихівський;Стрийська;наїзд на пішохода - пішохід рухався у попутному напрямку;порушення правил маневрування;3;49.7762;24.0247;0;0;3;0;0;2018;7;1;22;Львів;Наїзд на пішохода;Порушення маневрування
субота;Шевченківський;Шевченка Т.;зіткнення лобове;порушення правил маневрування;3;49.86781;23.95314;2;0;1;0;0;2018;7;5;9;Львів;Зіткнення автомобілів;Порушення маневрування
неділя;Шевченківський;Шевченка Т.;наїзд на пішохода - пішохід рухався у попутному напрямку;порушення правил проїзду пішохідних переходів;2;49.851124;23.991598;1;0;1;0;0;2018;7;6;21;Львів;Наїзд на пішохода;Порушення проїзду переходів
субота;Личаківський;Левицького К.;наїзд на велосипедиста - велосипедист рухався у попутному напрямку;порушення правил маневрування;2;49.833401;24.041637;1;0;1;0;0;2018;6;5;20;Львів;Наїзд на велосипедиста;Порушення маневрування
понеділок;Залізничний;Городоцька;наїзд на пішохода - пішоходний перехід, тз здійснював поворот вліво (вправо);недодержання дистанції;2;49.821556;23.92186;1;1;0;0;0;2018;6;0;16;Львів;Наїзд на пішохода;Недотримання дистанції
вівторок;Шевченківський;Хмельницького Б.;наїзд на велосипедиста - велосипедист рухався у попутному напрямку;порушення правил маневрування;2;49.866054;24.053947;1;0;1;0;0;2018;6;1;15;Львів;Наїзд на велосипедиста;Порушення маневрування
субота;Франківський;Кульпарківська;зіткнення лобове;порушення правил маневрування;4;49.81319;23.984678;0;1;1;2;0;2018;7;5;12;Львів;Зіткнення автомобілів;Порушення маневрування
неділя;Шевченківський;Промислова;зіткнення бокове;порушення правил маневрування;3;49.859819;24.043493;2;0;1;0;0;2018;7;6;15;Львів;Зіткнення автомобілів;Порушення маневрування
неділя;Сихівський;Червоної Калини, просп.;зіткнення з задньою частиною тз;перевищення безпечної швидкості , недодержання дистанції;3;49.797884;24.051481;2;0;1;0;0;2018;6;6;12;Львів;Зіткнення автомобілів;Перевищення швидкості
субота;Сихівський;Червоної Калини, просп.;зіткнення бокове;порушення правил маневрування;3;49.81031;24.046154;1;0;2;0;0;2018;6;5;15;Львів;Зіткнення автомобілів;Порушення маневрування
неділя;Личаківський;Пасічна;наїзд на інші види перешкод;перевищення безпечної швидкості;4;49.830927;24.06803;2;0;2;0;0;2018;6;6;8;Львів;Наїзд на перешкоду;Перевищення швидкості
субота;Личаківський;Погулянка;наїзд на пішохода - пішохід рухався у попутному напрямку;порушення правил маневрування;2;49.828081;24.056889;1;0;1;0;0;2018;7;5;17;Львів;Наїзд на пішохода;Порушення маневрування
середа;Личаківський;Личаківська;зіткнення бокове;порушення правил проїзду перехресть;3;49.839792;24.039321;2;0;1;0;0;2018;6;2;11;Львів;Зіткнення автомобілів;Порушення проїзду перехресть
четвер;Галицький;Чорновола В., просп.;наїзд на пішохода - пішохід рухався у зустрічному напрямку;невиконання вимог сигналів регулювання;2;49.850478;24.024546;0;0;2;0;1;2018;6;3;19;Львів;Наїзд на пішохода;Інше
вівторок;Залізничний;Виговського І.;зіткнення бокове;порушення правил маневрування;2;49.812401;23.980612;1;0;0;1;0;2018;6;1;23;Львів;Зіткнення автомобілів;Порушення маневрування
субота;Шевченківський;Чорновола В., просп.;наїзд на пішохода - пішохід переходив дорогу поза межами пішохідного переходу;пішоходи невиконання вимог сигналів регулювання;2;49.861492;24.017121;1;0;0;1;0;2018;7;5;10;Львів;Наїзд на пішохода;Інше
субота;Галицький;Волоська;наїзд на пішохода - пішохід рухався у зустрічному напрямку;порушення правил проїзду пішохідних переходів;2;49.829606;24.032475;1;0;1;0;0;2018;6;5;13;Львів;Наїзд на пішохода;Порушення проїзду переходів
понеділок;Шевченківський;Замарстинівська;зіткнення лобове;порушення правил проїзду перехресть;2;49.860355;24.026885;1;0;1;0;1;2018;7;0;9;Львів;Зіткнення автомобілів;Порушення проїзду перехресть
вівторок;Шевченківський;Шевченка Т.;наїзд на пішохода - стояв на проїздній частині;порушення правил маневрування;1;49.854531;23.984334;0;0;1;0;0;2018;6;1;0;Львів;Наїзд на пішохода;Порушення маневрування
середа;Франківський;Городоцька;наїзд на пішохода - пішохід рухався у попутному напрямку;порушення правил маневрування;2;49.836398;24.000846;1;0;1;0;0;2018;6;2;22;Львів;Наїзд на пішохода;Порушення маневрування
середа;Галицький;Городоцька;наїзд на велосипедиста - велосипедист рухався у попутному напрямку;порушення правил маневрування;2;49.842888;24.019836;1;0;1;0;0;2018;6;2;8;Львів;Наїзд на велосипедиста;Порушення маневрування
четвер;Франківський;Княгині Ольги;наїзд на пішохода - пішохід рухався у попутному напрямку;порушення правил маневрування;2;49.80644;23.998931;1;0;0;1;0;2018;6;3;15;Львів;Наїзд на пішохода;Порушення маневрування
середа;Личаківський;Глинянський Тракт;зіткнення бокове;перевищення безпечної швидкості;2;49.836889;24.073888;0;0;2;0;1;2018;7;2;21;Львів;Зіткнення автомобілів;Перевищення швидкості
четвер;Сихівський;Дністерcька;наїзд на велосипедиста - велосипедист рухався у попутному напрямку;порушення правил маневрування;2;49.818047;24.057612;1;0;1;0;0;2018;7;3;15;Львів;Наїзд на велосипедиста;Порушення маневрування
неділя;Шевченківський;Хімічна;наїзд на пішохода - пішохід переходив дорогу поза межами пішохідного переходу;перехід у невстановленому місці;2;49.853826;24.023302;1;0;1;0;1;2018;6;6;21;Львів;Наїзд на пішохода;Інше
вівторок;Залізничний;Ряшівська;зіткнення бокове;невиконання вимог сигналів регулювання;2;49.827865;23.953822;1;0;1;0;1;2018;7;1;8;Львів;Зіткнення автомобілів;Інше
четвер;Шевченківський;Чорновола В., просп.;зіткнення бокове;порушення правил маневрування;3;49.866411;24.016338;1;0;1;1;0;2018;6;3;19;Львів;Зіткнення автомобілів;Порушення маневрування
середа;Шевченківський;Липинського В.;наїзд на інші види перешкод;порушення правил маневрування;1;49.865003;24.052849;0;0;1;0;1;2018;7;2;23;Львів;Наїзд на перешкоду;Порушення маневрування
четвер;Галицький;Вітовського Д.;наїзд на інші види перешкод;недодержання дистанції;2;49.830276;24.023619;1;0;1;0;0;2018;6;3;20;Львів;Наїзд на перешкоду;Недотримання дистанції
середа;Галицький;Князя Романа;зіткнення бокове;перевищення безпечної швидкості , недодержання дистанції;4;49.837415;24.033177;3;0;0;1;0;2018;6;2;12;Львів;Зіткнення автомобілів;Перевищення швидкості
неділя;Шевченківський;Шевченка Т.;зіткнення бокове;порушення правил маневрування;5;49.868097;23.952207;2;0;3;0;0;2018;6;6;16;Львів;Зіткнення автомобілів;Порушення маневрування
понеділок;Шевченківський;Винниця;наїзд на опори ( леп, телефонних та телеграфних ліній, рекламоносіїв, щогли антен моб. зв'язку, тощо );порушення правил маневрування;2;49.866095;23.969443;0;0;1;1;0;2018;6;0;22;Львів;Інше;Порушення маневрування
неділя;Сихівський;Хуторівка;наїзд на пішохода - пішохід рухався у попутному напрямку;порушення правил маневрування;2;49.802247;24.03034;1;0;1;0;0;2018;7;6;21;Львів;Наїзд на пішохода;Порушення маневрування
субота;Шевченківський;Чорновола В., просп.;зіткнення лобове;порушення правил маневрування;3;49.855081;24.022395;2;0;1;0;0;2018;7;5;16;Львів;Зіткнення автомобілів;Порушення маневрування
субота;Сихівський;Стрийська;зіткнення бокове;порушення правил маневрування;2;49.791402;24.01577;1;0;0;1;0;2018;6;5;7;Львів;Зіткнення автомобілів;Порушення маневрування
неділя;Личаківський;Хмельницького Б.;наїзд на інші види перешкод;порушення правил маневрування;1;49.868723;24.056148;0;0;1;0;0;2018;7;6;17;Львів;Наїзд на перешкоду;Порушення маневрування
понеділок;Франківський;Сахарова А., акад.;наїзд на велосипедиста - велосипедист рухався у зустрічному напрямку;порушення правил маневрування;2;49.83118;24.015979;1;0;1;0;0;2018;6;0;9;Львів;Наїзд на велосипедиста;Порушення маневрування
п'ятниця;Залізничний;Ряшівська;наїзд на пішохода - пішохід рухався у попутному напрямку;порушення правил маневрування;2;49.827128;23.955667;1;0;1;0;0;2018;6;4;18;Львів;Наїзд на пішохода;Порушення маневрування
субота;Сихівський;Стрийська;зіткнення лобове;порушення правил маневрування;5;49.815849;24.021719;4;0;1;0;0;2018;7;5;12;Львів;Зіткнення автомобілів;Порушення маневрування
понеділок;Сихівський;Чмоли І.;зіткнення бокове;порушення правил маневрування , порушення правил проїзду перехресть , перевищення безпечної швидкості;2;49.814672;24.019825;1;0;0;1;1;2018;6;0;22;Львів;Зіткнення автомобілів;Порушення маневрування
вівторок;Залізничний;Городоцька;наїзд на пішохода - пішохід рухався у попутному напрямку;порушення правил маневрування;2;49.821802;23.9231;1;0;1;0;0;2018;7;1;18;Львів;Наїзд на пішохода;Порушення маневрування
четвер;Залізничний;Городоцька;наїзд на пішохода - пішохід рухався у попутному напрямку;порушення правил маневрування;2;49.838284;24.007317;1;0;1;0;0;2018;6;3;1;Львів;Наїзд на пішохода;Порушення маневрування
понеділок;Франківський;Княгині Ольги;наїзд на пішохода - пішохід рухався у попутному напрямку;порушення правил проїзду пішохідних переходів;2;49.823837;24.007643;1;0;1;0;0;2018;6;0;17;Львів;Наїзд на пішохода;Порушення проїзду переходів
субота;Личаківський;Пасічна;наїзд на пішохода - пішохід рухався у попутному напрямку;порушення правил маневрування;2;49.827332;24.072971;1;0;1;0;0;2018;6;5;16;Львів;Наїзд на пішохода;Порушення маневрування
неділя;Галицький;Князя Ярослава Осмомисла, пл.;зіткнення лобове;порушення правил маневрування;3;49.844819;24.029245;1;0;2;0;1;2018;7;6;13;Львів;Зіткнення автомобілів;Порушення маневрування
субота;Личаківський;Кукурудзяна;зіткнення лобове;перевищення безпечної швидкості;4;49.862741;24.056625;1;0;3;0;0;2018;7;5;23;Львів;Зіткнення автомобілів;Перевищення швидкості
вівторок;Сихівський;Червоної Калини, просп.;зіткнення лобове;порушення правил маневрування;3;49.810214;24.046522;1;1;1;0;1;2018;6;1;9;Львів;Зіткнення автомобілів;Порушення маневрування
п'ятниця;Залізничний;Городоцька;зіткнення бокове;перевищення безпечної швидкості , недодержання дистанції;2;49.824179;23.9329;1;0;1;0;0;2018;6;4;20;Львів;Зіткнення автомобілів;Перевищення швидкості
п'ятниця;Залізничний;Левандівська;зіткнення бокове;порушення правил маневрування;2;49.843397;23.981121;1;0;1;0;0;2018;6;4;17;Львів;Зіткнення автомобілів;Порушення маневрування
вівторок;Франківський;Наукова;зіткнення лобове;порушення правил маневрування;2;49.803005;24.007627;1;0;1;0;0;2018;7;1;9;Львів;Зіткнення автомобілів;Порушення маневрування
середа;Залізничний;Кульпарківська;зіткнення бокове;порушення правил маневрування , перевищення безпечної швидкості;2;49.803241;23.980751;1;0;1;0;0;2018;6;2;14;Львів;Зіткнення автомобілів;Порушення маневрування
середа;Франківський;Сахарова А., акад.;наїзд на пішохода - пішохід рухався у попутному напрямку;перехід у невстановленому місці;2;49.823435;24.012766;1;0;1;0;0;2018;6;2;23;Львів;Наїзд на пішохода;Інше
п'ятниця;Залізничний;Любінська;зіткнення бокове;порушення правил маневрування;3;49.816501;23.957462;2;0;1;0;0;2018;7;4;17;Львів;Зіткнення автомобілів;Порушення маневрування
четвер;Личаківський;Зелена;наїзд на пішохода - пішохід переходив дорогу поза межами пішохідного переходу;перевищення безпечної швидкості;2;49.833411;24.03868;1;0;1;0;0;2018;8;3;19;Львів;Наїзд на пішохода;Перевищення швидкості
вівторок;Франківський;Наукова;зіткнення бокове;порушення правил маневрування , недодержання дистанції;2;49.803444;24.002538;1;0;1;0;0;2018;7;1;18;Львів;Зіткнення автомобілів;Порушення маневрування
четвер;Сихівський;Мирного Панаса;наїзд на велосипедиста - поза межами велосипедної доріжки;недодержання дистанції;2;49.814755;24.03343;1;0;1;0;0;2018;8;3;20;Львів;Наїзд на велосипедиста;Недотримання дистанції
четвер;Франківський;Трускавецька;наїзд на пішохода - пішохід рухався у попутному напрямку;перевищення безпечної швидкості;2;49.800318;23.984683;1;0;1;0;0;2018;7;3;4;Львів;Наїзд на пішохода;Перевищення швидкості
субота;Сихівський;Зелена;зіткнення з задньою частиною тз;порушення правил маневрування;3;49.798033;24.071753;1;0;2;0;0;2018;7;5;14;Львів;Зіткнення автомобілів;Порушення маневрування
четвер;Франківський;Наукова;падіння пасажира;порушення правил перевезення пасажирів;2;49.805508;23.985263;1;0;1;0;0;2018;8;3;18;Львів;Падіння пасажира;Інше
п'ятниця;Шевченківський;Шевченка Т.;зіткнення бокове;порушення правил маневрування;3;49.868482;23.952599;1;0;2;0;0;2018;8;4;22;Львів;Зіткнення автомобілів;Порушення маневрування
п'ятниця;Шевченківський;Шевченка Т.;наїзд на пішохода - пішохід рухався у попутному напрямку;перевищення безпечної швидкості , недодержання дистанції;4;49.870632;23.943297;1;0;3;0;0;2018;8;4;17;Львів;Наїзд на пішохода;Перевищення швидкості
понеділок;Личаківський;Пасічна;зіткнення лобове;перевищення безпечної швидкості , недодержання дистанції;3;49.828377;24.070739;2;0;1;0;0;2018;7;0;13;Львів;Зіткнення автомобілів;Перевищення швидкості
середа;Шевченківський;Брюховицька;зіткнення лобове;перевищення безпечної швидкості;2;49.860176;23.970913;1;0;1;0;0;2018;8;2;23;Львів;Зіткнення автомобілів;Перевищення швидкості
вівторок;Сихівський;Угорська;зіткнення бокове;порушення правил маневрування;2;49.810255;24.04624;1;0;1;0;1;2018;7;1;16;Львів;Зіткнення автомобілів;Порушення маневрування
середа;Сихівський;Червоної Калини, просп.;наїзд на пішохода - пішохід рухався у попутному напрямку;порушення правил маневрування;2;49.788849;24.059163;1;0;1;0;0;2018;8;2;22;Львів;Наїзд на пішохода;Порушення маневрування
субота;Личаківський;Пластова;зіткнення лобове;порушення правил маневрування;2;49.859708;24.063068;1;0;1;0;0;2018;7;5;23;Львів;Зіткнення автомобілів;Порушення маневрування
п'ятниця;Личаківський;Богданівська;зіткнення лобове;порушення правил маневрування;2;49.855469;24.075546;1;0;1;0;0;2018;8;4;12;Львів;Зіткнення автомобілів;Порушення маневрування
понеділок;Залізничний;Вигоди;наїзд на пішохода - на нерегульованому пішохідному переході;порушення правил проїзду пішохідних переходів;2;49.840875;23.973198;0;0;2;0;0;2018;7;0;15;Львів;Наїзд на пішохода;Порушення проїзду переходів
п'ятниця;Галицький;Чупринки Т., ген.;падіння пасажира;порушення правил перевезення пасажирів;2;49.834709;24.016725;1;0;1;0;1;2018;8;4;15;Львів;Падіння пасажира;Інше
вівторок;Франківський;Київська;наїзд на пішохода - пішохід рухався у попутному напрямку;перевищення безпечної швидкості;2;49.832457;24.011843;1;0;1;0;0;2018;8;1;13;Львів;Наїзд на пішохода;Перевищення швидкості
понеділок;Залізничний;Городоцька;наїзд на пішохода - пішохід рухався у попутному напрямку;пішоходи невиконання вимог сигналів регулювання;2;49.827623;23.951386;1;0;0;1;0;2018;8;0;0;Львів;Наїзд на пішохода;Інше
середа;Франківський;Васильківського С.;наїзд на велосипедиста - велосипедист рухався у попутному напрямку;порушення правил користування освітлювальними приладами;2;49.832547;24.00112;1;0;1;0;0;2018;8;2;18;Львів;Наїзд на велосипедиста;Інше
понеділок;Франківський;Кульпарківська;зіткнення лобове;перевищення безпечної швидкості , недодержання дистанції;3;49.830398;23.990987;0;0;2;1;0;2018;7;0;20;Львів;Зіткнення автомобілів;Перевищення швидкості
четвер;Галицький;Дорошенка П.;зіткнення бокове;порушення правил проїзду перехресть;3;49.837609;24.022301;2;0;1;0;0;2018;8;3;10;Львів;Зіткнення автомобілів;Порушення проїзду перехресть
четвер;Галицький;Дорошенка П.;зіткнення бокове;порушення правил маневрування;3;49.839712;24.02607;2;0;1;0;0;2018;8;3;10;Львів;Зіткнення автомобілів;Порушення маневрування
четвер;Личаківський;Мечникова І.;наїзд на пішохода - пішохід рухався у попутному напрямку;порушення правил маневрування;2;49.832443;24.049963;1;0;0;1;0;2018;8;3;14;Львів;Наїзд на пішохода;Порушення маневрування
четвер;Залізничний;Кульпарківська;зіткнення лобове;перевищення безпечної швидкості , недодержання дистанції;2;49.804799;23.981153;1;0;1;0;0;2018;8;3;11;Львів;Зіткнення автомобілів;Перевищення швидкості
вівторок;Личаківський;Пасічна;наїзд на пішохода - пішохід переходив дорогу поза межами пішохідного переходу;перехід у невстановленому місці;4;49.817289;24.07657;1;1;0;2;0;2018;8;1;21;Львів;Наїзд на пішохода;Інше
вівторок;Залізничний;Шевченка Т.;падіння пасажира;порушення правил маневрування;2;49.849724;23.994763;1;0;1;0;0;2018;8;1;16;Львів;Падіння пасажира;Порушення маневрування
п'ятниця;Личаківський;Лисенка М.;зіткнення лобове;невиконання вимог сигналів регулювання;2;49.842957;24.041085;1;0;1;0;0;2018;8;4;16;Львів;Зіткнення автомобілів;Інше
четвер;Сихівський;Червоної Калини, просп.;наїзд на пішохода - пішохід рухався у попутному напрямку;порушення правил проїзду перехресть;2;49.795703;24.055424;0;0;1;1;0;2018;8;3;19;Львів;Наїзд на пішохода;Порушення проїзду перехресть
п'ятниця;Сихівський;Хуторівка;зіткнення бокове;порушення правил маневрування;3;49.799705;24.026868;1;0;2;0;0;2018;8;4;21;Львів;Зіткнення автомобілів;Порушення маневрування
понеділок;Галицький;Тарнавського М., ген.;зіткнення лобове;порушення правил маневрування;5;49.826259;24.043724;2;0;3;0;0;2018;7;0;13;Львів;Зіткнення автомобілів;Порушення маневрування
вівторок;Галицький;Дорошенка П.;наїзд на пішохода - пішохід рухався у попутному напрямку;порушення правил маневрування;2;49.83901;24.025034;1;1;0;0;0;2018;8;1;16;Львів;Наїзд на пішохода;Порушення маневрування
середа;Франківський;Кульпарківська;зіткнення лобове;невиконання вимог сигналів регулювання , порушення правил проїзду перехресть;3;49.828073;23.990128;2;0;1;0;1;2018;7;2;23;Львів;Зіткнення автомобілів;Порушення проїзду перехресть
вівторок;Залізничний;Петлюри С.;наїзд на пішохода - пішохід рухався у попутному напрямку;порушення правил маневрування;2;49.821913;23.980097;1;0;1;0;0;2018;8;1;5;Львів;Наїзд на пішохода;Порушення маневрування
середа;Сихівський;Стрийська;наїзд на інші види перешкод;перевищення безпечної швидкості;1;49.788035;24.017905;0;0;1;0;0;2018;8;2;23;Львів;Наїзд на перешкоду;Перевищення швидкості
п'ятниця;Личаківський;Богданівська;зіткнення лобове;порушення правил маневрування;2;49.8489;24.083426;1;0;0;1;1;2018;8;4;16;Львів;Зіткнення автомобілів;Порушення маневрування
четвер;Шевченківський;Шевченка Т.;наїзд на пішохода - пішохід рухався у попутному напрямку;порушення правил маневрування;2;49.868519;23.951461;1;0;0;1;0;2018;8;3;23;Львів;Наїзд на пішохода;Порушення маневрування
вівторок;Залізничний;Городоцька;зіткнення лобове;невиконання вимог сигналів регулювання;3;49.820722;23.914876;2;0;1;0;0;2018;7;1;4;Львів;Зіткнення автомобілів;Інше
п'ятниця;Сихівський;Мікльоша К.;перекидання тз;порушення правил маневрування;2;49.783325;24.018854;0;0;2;0;0;2018;7;4;1;Львів;Перекидання;Порушення маневрування
четвер;Галицький;Гоголя М.;наїзд на пішохода - пішохід рухався у зустрічному напрямку;порушення правил маневрування;2;49.839775;24.018474;1;0;0;1;0;2018;8;3;12;Львів;Наїзд на пішохода;Порушення маневрування
середа;Сихівський;Драгана М.;наїзд на пішохода - пішохід рухався у попутному напрямку;порушення правил маневрування;2;49.78488;24.056684;1;0;1;0;0;2018;7;2;19;Львів;Наїзд на пішохода;Порушення маневрування
субота;Залізничний;Широка;наїзд на пішохода - на регульованому пішохідному переході;перевищення безпечної швидкості;2;49.841747;23.967533;1;0;1;0;1;2018;8;5;11;Львів;Наїзд на пішохода;Перевищення швидкості
середа;Галицький;Газова;наїзд на велосипедиста - поза межами велосипедної доріжки;порушення правил маневрування;2;49.848461;24.022588;1;0;1;0;0;2018;8;2;15;Львів;Наїзд на велосипедиста;Порушення маневрування
субота;Франківський;Стрийська;зіткнення лобове;виїзд на смугу зустрічного руху;6;49.801863;24.01798;2;0;4;0;1;2018;8;5;22;Львів;Зіткнення автомобілів;Інше
субота;Шевченківський;Липинського В.;зіткнення бокове;перевищення безпечної швидкості;2;49.863542;24.033313;1;0;1;0;1;2018;7;5;10;Львів;Зіткнення автомобілів;Перевищення швидкості
вівторок;Залізничний;Петлюри С.;наїзд на пішохода - пішохід рухався у попутному напрямку;порушення правил маневрування;2;49.819518;23.981003;1;0;1;0;0;2018;8;1;14;Львів;Наїзд на пішохода;Порушення маневрування
четвер;Залізничний;Городоцька;зіткнення з задньою частиною тз;недодержання дистанції;3;49.824446;23.931962;2;0;1;0;0;2018;8;3;16;Львів;Зіткнення автомобілів;Недотримання дистанції
четвер;Галицький;Соборна, пл.;наїзд на пішохода - пішохід рухався у попутному напрямку;перевищення безпечної швидкості , недодержання дистанції;2;49.838398;24.034781;1;0;1;0;0;2018;8;3;9;Львів;Наїзд на пішохода;Перевищення швидкості
понеділок;Франківський;Княгині Ольги;наїзд на велосипедиста - поза межами велосипедної доріжки;перевищення безпечної швидкості;2;49.822743;24.006881;1;0;1;0;0;2018;9;0;13;Львів;Наїзд на велосипедиста;Перевищення швидкості
середа;Личаківський;Хмельницького Б.;наїзд на інші види перешкод;недодержання дистанції;1;49.871244;24.058396;0;0;1;0;0;2018;8;2;4;Львів;Наїзд на перешкоду;Недотримання дистанції
п'ятниця;Залізничний;Городоцька;наїзд на пішохода - пішохід рухався у попутному напрямку;перехід у невстановленому місці;2;49.823574;23.927434;1;1;0;0;0;2018;8;4;21;Львів;Наїзд на пішохода;Інше
субота;Сихівський;Зелена;наїзд на пішохода - пішохід рухався у попутному напрямку;порушення правил маневрування;3;49.802039;24.066201;2;0;1;0;0;2018;8;5;9;Львів;Наїзд на пішохода;Порушення маневрування
вівторок;Личаківський;Глинянський Тракт;наїзд на пішохода - на нерегульованому пішохідному переході;порушення правил проїзду пішохідних переходів;2;49.835996;24.070283;1;0;1;0;0;2018;8;1;11;Львів;Наїзд на пішохода;Порушення проїзду переходів
понеділок;Сихівський;Стуса В.;наїзд на інші види перешкод;порушення правил маневрування;1;49.817659;24.044614;0;0;0;1;0;2018;8;0;18;Львів;Наїзд на перешкоду;Порушення маневрування
понеділок;Залізничний;Сяйво;зіткнення лобове;порушення правил маневрування;2;49.83783;23.977017;1;0;0;1;0;2018;8;0;18;Львів;Зіткнення автомобілів;Порушення маневрування
п'ятниця;Франківський;Окружна;зіткнення лобове;порушення правил маневрування;2;49.824917;23.989635;1;0;1;0;1;2018;7;4;10;Львів;Зіткнення автомобілів;Порушення маневрування
субота;Залізничний;Городоцька;зіткнення бокове;порушення правил маневрування;2;49.821812;23.923196;1;0;1;0;0;2018;9;5;11;Львів;Зіткнення автомобілів;Порушення маневрування
вівторок;Франківський;Любінська;зіткнення лобове;порушення правил маневрування;4;49.82746;23.983557;1;0;2;1;0;2018;8;1;20;Львів;Зіткнення автомобілів;Порушення маневрування
середа;Шевченківський;Величковського І.;наїзд на пішохода - пішохід рухався у зустрічному напрямку;порушення правил маневрування;2;49.877021;23.933904;1;0;0;1;0;2018;8;2;17;Львів;Наїзд на пішохода;Порушення маневрування
субота;Залізничний;Городоцька;наїзд на пішохода - пішохід рухався у попутному напрямку;порушення правил проїзду пішохідних переходів;2;49.831339;23.970784;0;0;2;0;0;2018;8;5;16;Львів;Наїзд на пішохода;Порушення проїзду переходів
п'ятниця;Сихівський;Пасічна;зіткнення лобове;порушення правил маневрування;4;49.807291;24.071533;1;0;3;0;0;2018;8;4;12;Львів;Зіткнення автомобілів;Порушення маневрування
субота;Залізничний;Виговського І.;зіткнення лобове;порушення правил маневрування;2;49.812252;23.98176;0;0;2;0;0;2018;7;5;12;Львів;Зіткнення автомобілів;Порушення маневрування
п'ятниця;Сихівський;Рубчака І.;зіткнення лобове;порушення правил маневрування;2;49.805269;24.018753;1;0;0;1;1;2018;8;4;9;Львів;Зіткнення автомобілів;Порушення маневрування
вівторок;Сихівський;Хуторівка;наїзд на пішохода - пішохід рухався у зустрічному напрямку;порушення правил маневрування;2;49.799796;24.026536;1;0;0;1;0;2018;8;1;13;Львів;Наїзд на пішохода;Порушення маневрування
понеділок;Шевченківський;Хмельницького Б.;наїзд на інші види перешкод;недодержання дистанції;1;49.874615;24.060305;0;0;1;0;0;2018;8;0;23;Львів;Наїзд на перешкоду;Недотримання дистанції
четвер;Шевченківський;Грінченка Б.;наїзд на пішохода - пішохід рухався у попутному напрямку;перехід у невстановленому місці;2;49.873422;24.053224;1;0;0;1;0;2018;8;3;18;Львів;Наїзд на пішохода;Інше
п'ятниця;Шевченківський;Липинського В.;наїзд на пішохода - пішоходний перехід, тз здійснював поворот вліво (вправо);порушення правил проїзду пішохідних переходів;2;49.864899;24.04117;1;0;1;0;0;2018;8;4;13;Львів;Наїзд на пішохода;Порушення проїзду переходів
п'ятниця;Шевченківський;Львівська;наїзд на велосипедиста - поза межами велосипедної доріжки;порушення правил маневрування;2;49.901601;23.959937;1;0;1;0;0;2018;8;4;11;Передмістя;Наїзд на велосипедиста;Порушення маневрування
неділя;Галицький;Свободи, просп.;наїзд на інші види перешкод;перевищення безпечної швидкості;1;49.844096;24.025716;0;0;1;0;0;2018;8;6;4;Львів;Наїзд на перешкоду;Перевищення швидкості