accidentDay;district;streetName;accidentType;mainAccidentCause;totalParticipantsAmount;latitude;longitude;Count_Без ушкоджень;Count_Загинув;Count_Легко травмований;Count_Тяжко травмований;Is_Intersection;Year;Month;DayOfWeek;Hour;settlement_grouped;Simple_Type;Simple_Cause
п'ятниця;Залізничний;П'ясецького А.;зіткнення з задньою частиною тз;перевищення безпечної швидкості;4;49.825858;23.936162;3;0;1;0;0;2018;8;4;19;Львів;Зіткнення автомобілів;Перевищення швидкості
субота;Залізничний;Городоцька;зіткнення бокове;невиконання вимог сигналів регулювання;2;49.828066;23.954476;0;0;2;0;1;2018;9;5;16;Львів;Зіткнення автомобілів;Інше
понеділок;Сихівський;Стуса В.;зіткнення лобове;порушення правил маневрування;3;49.817327;24.045517;2;0;1;0;1;2018;8;0;14;Львів;Зіткнення автомобілів;Порушення маневрування
середа;Шевченківський;Чорновола В., просп.;зіткнення лобове;перевищення безпечної швидкості , недодержання дистанції;3;49.863706;24.017739;2;0;1;0;0;2018;8;2;17;Львів;Зіткнення автомобілів;Перевищення швидкості
п'ятниця;Сихівський;Мікльоша К.;зіткнення лобове;перевищення встановленої швидкості , порушення правил проїзду перехресть;2;49.783661;24.014268;1;0;1;0;1;2018;7;4;13;Львів;Зіткнення автомобілів;Перевищення швидкості
п'ятниця;Сихівський;Стрийська;зіткнення бокове;порушення правил маневрування , перевищення безпечної швидкості;2;49.774821;24.014139;1;0;1;0;0;2018;8;4;12;Львів;Зіткнення автомобілів;Порушення маневрування
четвер;Галицький;Галицька;наїзд на пішохода - стояв на проїздній частині;порушення правил проїзду пішохідних переходів;2;49.839301;24.032507;1;0;1;0;0;2018;8;3;0;Львів;Наїзд на пішохода;Порушення проїзду переходів
понеділок;Личаківський;Курінна;наїзд на пішохода - пішохід рухався у попутному напрямку;неочікуваний вихід на проїзну частину;2;49.839792;24.086763;1;0;1;0;0;2018;7;0;11;Львів;Наїзд на пішохода;Інше
понеділок;Шевченківський;Шевченка Т.;зіткнення лобове;порушення правил обгону;5;49.851135;23.991566;3;0;2;0;0;2018;8;0;14;Львів;Зіткнення автомобілів;Інше
субота;Галицький;Гоголя М.;наїзд на пішохода - пішохід рухався у попутному напрямку;порушення правил проїзду пішохідних переходів;3;49.839806;24.018458;1;0;2;0;0;2018;8;5;17;Львів;Наїзд на пішохода;Порушення проїзду переходів
четвер;Франківський;Окружна;зіткнення лобове;порушення правил маневрування;3;49.82493;23.989656;1;0;2;0;1;2018;7;3;22;Львів;Зіткнення автомобілів;Порушення маневрування
неділя;Залізничний;Кузневича Г.;наїзд на пішохода - пішохід рухався у попутному напрямку;перехід у невстановленому місці;2;49.833706;23.981084;1;0;1;0;0;2018;8;6;2;Львів;Наїзд на пішохода;Інше
п'ятниця;Франківський;Наукова;наїзд на дерево;перевищення безпечної швидкості , недодержання дистанції , керування транспортним засобом у нетверезому стані;1;49.80376;23.993667;0;0;1;0;0;2018;7;4;1;Львів;Наїзд на перешкоду;Перевищення швидкості
вівторок;Залізничний;Сяйво;зіткнення лобове;виїзд на смугу зустрічного руху;2;49.83592;23.976824;0;0;1;1;1;2018;8;1;5;Львів;Зіткнення автомобілів;Інше
понеділок;Шевченківський;Шевченка Т.;зіткнення бокове;перевищення безпечної швидкості;2;49.871126;23.958966;1;0;1;0;0;2018;9;0;17;Львів;Зіткнення автомобілів;Перевищення швидкості
п'ятниця;Франківський;Смаль-Стоцького С.;наїзд на велосипедиста - поза межами велосипедної доріжки;перевищення безпечної швидкості;2;49.832007;23.996222;1;0;1;0;0;2018;8;4;14;Львів;Наїзд на велосипедиста;Перевищення швидкості
середа;Галицький;Чорновола В., просп.;наїзд на пішохода - пішохід рухався у попутному напрямку;порушення правил маневрування;2;49.848378;24.025818;1;0;1;0;0;2018;8;2;1;Львів;Наїзд на пішохода;Порушення маневрування
п'ятниця;Шевченківський;Промислова;наїзд на інші види перешкод;перевищення безпечної швидкості;1;49.86077;24.043692;0;0;1;0;0;2018;8;4;22;Львів;Наїзд на перешкоду;Перевищення швидкості
п'ятниця;Залізничний;Городоцька;наїзд на транспортний засіб, що стоїть - по ходу руху;недодержання дистанції;4;49.82419;23.932868;3;0;1;0;0;2018;7;4;17;Львів;Інше;Недотримання дистанції
субота;Залізничний;Городоцька;падіння пасажира;порушення правил перевезення пасажирів;2;49.821106;23.916416;1;0;1;0;0;2018;9;5;10;Львів;Падіння пасажира;Інше
субота;Залізничний;Городоцька;наїзд на пішохода - пішохід рухався у попутному напрямку;порушення правил маневрування;2;49.833751;23.982849;1;0;1;0;0;2018;9;5;14;Львів;Наїзд на пішохода;Порушення маневрування
субота;Залізничний;Широка;наїзд на пішохода - пішохід рухався у попутному напрямку;перевищення безпечної швидкості;2;49.841968;23.968858;1;0;1;0;0;2018;9;5;15;Львів;Наїзд на пішохода;Перевищення швидкості
четвер;Сихівський;Драгана М.;наїзд на пішохода - на регульованому пішохідному переході;порушення правил проїзду пішохідних переходів;2;49.784859;24.058058;1;0;1;0;0;2018;9;3;14;Львів;Наїзд на пішохода;Порушення проїзду переходів
середа;Сихівський;Луганська;наїзд на пішохода - пішохід рухався у попутному напрямку;порушення правил маневрування;2;49.807362;24.052402;1;0;0;1;0;2018;9;2;7;Львів;Наїзд на пішохода;Порушення маневрування
п'ятниця;Шевченківський;Панча П.;наїзд на пішохода - на нерегульованому пішохідному переході;порушення правил проїзду пішохідних переходів;2;49.860888;24.012219;1;0;1;0;0;2018;9;4;16;Львів;Наїзд на пішохода;Порушення проїзду переходів
четвер;Залізничний;Щирецька;наїзд на пішохода - пішохід рухався у попутному напрямку;порушення правил маневрування , порушення правил проїзду пішохідних переходів;2;49.809611;23.977935;1;0;1;0;0;2018;9;3;17;Львів;Наїзд на пішохода;Порушення маневрування
четвер;Шевченківський;Липинського В.;зіткнення бокове;перевищення безпечної швидкості , недодержання дистанції;3;49.86345;24.034138;2;0;1;0;0;2018;9;3;22;Львів;Зіткнення автомобілів;Перевищення швидкості
вівторок;Личаківський;Личаківська;зіткнення лобове;порушення правил маневрування;2;49.83729;24.060531;1;0;1;0;0;2018;10;1;16;Львів;Зіткнення автомобілів;Порушення маневрування
п'ятниця;Залізничний;Городоцька;зіткнення з задньою частиною тз;перевищення безпечної швидкості , недодержання дистанції;2;49.82618391811943;23.943680615640584;1;0;1;0;1;2018;9;4;17;Львів;Зіткнення автомобілів;Перевищення швидкості
понеділок;Залізничний;Виговського І.;падіння пасажира;порушення техніки безпеки пасажиром;2;49.81958;23.969915;1;0;1;0;0;2018;9;0;11;Львів;Падіння пасажира;Інше
вівторок;Франківський;Кондукторська;наїзд на пішохода - пішохід рухався у попутному напрямку;порушення правил маневрування;2;49.83264;23.979893;1;0;1;0;1;2018;9;1;18;Львів;Наїзд на пішохода;Порушення маневрування
неділя;Франківський;Горбачевського І.;зіткнення бокове;порушення правил маневрування;2;49.828451;24.009748;1;0;0;1;0;2018;9;6;17;Львів;Зіткнення автомобілів;Порушення маневрування
середа;Галицький;Січових Стрільців;наїзд на пішохода - пішохід рухався у попутному напрямку;перевищення безпечної швидкості;2;49.839477;24.022958;1;0;1;0;0;2018;9;2;12;Львів;Наїзд на пішохода;Перевищення швидкості
вівторок;Франківський;Княгині Ольги;наїзд на пішохода - пішохід рухався у попутному напрямку;неочікуваний вихід на проїзну частину , перехід у невстановленому місці;2;49.818625;24.004092;1;0;0;1;0;2018;9;1;17;Львів;Наїзд на пішохода;Інше
понеділок;Франківський;Наукова;наїзд на велосипедиста - велосипедист рухався у попутному напрямку;порушення правил маневрування;2;49.805076;23.987784;1;0;1;0;0;2018;10;0;15;Львів;Наїзд на велосипедиста;Порушення маневрування
субота;Личаківський;Пасічна;зіткнення бокове;перевищення безпечної швидкості;4;49.819739;24.076136;0;0;3;1;0;2018;9;5;21;Львів;Зіткнення автомобілів;Перевищення швидкості
понеділок;Залізничний;Городоцька;наїзд на пішохода - пішохід рухався у попутному напрямку;порушення правил маневрування;2;49.836211;23.998001;1;1;0;0;0;2018;10;0;9;Львів;Наїзд на пішохода;Порушення маневрування
п'ятниця;Личаківський;Хмельницького Б.;наїзд на пішохода - на регульованому пішохідному переході;порушення правил маневрування;2;49.874656;24.060037;1;0;1;0;0;2018;9;4;16;Львів;Наїзд на пішохода;Порушення маневрування
неділя;Франківський;Володимира Великого;наїзд на пішохода - пішохід рухався у попутному напрямку;порушення правил маневрування;2;49.812467;23.984946;1;0;1;0;0;2018;9;6;21;Львів;Наїзд на пішохода;Порушення маневрування
середа;Франківський;Княгині Ольги;наїзд на велосипедиста - велосипедист рухався у попутному напрямку;порушення правил маневрування;2;49.822639;24.006833;1;0;1;0;0;2018;10;2;9;Львів;Наїзд на велосипедиста;Порушення маневрування
неділя;Галицький;Шевченка Т.;наїзд на пішохода - пішохід рухався у попутному напрямку;порушення правил проїзду пішохідних переходів;2;49.842978;24.015453;1;0;1;0;0;2018;9;6;23;Львів;Наїзд на пішохода;Порушення проїзду переходів
середа;Залізничний;Мазепи І., гетьм.;наїзд на пішохода - пішохід рухався у попутному напрямку;порушення правил маневрування;2;49.835945;23.890581;1;1;0;0;0;2018;9;2;11;Передмістя;Наїзд на пішохода;Порушення маневрування
четвер;Личаківський;Зелена;зіткнення лобове;перевищення безпечної швидкості , недодержання дистанції;3;49.821117;24.055542;2;0;1;0;0;2018;10;3;15;Львів;Зіткнення автомобілів;Перевищення швидкості
субота;Сихівський;Зелена;наїзд на пішохода - пішохід рухався у зустрічному напрямку;порушення правил маневрування;2;49.7903;24.0743;1;0;0;1;0;2018;9;5;21;Львів;Наїзд на пішохода;Порушення маневрування
понеділок;Шевченківський;Шевченка Т.;зіткнення бокове;порушення правил проїзду перехресть;2;49.872845;23.92903;1;0;1;0;1;2018;9;0;17;Львів;Зіткнення автомобілів;Порушення проїзду перехресть
вівторок;Галицький;Стуса В.;зіткнення бокове;порушення правил маневрування;2;49.817939;24.044191;1;0;1;0;0;2018;9;1;18;Львів;Зіткнення автомобілів;Порушення маневрування
неділя;Залізничний;Городоцька;зіткнення бокове;перевищення безпечної швидкості , недодержання дистанції;3;49.824186;23.932879;0;0;3;0;0;2018;9;6;16;Львів;Зіткнення автомобілів;Перевищення швидкості
п'ятниця;Франківський;Володимира Великого;зіткнення лобове;перевищення безпечної швидкості , недодержання дистанції;3;49.811137;23.990176;2;0;1;0;0;2018;9;4;21;Львів;Зіткнення автомобілів;Перевищення швидкості
неділя;Личаківський;Хмельницького Б.;зіткнення бокове;перевищення безпечної швидкості , порушення правил проїзду перехресть;4;49.853978;24.043515;1;0;2;1;1;2018;9;6;22;Львів;Зіткнення автомобілів;Перевищення швидкості
понеділок;Личаківський;Богданівська;наїзд на пішохода - пішохід рухався у зустрічному напрямку;перевищення безпечної швидкості , порушення правил проїзду пішохідних переходів;2;49.850633;24.079451;1;0;1;0;0;2018;9;0;18;Львів;Наїзд на пішохода;Перевищення швидкості
понеділок;Личаківський;Глинянський Тракт;падіння пасажира;порушення правил перевезення пасажирів;2;49.841899;24.097829;1;0;1;0;0;2018;9;0;18;Львів;Падіння пасажира;Інше
понеділок;Франківський;Наукова;зіткнення лобове;порушення правил маневрування;3;49.803376;24.004451;2;0;1;0;0;2018;9;0;16;Львів;Зіткнення автомобілів;Порушення маневрування
понеділок;Сихівський;Червоної Калини, просп.;наїзд на пішохода - на регульованому пішохідному переході;порушення правил проїзду пішохідних переходів;2;49.800855;24.046513;1;0;1;0;0;2018;9;0;18;Львів;Наїзд на пішохода;Порушення проїзду переходів
вівторок;Франківський;Княгині Ольги;наїзд на пішохода - пішохід рухався у попутному напрямку;порушення правил маневрування;2;49.816333;24.002257;1;0;1;0;0;2018;9;1;9;Львів;Наїзд на пішохода;Порушення маневрування
вівторок;Сихівський;Стрийська;наїзд на пішохода - пішоходний перехід, тз здійснював поворот вліво (вправо);порушення правил маневрування;2;49.811979;24.019876;1;0;1;0;1;2018;10;1;14;Львів;Наїзд на пішохода;Порушення маневрування
п'ятниця;Личаківський;Пасічна;наїзд на пішохода - пішохід рухався у попутному напрямку;перевищення безпечної швидкості , недодержання дистанції;4;49.820916;24.075707;3;0;1;0;0;2018;9;4;20;Львів;Наїзд на пішохода;Перевищення швидкості
п'ятниця;Личаківський;Пасічна;зіткнення бокове;порушення правил маневрування;4;49.817133;24.077091;3;0;1;0;0;2018;9;4;9;Львів;Зіткнення автомобілів;Порушення маневрування
неділя;Шевченківський;Чорновола В., просп.;наїзд на велосипедиста - поза межами велосипедної доріжки;порушення правил маневрування;2;49.856164;24.022003;1;0;1;0;0;2018;9;6;17;Львів;Наїзд на велосипедиста;Порушення маневрування
четвер;Залізничний;Любінська;зіткнення лобове;порушення правил проїзду перехресть;4;49.824069;23.977152;2;0;2;0;0;2018;10;3;15;Львів;Зіткнення автомобілів;Порушення проїзду перехресть
п'ятниця;Сихівський;Червоної Калини, просп.;наїзд на пішохода - пішохід рухався у попутному напрямку;перевищення безпечної швидкості;3;49.813145;24.045564;1;0;1;1;0;2018;9;4;19;Львів;Наїзд на пішохода;Перевищення швидкості
субота;Галицький;Куліша П.;наїзд на пішохода - пішохід рухався у попутному напрямку;неочікуваний вихід на проїзну частину;2;49.845581;24.024429;1;0;1;0;0;2018;10;5;16;Львів;Наїзд на пішохода;Інше
середа;Франківський;Наукова;наїзд на пішохода - пішохід переходив дорогу поза межами пішохідного переходу;перевищення безпечної швидкості;2;49.803074;24.005637;1;0;0;1;0;2018;9;2;20;Львів;Наїзд на пішохода;Перевищення швидкості
п'ятниця;Галицький;Чорновола В., просп.;наїзд на пішохода - пішохід рухався у попутному напрямку;порушення правил маневрування;2;49.845043;24.025286;1;0;0;1;0;2018;9;4;23;Львів;Наїзд на пішохода;Порушення маневрування
середа;Франківський;Антоновича В.;зіткнення бокове;невиконання вимог сигналів регулювання;2;49.829561;23.997509;1;0;1;0;1;2018;9;2;19;Львів;Зіткнення автомобілів;Інше
субота;Сихівський;Стрийська;зіткнення з задньою частиною тз;перевищення безпечної швидкості , недодержання дистанції;2;49.814665;24.019842;1;0;1;0;1;2018;9;5;14;Львів;Зіткнення автомобілів;Перевищення швидкості
п'ятниця;Сихівський;Кавалерідзе І.;наїзд на пішохода - на регульованому пішохідному переході;порушення правил маневрування , недодержання дистанції;2;49.793247;24.066169;1;0;1;0;0;2018;9;4;17;Львів;Наїзд на пішохода;Порушення маневрування
неділя;Галицький;Свободи, просп.;наїзд на пішохода - пішохід рухався у попутному напрямку;перевищення безпечної швидкості;2;49.840079;24.029154;1;0;1;0;0;2018;9;6;22;Львів;Наїзд на пішохода;Перевищення швидкості
п'ятниця;Сихівський;Луганська;наїзд на пішохода - на регульованому пішохідному переході;порушення правил надання безперешкодного проїзду;2;49.808022;24.043128;1;0;1;0;0;2018;9;4;8;Львів;Наїзд на пішохода;Інше
середа;Франківський;Пулюя І.;наїзд на пішохода - пішохід рухався у попутному напрямку;порушення правил маневрування;2;49.800976;23.990616;1;0;1;0;0;2018;9;2;14;Львів;Наїзд на пішохода;Порушення маневрування
п'ятниця;Сихівський;Стрийська;наїзд на велосипедиста - поза межами велосипедної доріжки;недодержання дистанції;1;49.794205;24.016399;0;0;1;0;0;2018;9;4;8;Львів;Наїзд на велосипедиста;Недотримання дистанції
четвер;Сихівський;Червоної Калини, просп.;зіткнення бокове;порушення правил маневрування;2;49.804148;24.045451;1;0;1;0;0;2018;9;3;21;Львів;Зіткнення автомобілів;Порушення маневрування
четвер;Галицький;Дорошенка П.;наїзд на пішохода - пішохід рухався у попутному напрямку;порушення правил проїзду пішохідних переходів;2;49.840529;24.027872;1;0;1;0;1;2018;10;3;12;Львів;Наїзд на пішохода;Порушення проїзду переходів
четвер;Галицький;Гнатюка В., акад.;наїзд на пішохода - пішохід рухався у попутному напрямку;порушення правил маневрування , перехід у невстановленому місці;2;49.841788;24.022706;1;0;1;0;0;2018;10;3;16;Львів;Наїзд на пішохода;Порушення маневрування
вівторок;Франківський;Мельника А.;наїзд на пішохода - на регульованому пішохідному переході;порушення правил маневрування;2;49.830495;24.004419;1;0;1;0;0;2018;9;1;19;Львів;Наїзд на пішохода;Порушення маневрування
четвер;Галицький;Зернова;наїзд на пішохода - пішохід переходив дорогу поза межами пішохідного переходу;перехід у невстановленому місці;2;49.846538;24.024219;1;0;1;0;0;2018;9;3;11;Львів;Наїзд на пішохода;Інше
понеділок;Галицький;Городоцька;наїзд на пішохода - пішохід переходив дорогу поза межами пішохідного переходу;перехід у невстановленому місці;2;49.837249;24.004333;1;1;0;0;1;2018;9;0;6;Львів;Наїзд на пішохода;Інше
понеділок;Сихівський;Луганська;наїзд на велосипедиста - велосипедист рухався у попутному напрямку;порушення правил маневрування;2;49.811778;24.019568;1;0;1;0;1;2018;10;0;7;Львів;Наїзд на велосипедиста;Порушення маневрування
неділя;Галицький;Чорновола В., просп.;наїзд на пішохода - пішохід рухався у попутному напрямку;перевищення безпечної швидкості;2;49.848447;24.025807;1;0;1;0;0;2018;9;6;2;Львів;Наїзд на пішохода;Перевищення швидкості
вівторок;Залізничний;Петлюри С.;наїзд на пішохода - пішохід рухався у попутному напрямку;порушення правил маневрування;2;49.822982;23.978439;1;0;1;0;0;2018;10;1;8;Львів;Наїзд на пішохода;Порушення маневрування
четвер;Сихівський;Навроцького В.;наїзд на пішохода - пішохід рухався у попутному напрямку;порушення правил маневрування;2;49.811027;24.052774;1;0;1;0;0;2018;10;3;11;Львів;Наїзд на пішохода;Порушення маневрування
середа;Галицький;Чорновола В., просп.;наїзд на опори ( леп, телефонних та телеграфних ліній, рекламоносіїв, щогли антен моб. зв'язку, тощо );перевищення безпечної швидкості;1;49.849122;24.025399;0;0;1;0;0;2018;9;2;0;Львів;Інше;Перевищення швидкості
четвер;Залізничний;Виговського І.;зіткнення бокове;недодержання дистанції;3;49.812616;23.979512;2;0;1;0;0;2018;9;3;14;Львів;Зіткнення автомобілів;Недотримання дистанції
неділя;Невідомо;Кульпарківська;наїзд на інші види перешкод;перевищення безпечної швидкості;1;49.788912;23.978562;0;1;0;0;0;2018;9;6;3;Передмістя;Наїзд на перешкоду;Перевищення швидкості
вівторок;Залізничний;Виговського І.;зіткнення лобове;порушення правил маневрування;2;49.812847;23.978595;1;0;1;0;0;2018;10;1;8;Львів;Зіткнення автомобілів;Порушення маневрування
середа;Галицький;Свободи, просп.;наїзд на пішохода - пішохід рухався у попутному напрямку;порушення правил проїзду пішохідних переходів;2;49.842971;24.026344;1;0;1;0;0;2018;9;2;22;Львів;Наїзд на пішохода;Порушення проїзду переходів
понеділок;Личаківський;Пасічна;зіткнення лобове;порушення правил маневрування , перевищення безпечної швидкості , недодержання дистанції;4;49.828394;24.070718;2;0;2;0;0;2018;10;0;10;Львів;Зіткнення автомобілів;Порушення маневрування
середа;Галицький;Чорновола В., просп.;наїзд на пішохода - пішохід рухався у попутному напрямку;невиконання вимог сигналів регулювання , порушення правил проїзду пішохідних переходів;2;49.84623;24.025388;1;0;1;0;0;2018;9;2;11;Львів;Наїзд на пішохода;Порушення проїзду переходів
четвер;Сихівський;Стрийська;зіткнення лобове;порушення правил маневрування;4;49.783744;24.014204;1;0;3;0;1;2018;9;3;14;Львів;Зіткнення автомобілів;Порушення маневрування
субота;Галицький;Театральна;наїзд на пішохода - пішохід рухався у зустрічному напрямку;перевищення безпечної швидкості;2;49.844767;24.028559;1;0;1;0;0;2018;9;5;22;Львів;Наїзд на пішохода;Перевищення швидкості
вівторок;Залізничний;Левандівська;наїзд на пішохода - пішохід рухався у попутному напрямку;порушення правил маневрування;2;49.844462;23.983809;1;0;1;0;0;2018;9;1;20;Львів;Наїзд на пішохода;Порушення маневрування
п'ятниця;Галицький;Богуна І.;наїзд на пішохода - пішохід рухався у зустрічному напрямку;порушення правил маневрування;2;49.845546;24.025822;1;0;1;0;0;2018;9;4;14;Львів;Наїзд на пішохода;Порушення маневрування
вівторок;Галицький;Університетська;падіння пасажира;порушення правил маневрування;2;49.840224;24.022173;1;0;1;0;0;2018;10;1;12;Львів;Падіння пасажира;Порушення маневрування
субота;Франківський;Кульпарківська;наїзд на пішохода - пішохід рухався у зустрічному напрямку;порушення правил проїзду пішохідних переходів;2;49.809085;23.982419;1;0;0;1;1;2018;9;5;9;Львів;Наїзд на пішохода;Порушення проїзду переходів
вівторок;Шевченківський;Хімічна;наїзд на пішохода - пішохід рухався у попутному напрямку;порушення правил маневрування;2;49.852857;24.021226;1;0;1;0;0;2018;9;1;8;Львів;Наїзд на пішохода;Порушення маневрування
вівторок;Франківський;Володимира Великого;наїзд на пішохода - пішохід рухався у попутному напрямку;порушення правил маневрування;2;49.811536;23.989002;1;0;1;0;0;2018;10;1;20;Львів;Наїзд на пішохода;Порушення маневрування
вівторок;Сихівський;Угорська;зіткнення бокове;недодержання дистанції;3;49.810255;24.04624;2;0;1;0;1;2018;9;1;21;Львів;Зіткнення автомобілів;Недотримання дистанції
субота;Залізничний;Кульпарківська;зіткнення з задньою частиною тз;перевищення безпечної швидкості , недодержання дистанції;3;49.802298;23.980562;1;0;2;0;0;2018;9;5;16;Львів;Зіткнення автомобілів;Перевищення швидкості
вівторок;Сихівський;Хуторівка;наїзд на пішохода - пішохід рухався у попутному напрямку;перевищення безпечної швидкості;2;49.799751;24.026515;1;0;0;1;0;2018;9;1;12;Львів;Наїзд на пішохода;Перевищення швидкості
п'ятниця;Шевченківський;Замарстинівська;наїзд на інші види перешкод;перевищення безпечної швидкості , порушення правил маневрування;1;49.874621;24.012265;0;0;1;0;0;2018;9;4;17;Львів;Наїзд на перешкоду;Порушення маневрування
субота;Сихівський;Стрийська;зіткнення з задньою частиною тз;перевищення безпечної швидкості , недодержання дистанції;3;49.783703;24.014257;2;0;1;0;1;2018;9;5;19;Львів;Зіткнення автомобілів;Перевищення швидкості
понеділок;Шевченківський;Орлика П.;наїзд на пішохода - пішохід рухався у попутному напрямку;перевищення безпечної швидкості , неочікуваний вихід на проїзну частину , перехід у невстановленому місці;2;49.874507;24.033542;1;0;0;1;0;2018;10;0;21;Львів;Наїзд на пішохода;Перевищення швидкості
четвер;Шевченківський;Винниця;наїзд на інші види перешкод;перевищення безпечної швидкості;2;49.865362;23.978605;1;0;1;0;0;2018;10;3;20;Львів;Наїзд на перешкоду;Перевищення швидкості
вівторок;Залізничний;Кульпарківська;наїзд на пішохода - пішохід рухався у попутному напрямку;порушення правил проїзду пішохідних переходів;2;49.816392;23.98214;1;0;1;0;0;2018;10;1;20;Львів;Наїзд на пішохода;Порушення проїзду переходів
понеділок;Галицький;Свободи, просп.;наїзд на пішохода - пішохід рухався у попутному напрямку;порушення правил маневрування;2;49.842487;24.027593;1;0;1;0;0;2018;9;0;0;Львів;Наїзд на пішохода;Порушення маневрування
понеділок;Сихівський;Стрийська;зіткнення з задньою частиною тз;перевищення безпечної швидкості , недодержання дистанції;4;49.78276;24.014118;0;1;2;1;0;2018;9;0;3;Львів;Зіткнення автомобілів;Перевищення швидкості
вівторок;Франківський;Володимира Великого;зіткнення бокове;порушення правил маневрування;3;49.810127;24.003196;2;0;1;0;0;2018;9;1;19;Львів;Зіткнення автомобілів;Порушення маневрування
п'ятниця;Залізничний;Кульпарківська;зіткнення бокове;порушення правил маневрування;2;49.813972;23.983583;1;0;0;1;0;2018;9;4;20;Львів;Зіткнення автомобілів;Порушення маневрування
субота;Личаківський;Зелена;наїзд на велосипедиста - велосипедист рухався у попутному напрямку;порушення правил проїзду перехресть;2;49.821573;24.055107;1;0;1;0;0;2018;9;5;18;Львів;Наїзд на велосипедиста;Порушення проїзду перехресть
середа;Сихівський;Драгана М.;наїзд на пішохода - пішохід рухався у попутному напрямку;порушення правил маневрування;2;49.784665;24.058404;1;0;1;0;0;2018;10;2;20;Львів;Наїзд на пішохода;Порушення маневрування
вівторок;Галицький;Городоцька;наїзд на пішохода - пішохід рухався у попутному напрямку;перехід у невстановленому місці;2;49.839125;24.009901;1;0;1;0;0;2018;9;1;16;Львів;Наїзд на пішохода;Інше
вівторок;Залізничний;Виговського І.;наїзд на пішохода - пішохід рухався у попутному напрямку;неочікуваний вихід на проїзну частину;2;49.815139;23.974206;1;0;1;0;0;2018;9;1;19;Львів;Наїзд на пішохода;Інше
середа;Галицький;Франка І.;наїзд на пішохода - на регульованому пішохідному переході;порушення правил маневрування;2;49.830135;24.031391;1;0;1;0;0;2018;9;2;15;Львів;Наїзд на пішохода;Порушення маневрування
п'ятниця;Шевченківський;Шевченка Т.;падіння пасажира;порушення правил маневрування;2;49.867088;23.955372;1;0;1;0;0;2018;10;4;22;Львів;Падіння пасажира;Порушення маневрування
субота;Галицький;Чорновола В., просп.;наїзд на пішохода - пішохід рухався у попутному напрямку;недодержання дистанції;2;49.846911;24.02548;1;0;0;1;0;2018;10;5;18;Львів;Наїзд на пішохода;Недотримання дистанції
неділя;Франківський;Кульпарківська;наїзд на пішохода - пішохід рухався у попутному напрямку;перехід у невстановленому місці;2;49.819964;23.988149;1;0;0;1;0;2018;10;6;0;Львів;Наїзд на пішохода;Інше
понеділок;Залізничний;Білогорща;наїзд на пішохода - пішохід рухався у попутному напрямку;порушення правил маневрування;2;49.844179;23.949235;1;0;1;0;0;2018;10;0;15;Львів;Наїзд на пішохода;Порушення маневрування
субота;Галицький;Франка І.;перекидання тз;порушення правил маневрування;1;49.834353;24.03432;0;0;1;0;0;2018;10;5;19;Львів;Перекидання;Порушення маневрування
середа;Франківський;Стрийська;зіткнення лобове;перевищення безпечної швидкості;3;49.818451;24.020163;1;0;2;0;0;2018;10;2;17;Львів;Зіткнення автомобілів;Перевищення швидкості
вівторок;Залізничний;Виговського І.;наїзд на пішохода - пішохід рухався у попутному напрямку;порушення правил проїзду перехресть;2;49.823335;23.967496;1;0;1;0;0;2018;10;1;20;Львів;Наїзд на пішохода;Порушення проїзду перехресть
понеділок;Невідомо;Зелена;наїзд на інші види перешкод;перевищення безпечної швидкості;2;49.782958;24.097154;1;0;1;0;0;2018;11;0;21;Передмістя;Наїзд на перешкоду;Перевищення швидкості
понеділок;Личаківський;Хмельницького Б.;падіння пасажира;порушення правил маневрування;2;49.875991;24.062644;1;0;1;0;1;2018;10;0;20;Львів;Падіння пасажира;Порушення маневрування
вівторок;Сихівський;Зелена;наїзд на пішохода - пішохід рухався у попутному напрямку;порушення правил маневрування;2;49.81787;24.059286;1;0;1;0;0;2018;10;1;17;Львів;Наїзд на пішохода;Порушення маневрування
понеділок;Сихівський;Кавалерідзе І.;наїзд на пішохода - пішохід рухався у попутному напрямку;порушення правил маневрування;2;49.794508;24.064136;1;1;0;0;1;2018;11;0;14;Львів;Наїзд на пішохода;Порушення маневрування
понеділок;Личаківський;Смольського Г.;зіткнення лобове;порушення правил маневрування;2;49.839858;24.039947;1;0;1;0;1;2018;10;0;18;Львів;Зіткнення автомобілів;Порушення маневрування
субота;Сихівський;Стрийська;зіткнення бокове;порушення правил маневрування;3;49.783788;24.01434;2;0;1;0;1;2018;11;5;16;Львів;Зіткнення автомобілів;Порушення маневрування
середа;Галицький;Соборна, пл.;наїзд на пішохода - пішохід рухався у попутному напрямку;порушення правил маневрування;2;49.838384;24.035237;1;1;0;0;0;2018;10;2;9;Львів;Наїзд на пішохода;Порушення маневрування