accidentDay;district;streetName;accidentType;mainAccidentCause;totalParticipantsAmount;latitude;longitude;Count_Без ушкоджень;Count_Загинув;Count_Легко травмований;Count_Тяжко травмований;Is_Intersection;Year;Month;DayOfWeek;Hour;settlement_grouped;Simple_Type;Simple_Cause
неділя;Сихівський;Демнянська;наїзд на пішохода - пішохід рухався у попутному напрямку;порушення правил проїзду пішохідних переходів;2;49.80037;24.03022;1;0;1;0;1;2018;11;6;13;Львів;Наїзд на пішохода;Порушення проїзду переходів
субота;Шевченківський;Хмельницького Б.;наїзд на пішохода - пішохід рухався у попутному напрямку;порушення правил маневрування;2;49.864209;24.051902;1;0;0;1;0;2018;11;5;17;Львів;Наїзд на пішохода;Порушення маневрування
четвер;Франківський;Кульпарківська;зіткнення з задньою частиною тз;порушення правил маневрування;3;49.832986;23.990766;0;0;3;0;0;2018;11;3;4;Львів;Зіткнення автомобілів;Порушення маневрування
вівторок;Шевченківський;Чорновола В., просп.;наїзд на інші види перешкод;порушення правил маневрування;2;49.857336;24.021118;1;0;1;0;0;2018;11;1;12;Львів;Наїзд на перешкоду;Порушення маневрування
субота;Франківський;Любінська;падіння пасажира;порушення правил маневрування;2;49.833702;23.990636;1;0;1;0;0;2018;10;5;16;Львів;Падіння пасажира;Порушення маневрування
середа;Шевченківський;Чорновола В., просп.;падіння пасажира;порушення правил маневрування;2;49.857104;24.021177;1;0;1;0;0;2018;10;2;14;Львів;Падіння пасажира;Порушення маневрування
п'ятниця;Личаківський;Хмельницького Б.;наїзд на пішохода - пішохід рухався у зустрічному напрямку;перевищення безпечної швидкості;2;49.872188;24.059715;1;0;1;0;0;2018;11;4;17;Львів;Наїзд на пішохода;Перевищення швидкості
вівторок;Личаківський;Хмельницького Б.;наїзд на пішохода - пішохід рухався у попутному напрямку;порушення правил проїзду пішохідних переходів;2;49.853746;24.041712;1;0;1;0;0;2018;10;1;7;Львів;Наїзд на пішохода;Порушення проїзду переходів
вівторок;Залізничний;Петлюри С.;наїзд на пішохода - пішохід рухався у попутному напрямку;порушення правил маневрування;2;49.82311;23.978316;1;0;1;0;0;2018;10;1;18;Львів;Наїзд на пішохода;Порушення маневрування
четвер;Залізничний;Любінська;наїзд на пішохода - пішохід рухався у попутному напрямку;неочікуваний вихід на проїзну частину;2;49.824667;23.978391;1;0;1;0;0;2018;11;3;16;Львів;Наїзд на пішохода;Інше
четвер;Шевченківський;Липинського В.;зіткнення бокове;перевищення безпечної швидкості , недодержання дистанції;4;49.864902;24.041208;3;0;1;0;0;2018;11;3;13;Львів;Зіткнення автомобілів;Перевищення швидкості
середа;Личаківський;Личаківська;наїзд на пішохода - пішохід рухався у попутному напрямку;порушення правил маневрування;2;49.835963;24.071081;1;0;1;0;0;2018;10;2;8;Львів;Наїзд на пішохода;Порушення маневрування
середа;Личаківський;Ковельська;наїзд на пішохода - пішохід рухався у попутному напрямку;порушення правил маневрування;2;49.861272;24.06104;1;0;1;0;0;2018;10;2;8;Львів;Наїзд на пішохода;Порушення маневрування
четвер;Франківський;Стрийська;наїзд на пішохода - пішохід рухався у попутному напрямку;неочікуваний вихід на проїзну частину;2;49.82055;24.020138;1;0;1;0;0;2018;10;3;20;Львів;Наїзд на пішохода;Інше
четвер;Шевченківський;Шевченка Т.;наїзд на пішохода - пішохід рухався у попутному напрямку;порушення правил маневрування;2;49.84304;24.015212;1;0;1;0;0;2018;10;3;12;Львів;Наїзд на пішохода;Порушення маневрування
субота;Залізничний;Любінська;наїзд на пішохода - пішохід рухався у попутному напрямку;неочікуваний вихід на проїзну частину;2;49.8226;23.974191;1;1;0;0;0;2018;10;5;19;Львів;Наїзд на пішохода;Інше
п'ятниця;Сихівський;Навроцького В.;зіткнення лобове;порушення правил обгону;2;49.810587;24.056706;1;0;1;0;0;2018;10;4;17;Львів;Зіткнення автомобілів;Інше
п'ятниця;Залізничний;Городоцька;наїзд на пішохода - пішохід рухався у зустрічному напрямку;недодержання дистанції;3;49.831858;23.975129;2;0;1;0;0;2018;10;4;11;Львів;Наїзд на пішохода;Недотримання дистанції
вівторок;Франківський;Кульпарківська;наїзд на пішохода - пішохід рухався у попутному напрямку;порушення правил проїзду пішохідних переходів;2;49.82917;23.990251;1;0;1;0;0;2018;11;1;18;Львів;Наїзд на пішохода;Порушення проїзду переходів
середа;Залізничний;Садова;наїзд на пішохода - пішохід рухався у попутному напрямку;неочікуваний вихід на проїзну частину;2;49.822591;23.979206;1;0;1;0;1;2018;11;2;14;Львів;Наїзд на пішохода;Інше
четвер;Сихівський;Хоткевича Г.;зіткнення бокове;виїзд на смугу зустрічного руху;2;49.795194;24.04668;1;0;1;0;0;2018;11;3;22;Львів;Зіткнення автомобілів;Інше
середа;Личаківський;Хмельницького Б.;зіткнення лобове;порушення правил маневрування;2;49.872272;24.059167;1;0;0;1;0;2018;11;2;20;Львів;Зіткнення автомобілів;Порушення маневрування
понеділок;Сихівський;Вашингтона Дж.;наїзд на пішохода - пішохід рухався у попутному напрямку;перевищення безпечної швидкості , порушення правил проїзду пішохідних переходів;2;49.815928;24.069843;1;0;1;0;0;2018;10;0;6;Львів;Наїзд на пішохода;Перевищення швидкості
п'ятниця;Шевченківський;Жовківська;наїзд на пішохода - пішохід рухався у зустрічному напрямку;неочікуваний вихід на проїзну частину;2;49.854134;24.033827;1;0;1;0;0;2018;11;4;9;Львів;Наїзд на пішохода;Інше
п'ятниця;Сихівський;Стрийська;зіткнення лобове;порушення правил маневрування;4;49.794162;24.016392;2;0;2;0;1;2018;11;4;0;Львів;Зіткнення автомобілів;Порушення маневрування
четвер;Личаківський;Личаківська;зіткнення лобове;порушення правил проїзду перехресть;3;49.839159;24.052559;2;0;1;0;0;2018;10;3;9;Львів;Зіткнення автомобілів;Порушення проїзду перехресть
середа;Галицький;Тарнавського М., ген.;наїзд на пішохода - пішохід рухався у попутному напрямку;порушення правил маневрування;2;49.826851;24.042571;1;0;0;1;0;2018;10;2;13;Львів;Наїзд на пішохода;Порушення маневрування
вівторок;Галицький;Коперника М.;наїзд на пішохода - пішохід рухався у попутному напрямку;порушення правил маневрування;2;49.83591;24.022352;1;0;1;0;0;2018;10;1;14;Львів;Наїзд на пішохода;Порушення маневрування
субота;Галицький;Чорновола В., просп.;наїзд на пішохода - стояв на проїздній частині;порушення правил маневрування;2;49.84749921027356;24.026270950235297;1;0;1;0;0;2018;11;5;14;Львів;Наїзд на пішохода;Порушення маневрування
середа;Галицький;Чорновола В., просп.;наїзд на велосипедиста - велосипедист рухався у попутному напрямку;невиконання вимог сигналів регулювання;2;49.847008;24.025501;1;0;1;0;0;2018;11;2;9;Львів;Наїзд на велосипедиста;Інше
субота;Шевченківський;Шевченка Т.;зіткнення бокове;перевищення безпечної швидкості , недодержання дистанції;2;49.869799;23.947374;1;0;1;0;0;2018;10;5;13;Львів;Зіткнення автомобілів;Перевищення швидкості
понеділок;Шевченківський;Єрошенка В.;наїзд на пішохода - пішохід рухався у попутному напрямку;неочікуваний вихід на проїзну частину;2;49.84797;24.00054;1;0;1;0;0;2018;11;0;20;Львів;Наїзд на пішохода;Інше
середа;Залізничний;Любінська;падіння пасажира;порушення правил маневрування;2;49.823598;23.976261;1;0;1;0;0;2018;10;2;11;Львів;Падіння пасажира;Порушення маневрування
неділя;Галицький;Свободи, просп.;наїзд на пішохода - пішохід рухався у попутному напрямку;порушення правил проїзду пішохідних переходів;2;49.843283;24.027062;1;0;1;0;0;2018;10;6;13;Львів;Наїзд на пішохода;Порушення проїзду переходів
четвер;Сихівський;Зубрівська;падіння пасажира;порушення техніки безпеки пасажиром;2;49.799491;24.064119;1;0;1;0;0;2018;10;3;16;Львів;Падіння пасажира;Інше
четвер;Шевченківський;Мазепи І., гетьм.;наїзд на пішохода - пішохід рухався у попутному напрямку;порушення правил маневрування;2;49.871849;24.039958;1;0;1;0;0;2018;10;3;0;Львів;Наїзд на пішохода;Порушення маневрування
середа;Залізничний;Городоцька;падіння пасажира;порушення правил маневрування;2;49.831187;23.971363;0;0;2;0;0;2018;10;2;2;Львів;Падіння пасажира;Порушення маневрування
вівторок;Франківський;Городоцька;зіткнення лобове;перевищення безпечної швидкості , недодержання дистанції;4;49.833962;23.987129;3;0;1;0;0;2018;10;1;18;Львів;Зіткнення автомобілів;Перевищення швидкості
вівторок;Сихівський;Зелена;зіткнення лобове;порушення правил проїзду перехресть;4;49.798469;24.07083;1;0;3;0;1;2018;10;1;0;Львів;Зіткнення автомобілів;Порушення проїзду перехресть
вівторок;Залізничний;Морозенка Н.;зіткнення бокове;виїзд на смугу зустрічного руху , керування транспортним засобом у нетверезому стані;2;49.841207;24.007353;1;0;1;0;0;2018;10;1;18;Львів;Зіткнення автомобілів;П'яне водіння
четвер;Залізничний;Городоцька;зіткнення лобове;порушення правил надання безперешкодного проїзду , перевищення безпечної швидкості;2;49.829097;23.960007;1;0;0;1;0;2018;11;3;17;Львів;Зіткнення автомобілів;Перевищення швидкості
вівторок;Залізничний;Квітки-Основ'яненка Г.;зіткнення бокове;керування транспортним засобом у нетверезому стані , порушення правил маневрування , недодержання дистанції;2;49.843061;24.004714;1;0;1;0;0;2018;10;1;18;Львів;Зіткнення автомобілів;Порушення маневрування
середа;Сихівський;Червоної Калини, просп.;падіння пасажира;порушення правил маневрування;2;49.788212;24.058803;1;0;1;0;0;2018;10;2;20;Львів;Падіння пасажира;Порушення маневрування
вівторок;Залізничний;Виговського І.;зіткнення бокове;порушення правил надання безперешкодного проїзду;3;49.828817;23.968848;2;0;1;0;0;2018;11;1;9;Львів;Зіткнення автомобілів;Інше
четвер;Франківський;Стрийська;зіткнення бокове;порушення правил маневрування;3;49.797559;24.01687;2;0;1;0;0;2018;10;3;15;Львів;Зіткнення автомобілів;Порушення маневрування
субота;Личаківський;Пасічна;наїзд на пішохода - пішохід рухався у попутному напрямку;порушення правил маневрування;2;49.835567;24.068266;1;0;1;0;0;2018;11;5;11;Львів;Наїзд на пішохода;Порушення маневрування
четвер;Франківський;Городоцька;наїзд на пішохода - пішохід рухався у попутному напрямку;порушення правил маневрування;2;49.833166;23.982468;1;0;1;0;0;2018;10;3;9;Львів;Наїзд на пішохода;Порушення маневрування
четвер;Личаківський;Студентська;наїзд на пішохода - пішохід рухався у попутному напрямку;порушення правил маневрування;2;49.82936;24.0458;1;0;1;0;0;2018;10;3;16;Львів;Наїзд на пішохода;Порушення маневрування
четвер;Шевченківський;Чорновола В., просп.;наїзд на пішохода - пішохід рухався у попутному напрямку;невиконання вимог сигналів регулювання;2;49.858114;24.020641;1;0;1;0;1;2018;10;3;20;Львів;Наїзд на пішохода;Інше
середа;Франківський;Стрийська;наїзд на пішохода - пішохід рухався у попутному напрямку;порушення правил проїзду пішохідних переходів , порушення правил маневрування;2;49.806779;24.019021;1;0;1;0;0;2018;11;2;10;Львів;Наїзд на пішохода;Порушення маневрування
неділя;Сихівський;Стрийська;зіткнення лобове;перевищення безпечної швидкості;4;49.802527;24.01813;1;0;3;0;1;2018;11;6;20;Львів;Зіткнення автомобілів;Перевищення швидкості
п'ятниця;Франківський;Бойчука М.;зіткнення бокове;порушення правил маневрування;3;49.813311;23.995176;1;0;2;0;0;2018;11;4;20;Львів;Зіткнення автомобілів;Порушення маневрування
субота;Шевченківський;Чорновола В., просп.;наїзд на пішохода - пішохід рухався у попутному напрямку;порушення правил маневрування;2;49.852792;24.023463;1;0;1;0;0;2018;10;5;20;Львів;Наїзд на пішохода;Порушення маневрування
субота;Шевченківський;Винниця;зіткнення лобове;порушення правил проїзду перехресть;2;49.862098;23.991732;1;0;1;0;0;2018;10;5;8;Львів;Зіткнення автомобілів;Порушення проїзду перехресть
вівторок;Сихівський;Зелена;наїзд на пішохода - пішохід рухався у попутному напрямку;перевищення безпечної швидкості;2;49.790886;24.074188;1;1;0;0;0;2018;11;1;10;Львів;Наїзд на пішохода;Перевищення швидкості
середа;Шевченківський;Чорновола В., просп.;падіння пасажира;порушення правил маневрування;2;49.852549;24.023575;1;0;1;0;0;2018;11;2;14;Львів;Падіння пасажира;Порушення маневрування
п'ятниця;Франківський;Наукова;зіткнення лобове;недодержання дистанції;3;49.803216;24.004172;1;0;2;0;0;2018;10;4;22;Львів;Зіткнення автомобілів;Недотримання дистанції
понеділок;Франківський;Героїв Майдану;зіткнення бокове;порушення правил маневрування;3;49.831273;24.018447;2;0;1;0;0;2018;10;0;3;Львів;Зіткнення автомобілів;Порушення маневрування
неділя;Сихівський;Червоної Калини, просп.;наїзд на пішохода - пішохід рухався у попутному напрямку;порушення правил маневрування;2;49.798636;24.048879;1;0;1;0;0;2018;10;6;18;Львів;Наїзд на пішохода;Порушення маневрування
четвер;Франківський;Наукова;зіткнення бокове;порушення правил маневрування;3;49.80189;24.017894;2;0;1;0;1;2018;10;3;12;Львів;Зіткнення автомобілів;Порушення маневрування
п'ятниця;Галицький;Городоцька;наїзд на пішохода - пішохід рухався у попутному напрямку;недодержання дистанції;3;49.83882963653838;24.009117101673947;1;0;2;0;0;2018;10;4;17;Львів;Наїзд на пішохода;Недотримання дистанції
неділя;Невідомо;Стрийська;наїзд на пішохода - пішохід рухався у попутному напрямку;перевищення безпечної швидкості;2;49.770068;24.014204;1;0;1;0;0;2018;10;6;17;Передмістя;Наїзд на пішохода;Перевищення швидкості
середа;Галицький;Чорновола В., просп.;наїзд на пішохода - пішохід рухався у попутному напрямку;порушення правил маневрування;2;49.845009;24.025319;1;0;1;0;0;2018;10;2;2;Львів;Наїзд на пішохода;Порушення маневрування
п'ятниця;Залізничний;Любінська;зіткнення бокове;перевищення безпечної швидкості , недодержання дистанції;3;49.822958;23.974861;2;0;1;0;0;2018;11;4;23;Львів;Зіткнення автомобілів;Перевищення швидкості
середа;Сихівський;Червоної Калини, просп.;наїзд на пішохода - пішохід рухався у попутному напрямку;порушення правил проїзду пішохідних переходів;3;49.796724;24.053112;1;0;2;0;0;2018;11;2;14;Львів;Наїзд на пішохода;Порушення проїзду переходів
четвер;Сихівський;Стрийська;наїзд на інші види перешкод;порушення правил маневрування;3;49.80825;24.019331;0;0;3;0;0;2018;11;3;3;Львів;Наїзд на перешкоду;Порушення маневрування
вівторок;Залізничний;Головацького Я.;наїзд на пішохода - пішохід рухався у попутному напрямку;порушення правил маневрування;2;49.838609;24.005878;1;0;1;0;0;2018;10;1;9;Львів;Наїзд на пішохода;Порушення маневрування
понеділок;Франківський;Княгині Ольги;падіння пасажира;порушення правил маневрування;2;49.812969;24.000653;1;0;1;0;0;2018;10;0;16;Львів;Падіння пасажира;Порушення маневрування
вівторок;Личаківський;Кукурудзяна;зіткнення лобове;перевищення безпечної швидкості , недодержання дистанції;3;49.862589;24.058803;2;0;1;0;0;2018;10;1;10;Львів;Зіткнення автомобілів;Перевищення швидкості
неділя;Галицький;Ринок, пл.;наїзд на пішохода - пішохід рухався у попутному напрямку;порушення правил маневрування;2;49.841425;24.032106;1;0;1;0;0;2018;10;6;20;Львів;Наїзд на пішохода;Порушення маневрування
четвер;Галицький;Чорновола В., просп.;зіткнення лобове;порушення правил маневрування;3;49.846135;24.025207;1;0;2;0;1;2018;11;3;5;Львів;Зіткнення автомобілів;Порушення маневрування
понеділок;Залізничний;Білогорща;наїзд на інші види перешкод;порушення правил маневрування;2;49.844788;23.94462;1;0;1;0;0;2018;10;0;0;Львів;Наїзд на перешкоду;Порушення маневрування
субота;Галицький;Тарнавського М., ген.;наїзд на пішохода - пішохід рухався у попутному напрямку;порушення правил маневрування;2;49.828021;24.040108;1;0;1;0;0;2018;10;5;10;Львів;Наїзд на пішохода;Порушення маневрування
субота;Шевченківський;Шевченка Т.;зіткнення лобове;перевищення безпечної швидкості;3;49.859795;23.96815;2;0;1;0;0;2018;10;5;23;Львів;Зіткнення автомобілів;Перевищення швидкості
четвер;Личаківський;Зелена;наїзд на пішохода - пішохід рухався у попутному напрямку;порушення правил маневрування;2;49.834301;24.035511;1;0;1;0;1;2018;10;3;20;Львів;Наїзд на пішохода;Порушення маневрування
понеділок;Личаківський;Личаківська;падіння пасажира;порушення правил маневрування;2;49.839726;24.036632;1;0;1;0;0;2018;10;0;10;Львів;Падіння пасажира;Порушення маневрування
четвер;Личаківський;Зелена;наїзд на пішохода - пішохід рухався у попутному напрямку;порушення правил проїзду пішохідних переходів;2;49.829594;24.04457;1;0;0;1;0;2018;11;3;12;Львів;Наїзд на пішохода;Порушення проїзду переходів
п'ятниця;Шевченківський;Хмельницького Б.;наїзд на пішохода - пішохід рухався у попутному напрямку;порушення правил маневрування;2;49.851183;24.029776;1;0;1;0;0;2018;10;4;14;Львів;Наїзд на пішохода;Порушення маневрування
четвер;Шевченківський;Шевченка Т.;зіткнення лобове;порушення правил проїзду перехресть;3;49.853369;23.986588;2;0;1;0;1;2018;11;3;19;Львів;Зіткнення автомобілів;Порушення проїзду перехресть
субота;Франківський;Наукова;наїзд на пішохода - пішохід рухався у попутному напрямку;порушення правил маневрування;2;49.80395;23.997032;1;0;1;0;0;2018;10;5;18;Львів;Наїзд на пішохода;Порушення маневрування
п'ятниця;Личаківський;Пекарська;наїзд на пішохода - пішохід рухався у попутному напрямку;порушення правил маневрування;2;49.835955;24.047753;1;0;1;0;0;2018;11;4;22;Львів;Наїзд на пішохода;Порушення маневрування
неділя;Личаківський;Богданівська;наїзд на велосипедиста - велосипедист рухався у попутному напрямку;недодержання дистанції;2;49.840086;24.08452;1;0;1;0;1;2018;10;6;12;Львів;Наїзд на велосипедиста;Недотримання дистанції
вівторок;Залізничний;Патона Є.;наїзд на пішохода - пішохід рухався у попутному напрямку;порушення правил маневрування;2;49.823505;23.95684;1;0;1;0;0;2018;11;1;20;Львів;Наїзд на пішохода;Порушення маневрування
вівторок;Франківський;Княгині Ольги;падіння пасажира;порушення правил маневрування;2;49.812609;24.00016;1;0;1;0;1;2018;11;1;13;Львів;Падіння пасажира;Порушення маневрування
субота;Франківський;Любінська;наїзд на інші види перешкод;перевищення безпечної швидкості;2;49.832592;23.99031;1;0;1;0;0;2018;10;5;5;Львів;Наїзд на перешкоду;Перевищення швидкості
п'ятниця;Галицький;Торгова;наїзд на пішохода - пішохід рухався у попутному напрямку;порушення правил маневрування;2;49.84495;24.025936;1;0;1;0;0;2018;11;4;20;Львів;Наїзд на пішохода;Порушення маневрування
понеділок;Залізничний;Мазепи І., гетьм.;падіння пасажира;порушення правил маневрування;2;49.83554;23.890581;1;0;0;1;0;2018;10;0;10;Передмістя;Падіння пасажира;Порушення маневрування
середа;Шевченківський;Шевченка Т.;наїзд на інші види перешкод;перевищення безпечної швидкості;2;49.863419;23.962228;0;0;2;0;0;2018;11;2;13;Львів;Наїзд на перешкоду;Перевищення швидкості
четвер;Личаківський;Пасічна;зіткнення бокове;перевищення безпечної швидкості , недодержання дистанції;2;49.82063;24.07626;1;0;1;0;0;2018;11;3;8;Львів;Зіткнення автомобілів;Перевищення швидкості
вівторок;Франківський;Володимира Великого;наїзд на пішохода - пішохід рухався у попутному напрямку;порушення правил маневрування;2;49.808198;24.017884;1;0;1;0;0;2018;11;1;17;Львів;Наїзд на пішохода;Порушення маневрування
п'ятниця;Сихівський;Орлина;наїзд на пішохода - пішохід рухався у попутному напрямку;порушення правил маневрування;2;49.815544;24.055794;1;0;1;0;0;2018;11;4;17;Львів;Наїзд на пішохода;Порушення маневрування
середа;Залізничний;Городоцька;зіткнення лобове;порушення правил проїзду перехресть;5;49.829104;23.960103;1;0;4;0;0;2018;11;2;20;Львів;Зіткнення автомобілів;Порушення проїзду перехресть
неділя;Шевченківський;Брюховицька;наїзд на інші види перешкод;перевищення безпечної швидкості;2;49.868696;23.966514;1;0;1;0;0;2018;12;6;14;Львів;Наїзд на перешкоду;Перевищення швидкості
четвер;Залізничний;Широка;падіння пасажира;порушення правил маневрування;2;49.842518;23.979716;1;0;1;0;0;2018;12;3;12;Львів;Падіння пасажира;Порушення маневрування
середа;Личаківський;Богданівська;зіткнення лобове;недодержання дистанції;2;49.850623;24.07959;1;0;1;0;0;2018;12;2;16;Львів;Зіткнення автомобілів;Недотримання дистанції
п'ятниця;Галицький;Кривоноса М.;зіткнення лобове;порушення правил маневрування;2;49.844798;24.038542;1;0;1;0;0;2018;12;4;20;Львів;Зіткнення автомобілів;Порушення маневрування
понеділок;Галицький;Краківська;наїзд на пішохода - пішохід рухався у попутному напрямку;порушення правил маневрування;2;49.844182;24.029562;1;0;1;0;0;2018;12;0;12;Львів;Наїзд на пішохода;Порушення маневрування
неділя;Галицький;Свободи, просп.;наїзд на пішохода - стояв на проїздній частині;порушення правил маневрування;2;49.844144;24.026547;1;0;1;0;0;2018;11;6;17;Львів;Наїзд на пішохода;Порушення маневрування
середа;Шевченківський;Шевченка Т.;наїзд на пішохода - пішохід рухався у попутному напрямку;порушення правил маневрування;2;49.860424;23.969464;1;0;1;0;0;2018;11;2;16;Львів;Наїзд на пішохода;Порушення маневрування
п'ятниця;Личаківський;Богданівська;зіткнення лобове;перевищення безпечної швидкості;5;49.845559;24.08481;2;0;3;0;0;2018;12;4;8;Львів;Зіткнення автомобілів;Перевищення швидкості
середа;Шевченківський;Грінченка Б.;наїзд на пішохода - пішохід рухався у попутному напрямку;порушення правил проїзду пішохідних переходів;2;49.87282;24.0522;1;0;1;0;0;2018;11;2;19;Львів;Наїзд на пішохода;Порушення проїзду переходів
неділя;Сихівський;Мирного Панаса;наїзд на пішохода - пішохід рухався у попутному напрямку;порушення правил маневрування;3;49.815322;24.031069;1;0;2;0;0;2018;11;6;17;Львів;Наїзд на пішохода;Порушення маневрування
четвер;Шевченківський;Винниця;зіткнення бокове;порушення правил маневрування;2;49.86193;23.992002;1;0;1;0;0;2018;12;3;22;Львів;Зіткнення автомобілів;Порушення маневрування
неділя;Галицький;Стуса В.;зіткнення лобове;порушення правил маневрування;3;49.821895;24.039132;1;0;2;0;0;2018;12;6;1;Львів;Зіткнення автомобілів;Порушення маневрування
неділя;Залізничний;Любінська;наїзд на пішохода - пішохід рухався у попутному напрямку;перехід у невстановленому місці;2;49.824498;23.978096;1;1;0;0;0;2018;12;6;21;Львів;Наїзд на пішохода;Інше
субота;Залізничний;Виговського І.;наїзд на інші види перешкод;порушення правил маневрування;2;49.812124;23.983455;0;0;2;0;1;2018;12;5;4;Львів;Наїзд на перешкоду;Порушення маневрування
субота;Галицький;Чупринки Т., ген.;наїзд на пішохода - пішохід рухався у попутному напрямку;порушення правил маневрування;2;49.834415;24.016167;1;0;1;0;0;2018;12;5;18;Львів;Наїзд на пішохода;Порушення маневрування
п'ятниця;Личаківський;Вашингтона Дж.;наїзд на пішохода - пішохід рухався у попутному напрямку;порушення правил маневрування , порушення правил проїзду пішохідних переходів;2;49.815976;24.06251;1;0;1;0;0;2018;12;4;19;Львів;Наїзд на пішохода;Порушення маневрування
четвер;Франківський;Наукова;наїзд на пішохода - пішохід рухався у попутному напрямку;перехід у невстановленому місці;2;49.804369;23.994752;1;0;1;0;0;2018;12;3;19;Львів;Наїзд на пішохода;Інше
п'ятниця;Галицький;Скельна;наїзд на пішохода - пішохід рухався у попутному напрямку;порушення правил маневрування;2;49.832658;24.033827;1;0;1;0;1;2018;11;4;19;Львів;Наїзд на пішохода;Порушення маневрування
п'ятниця;Галицький;Дорошенка П.;наїзд на пішохода - пішохід рухався у попутному напрямку;порушення правил маневрування;2;49.839934;24.026708;1;0;1;0;0;2018;11;4;18;Львів;Наїзд на пішохода;Порушення маневрування
четвер;Франківський;Бойчука М.;наїзд на пішохода - пішохід рухався у попутному напрямку;неочікуваний вихід на проїзну частину;2;49.81292;23.998078;1;0;1;0;1;2018;12;3;8;Львів;Наїзд на пішохода;Інше
п'ятниця;Залізничний;Любінська;зіткнення лобове;порушення правил проїзду перехресть;2;49.818614;23.961444;1;0;1;0;0;2018;12;4;10;Львів;Зіткнення автомобілів;Порушення проїзду перехресть
четвер;Личаківський;Зелена;наїзд на пішохода - пішохід рухався у попутному напрямку;перевищення безпечної швидкості;2;49.830239;24.043896;1;0;1;0;0;2018;11;3;13;Львів;Наїзд на пішохода;Перевищення швидкості
п'ятниця;Личаківський;Тершаковців;наїзд на пішохода - пішохід рухався у попутному напрямку;порушення правил маневрування;2;49.836239;24.041455;1;0;1;0;0;2018;11;4;8;Львів;Наїзд на пішохода;Порушення маневрування
середа;Залізничний;Виговського І.;наїзд на пішохода - пішохід рухався у попутному напрямку;порушення правил маневрування;2;49.829239;23.968112;1;0;0;1;0;2018;11;2;13;Львів;Наїзд на пішохода;Порушення маневрування
субота;Франківський;Наукова;наїзд на пішохода - пішохід рухався у попутному напрямку;порушення правил маневрування;2;49.803926;23.997252;1;0;1;0;0;2018;12;5;15;Львів;Наїзд на пішохода;Порушення маневрування
вівторок;Галицький;Городоцька;наїзд на пішохода - пішохід рухався у попутному напрямку;порушення правил маневрування;3;49.839051;24.00921;2;0;1;0;0;2018;12;1;11;Львів;Наїзд на пішохода;Порушення маневрування
неділя;Невідомо;Стрийська;зіткнення лобове;порушення правил маневрування;4;49.775056;24.014053;0;0;4;0;0;2018;12;6;18;Передмістя;Зіткнення автомобілів;Порушення маневрування
вівторок;Залізничний;Любінська;наїзд на пішохода - пішохід рухався у зустрічному напрямку;порушення правил маневрування , перевищення безпечної швидкості , недодержання дистанції;2;49.820666;23.969161;1;0;1;0;1;2018;12;1;11;Львів;Наїзд на пішохода;Порушення маневрування
понеділок;Залізничний;Городоцька;зіткнення лобове;порушення правил маневрування;4;49.832225;23.977232;1;1;2;0;0;2018;12;0;8;Львів;Зіткнення автомобілів;Порушення маневрування
неділя;Залізничний;Городоцька;зіткнення бокове;недодержання дистанції;3;49.822439;23.920171;2;0;1;0;0;2018;12;6;19;Львів;Зіткнення автомобілів;Недотримання дистанції
середа;Галицький;Коперника М.;наїзд на пішохода - лежав на дорозі;порушення правил маневрування;2;49.837484;24.025013;1;0;1;0;0;2018;11;2;22;Львів;Наїзд на пішохода;Порушення маневрування
субота;Галицький;Галицька;падіння пасажира;порушення правил маневрування , порушення правил перевезення пасажирів;2;49.839311;24.032314;1;0;1;0;0;2018;12;5;18;Львів;Падіння пасажира;Порушення маневрування
вівторок;Галицький;Міцкевича А., пл.;наїзд на пішохода - пішохід рухався у попутному напрямку;порушення правил маневрування;2;49.839103;24.030318;1;0;1;0;0;2018;12;1;15;Львів;Наїзд на пішохода;Порушення маневрування
вівторок;Франківський;Героїв УПА;наїзд на пішохода - пішохід рухався у попутному напрямку;порушення правил маневрування;2;49.834526;24.003657;1;0;1;0;0;2018;12;1;20;Львів;Наїзд на пішохода;Порушення маневрування
середа;Личаківський;Філатова В., акад.;зіткнення лобове;перевищення безпечної швидкості , недодержання дистанції;3;49.838975;24.039347;2;0;1;0;0;2018;11;2;14;Львів;Зіткнення автомобілів;Перевищення швидкості
субота;Невідомо;Зелена;наїзд на пішохода - пішохід рухався у попутному напрямку;перехід у невстановленому місці;2;49.770677;24.103661;1;0;1;0;0;2018;12;5;5;Передмістя;Наїзд на пішохода;Інше
четвер;Залізничний;Ряшівська;зіткнення лобове;перевищення безпечної швидкості , недодержання дистанції;2;49.82800601593354;23.95373715326456;0;0;2;0;1;2018;12;3;15;Львів;Зіткнення автомобілів;Перевищення швидкості