accidentDay;district;streetName;accidentType;mainAccidentCause;totalParticipantsAmount;latitude;longitude;Count_Без ушкоджень;Count_Загинув;Count_Легко травмований;Count_Тяжко травмований;Is_Intersection;Year;Month;DayOfWeek;Hour;settlement_grouped;Simple_Type;Simple_Cause
п'ятниця;Франківський;Кульпарківська;наїзд на пішохода - пішохід рухався у попутному напрямку;порушення правил маневрування;2;49.831055;23.990648;1;0;1;0;0;2018;11;4;13;Львів;Наїзд на пішохода;Порушення маневрування
середа;Залізничний;Петлюри С.;зіткнення лобове;порушення правил маневрування;3;49.82093;23.980097;2;0;1;0;0;2018;12;2;22;Львів;Зіткнення автомобілів;Порушення маневрування
четвер;Шевченківський;Липинського В.;наїзд на пішохода - пішохід рухався у попутному напрямку;порушення правил проїзду пішохідних переходів;2;49.865124;24.050016;1;0;1;0;0;2018;12;3;19;Львів;Наїзд на пішохода;Порушення проїзду переходів
п'ятниця;Шевченківський;Замарстинівська;наїзд на пішохода - пішохід рухався у попутному напрямку;перехід у невстановленому місці;2;49.876406;24.007984;1;0;1;0;0;2018;12;4;21;Львів;Наїзд на пішохода;Інше
п'ятниця;Шевченківський;О. Омеляна Ковча;наїзд на дорожний знак, бордюрний камінь;порушення правил маневрування;1;49.860798;23.988883;0;0;1;0;0;2018;11;4;9;Львів;Наїзд на перешкоду;Порушення маневрування
вівторок;Шевченківський;Липинського В.;наїзд на пішохода - пішохід рухався у попутному напрямку;порушення правил маневрування;2;49.864394;24.041279;1;0;1;0;0;2018;12;1;12;Львів;Наїзд на пішохода;Порушення маневрування
субота;Сихівський;Червоної Калини, просп.;наїзд на пішохода - пішохід рухався у попутному напрямку;порушення правил проїзду пішохідних переходів;2;49.785909;24.061373;1;0;1;0;0;2018;12;5;11;Львів;Наїзд на пішохода;Порушення проїзду переходів
п'ятниця;Залізничний;Любінська;наїзд на пішохода - пішохід рухався у попутному напрямку;порушення правил маневрування;2;49.82184;23.972195;1;0;1;0;0;2018;11;4;18;Львів;Наїзд на пішохода;Порушення маневрування
субота;Личаківський;Кукурудзяна;наїзд на пішохода - на регульованому пішохідному переході;порушення правил маневрування;2;49.864615;24.055274;1;0;0;1;0;2018;12;5;8;Львів;Наїзд на пішохода;Порушення маневрування
п'ятниця;Сихівський;Стуса В.;наїзд на пішохода - пішохід рухався у попутному напрямку;порушення правил проїзду пішохідних переходів;2;49.818306;24.043563;1;0;1;0;0;2018;12;4;17;Львів;Наїзд на пішохода;Порушення проїзду переходів
четвер;Личаківський;Кривчицька Дорога;наїзд на інші види перешкод;перевищення безпечної швидкості , керування транспортним засобом у нетверезому стані;1;49.843646;24.072515;0;0;1;0;0;2018;12;3;23;Львів;Наїзд на перешкоду;Перевищення швидкості
понеділок;Франківський;Кондукторська;наїзд на пішохода - пішохід рухався у попутному напрямку;порушення правил маневрування;2;49.832654;23.979914;1;0;1;0;1;2018;12;0;7;Львів;Наїзд на пішохода;Порушення маневрування
п'ятниця;Шевченківський;Хмельницького Б.;наїзд на пішохода - пішохід рухався у попутному напрямку;порушення правил проїзду пішохідних переходів;2;49.85229;24.033108;1;0;1;0;0;2018;12;4;14;Львів;Наїзд на пішохода;Порушення проїзду переходів
понеділок;Франківський;Городоцька;зіткнення лобове;порушення правил маневрування;3;49.834446;23.989844;2;0;1;0;0;2018;12;0;3;Львів;Зіткнення автомобілів;Порушення маневрування
неділя;Сихівський;Луганська;зіткнення лобове;порушення правил маневрування;3;49.80797;24.050966;2;0;1;0;0;2018;12;6;15;Львів;Зіткнення автомобілів;Порушення маневрування
неділя;Сихівський;Червоної Калини, просп.;наїзд на пішохода - пішохід рухався у попутному напрямку;порушення правил маневрування;2;49.810199;24.046497;1;0;1;0;1;2018;12;6;16;Львів;Наїзд на пішохода;Порушення маневрування
п'ятниця;Франківський;Володимира Великого;наїзд на пішохода - пішохід переходив дорогу поза межами пішохідного переходу;неочікуваний вихід на проїзну частину;2;49.810632;23.998089;1;0;1;0;0;2018;11;4;15;Львів;Наїзд на пішохода;Інше
субота;Залізничний;Повітряна;наїзд на пішохода - пішохід рухався у попутному напрямку;порушення правил маневрування;2;49.844475;23.973335;1;0;0;1;0;2018;12;5;22;Львів;Наїзд на пішохода;Порушення маневрування
четвер;Сихівський;Червоної Калини, просп.;наїзд на пішохода - пішохід рухався у попутному напрямку;порушення правил маневрування;2;49.813052;24.04624;1;0;1;0;0;2018;12;3;17;Львів;Наїзд на пішохода;Порушення маневрування
вівторок;Личаківський;Мечникова І.;наїзд на пішохода - пішохід рухався у попутному напрямку;порушення правил маневрування;3;49.833471;24.05154;1;0;2;0;1;2018;12;1;8;Львів;Наїзд на пішохода;Порушення маневрування
понеділок;Шевченківський;Тунельна;наїзд на пішохода - пішохід рухався у попутному напрямку;перевищення безпечної швидкості;2;49.862008;24.002767;1;0;1;0;0;2018;12;0;8;Львів;Наїзд на пішохода;Перевищення швидкості
четвер;Личаківський;Пасічна;наїзд на пішохода - пішохід рухався у попутному напрямку;перехід у невстановленому місці;2;49.816385;24.076506;1;0;1;0;0;2018;12;3;21;Львів;Наїзд на пішохода;Інше
четвер;Шевченківський;Під Голоском;падіння пасажира;порушення правил маневрування;2;49.867249301567206;24.01431110255429;1;0;1;0;0;2018;12;3;18;Львів;Падіння пасажира;Порушення маневрування
четвер;Личаківський;Кривчицька Дорога;зіткнення лобове;перевищення безпечної швидкості;2;49.843241;24.071538;1;0;1;0;0;2018;12;3;23;Львів;Зіткнення автомобілів;Перевищення швидкості
субота;Сихівський;Червоної Калини, просп.;наїзд на дорожне огородження;перевищення безпечної швидкості;2;49.799564;24.047989;1;0;1;0;0;2018;12;5;8;Львів;Наїзд на перешкоду;Перевищення швидкості
понеділок;Франківський;Любінська;наїзд на пішохода - пішохід рухався у попутному напрямку;порушення правил маневрування;2;49.832813;23.99009;1;0;1;0;0;2018;12;0;16;Львів;Наїзд на пішохода;Порушення маневрування
середа;Шевченківський;Шевченка Т.;зіткнення бокове;перевищення безпечної швидкості , недодержання дистанції;2;49.869653;23.935513;1;0;1;0;0;2018;12;2;11;Львів;Зіткнення автомобілів;Перевищення швидкості
вівторок;Франківський;Городоцька;наїзд на пішохода - пішохід рухався у попутному напрямку;перевищення безпечної швидкості , порушення правил проїзду пішохідних переходів;2;49.835377;23.995047;1;0;1;0;0;2018;12;1;21;Львів;Наїзд на пішохода;Перевищення швидкості
понеділок;Личаківський;Хмельницького Б.;наїзд на пішохода - пішохід рухався у попутному напрямку;порушення правил маневрування , порушення правил проїзду пішохідних переходів;2;49.86858;24.057543;1;0;1;0;0;2018;12;0;17;Львів;Наїзд на пішохода;Порушення маневрування
субота;Личаківський;Івасюка В.;наїзд на пішохода - пішохід рухався у попутному напрямку;порушення правил маневрування;2;49.830709;24.046487;1;0;1;0;0;2018;12;5;8;Львів;Наїзд на пішохода;Порушення маневрування
неділя;Галицький;Франка І.;наїзд на пішохода - пішохід на зупинці громадського транспорту;перевищення безпечної швидкості;2;49.830118;24.031359;1;1;0;0;0;2018;12;6;6;Львів;Наїзд на пішохода;Перевищення швидкості
понеділок;Шевченківський;Замарстинівська;наїзд на пішохода - пішохід переходив дорогу поза межами пішохідного переходу;порушення правил маневрування;2;49.875935;24.008356;1;1;0;0;0;2018;12;0;8;Львів;Наїзд на пішохода;Порушення маневрування
неділя;Сихівський;Хуторівка;наїзд на пішохода - на регульованому пішохідному переході;порушення правил маневрування;2;49.799705;24.026868;1;0;1;0;0;2018;12;6;14;Львів;Наїзд на пішохода;Порушення маневрування
субота;Залізничний;Городоцька;наїзд на пішохода - пішохід рухався у попутному напрямку;порушення правил маневрування;2;49.829592;23.962174;1;0;1;0;0;2018;12;5;23;Львів;Наїзд на пішохода;Порушення маневрування
субота;Залізничний;Повітряна;наїзд на пішохода - пішохід рухався у попутному напрямку;перевищення безпечної швидкості;2;49.844469;23.971363;1;0;1;0;0;2018;12;5;19;Львів;Наїзд на пішохода;Перевищення швидкості
середа;Галицький;Свободи, просп.;наїзд на пішохода - пішохід рухався у попутному напрямку;порушення правил маневрування;3;49.841264;24.027353;1;0;2;0;1;2018;12;2;19;Львів;Наїзд на пішохода;Порушення маневрування
неділя;Залізничний;Городоцька;зіткнення бокове;перевищення безпечної швидкості;3;49.834727;23.991137;1;0;2;0;0;2018;12;6;5;Львів;Зіткнення автомобілів;Перевищення швидкості
неділя;Залізничний;Городоцька;наїзд на пішохода - пішохід рухався у попутному напрямку;порушення правил маневрування;2;49.829831;23.963521;1;0;1;0;0;2018;12;6;0;Львів;Наїзд на пішохода;Порушення маневрування
вівторок;Залізничний;Шевченка Т.;зіткнення лобове;порушення правил маневрування;2;49.844837;24.00996;1;0;1;0;0;2018;12;1;12;Львів;Зіткнення автомобілів;Порушення маневрування
п'ятниця;Личаківський;Вашингтона Дж.;наїзд на пішохода - пішохід рухався у попутному напрямку;порушення правил маневрування;2;49.815949;24.062344;1;0;1;0;0;2018;12;4;21;Львів;Наїзд на пішохода;Порушення маневрування
четвер;Личаківський;Богданівська;наїзд на пішохода - пішохід рухався у попутному напрямку;порушення правил проїзду пішохідних переходів;2;49.857665;24.072676;1;0;1;0;0;2018;12;3;18;Львів;Наїзд на пішохода;Порушення проїзду переходів
понеділок;Сихівський;Зелена;наїзд на пішохода - пішохід рухався у попутному напрямку;порушення правил маневрування;2;49.806862;24.062269;1;0;1;0;1;2018;12;0;17;Львів;Наїзд на пішохода;Порушення маневрування
понеділок;Сихівський;Червоної Калини, просп.;падіння пасажира;порушення правил маневрування;2;49.797763;24.050381;1;0;1;0;0;2018;11;0;13;Львів;Падіння пасажира;Порушення маневрування
четвер;Франківський;Наукова;зіткнення лобове;порушення правил маневрування;2;49.803746;23.996903;1;0;1;0;0;2018;12;3;12;Львів;Зіткнення автомобілів;Порушення маневрування
вівторок;Галицький;Університетська;падіння пасажира;порушення правил маневрування;2;49.840221;24.021757;1;0;1;0;0;2018;11;1;17;Львів;Падіння пасажира;Порушення маневрування
субота;Шевченківський;Липинського В.;зіткнення бокове;порушення правил проїзду перехресть;2;49.86012;24.026928;1;0;1;0;1;2018;11;5;9;Львів;Зіткнення автомобілів;Порушення проїзду перехресть
середа;Личаківський;Некрасова М.;зіткнення бокове;перевищення безпечної швидкості , недодержання дистанції , керування транспортним засобом у нетверезому стані;2;49.836889;24.055313;1;0;1;0;0;2018;12;2;7;Львів;Зіткнення автомобілів;Перевищення швидкості
п'ятниця;Залізничний;Городоцька;наїзд на пішохода - пішохід рухався у попутному напрямку;порушення правил маневрування;2;49.833637;23.969995;1;1;0;0;0;2018;12;4;22;Львів;Наїзд на пішохода;Порушення маневрування
субота;Личаківський;Глинянський Тракт;падіння пасажира;порушення правил маневрування;2;49.840653;24.092218;1;0;1;0;0;2018;12;5;12;Львів;Падіння пасажира;Порушення маневрування
п'ятниця;Галицький;Свободи, просп.;наїзд на пішохода - пішохід рухався у попутному напрямку;порушення правил маневрування;2;49.842535;24.028226;1;0;1;0;0;2018;12;4;6;Львів;Наїзд на пішохода;Порушення маневрування
понеділок;Личаківський;Студентська;наїзд на пішохода - пішохід рухався у попутному напрямку;порушення правил проїзду пішохідних переходів;2;49.829308;24.045687;1;0;1;0;0;2018;12;0;8;Львів;Наїзд на пішохода;Порушення проїзду переходів
четвер;Шевченківський;Яцкова М.;наїзд на пішохода - пішохід рухався у попутному напрямку;порушення правил маневрування;2;49.84826;24.005363;1;0;1;0;0;2018;11;3;13;Львів;Наїзд на пішохода;Порушення маневрування
понеділок;Личаківський;Шевченка Т.;наїзд на пішохода - пішохід рухався у попутному напрямку;порушення правил проїзду пішохідних переходів;2;49.835581;24.121331;1;0;1;0;0;2018;12;0;15;Передмістя;Наїзд на пішохода;Порушення проїзду переходів
субота;Залізничний;Двірцева, пл.;наїзд на пішохода - пішохід рухався у попутному напрямку;порушення правил маневрування;2;49.839602;23.994752;1;0;0;1;0;2018;11;5;9;Львів;Наїзд на пішохода;Порушення маневрування
середа;Галицький;Дорошенка П.;наїзд на пішохода - на регульованому пішохідному переході;порушення правил маневрування;2;49.838968;24.024981;1;0;1;0;0;2018;12;2;18;Львів;Наїзд на пішохода;Порушення маневрування
середа;Залізничний;Виговського І.;наїзд на пішохода - пішохід рухався у попутному напрямку;порушення правил маневрування;2;49.812332;23.981035;1;0;1;0;0;2018;12;2;21;Львів;Наїзд на пішохода;Порушення маневрування
вівторок;Сихівський;Стрийська;зіткнення лобове;порушення правил маневрування;3;49.787478;24.014906;1;0;2;0;0;2018;12;1;10;Львів;Зіткнення автомобілів;Порушення маневрування
неділя;Сихівський;Червоної Калини, просп.;наїзд на інші види перешкод;перевищення безпечної швидкості , недодержання дистанції;1;49.799854;24.048729;0;0;1;0;0;2018;12;6;9;Львів;Наїзд на перешкоду;Перевищення швидкості
субота;Шевченківський;Чорновола В., просп.;наїзд на пішохода - пішохід рухався у попутному напрямку;порушення правил маневрування;2;49.854082;24.02291;1;0;1;0;0;2018;12;5;15;Львів;Наїзд на пішохода;Порушення маневрування
субота;Франківський;Городоцька;наїзд на пішохода - пішохід рухався у попутному напрямку;порушення правил маневрування;2;49.832301;23.977763;1;0;1;0;0;2018;12;5;19;Львів;Наїзд на пішохода;Порушення маневрування
середа;Франківський;Городоцька;наїзд на пішохода - на нерегульованому пішохідному переході;порушення правил маневрування;2;49.835377;23.995879;1;0;1;0;0;2018;12;2;20;Львів;Наїзд на пішохода;Порушення маневрування
четвер;Личаківський;Личаківська;зіткнення бокове;недодержання дистанції;3;49.840176;24.042984;2;0;1;0;0;2018;12;3;17;Львів;Зіткнення автомобілів;Недотримання дистанції
п'ятниця;Шевченківський;Шевченка Т.;наїзд на пішохода - пішохід переходив дорогу поза межами пішохідного переходу;неочікуваний вихід на проїзну частину;2;49.843587;24.013608;1;0;1;0;0;2018;11;4;10;Львів;Наїзд на пішохода;Інше
субота;Личаківський;Мечникова І.;зіткнення лобове;порушення правил маневрування;4;49.830914;24.048905;1;0;2;1;0;2018;12;5;12;Львів;Зіткнення автомобілів;Порушення маневрування
середа;Сихівський;Гориня М.;наїзд на пішохода - пішохід рухався у попутному напрямку;недодержання дистанції;2;49.789196;24.057516;1;0;1;0;0;2018;12;2;9;Львів;Наїзд на пішохода;Недотримання дистанції
понеділок;Франківський;Городоцька;наїзд на пішохода - пішохід рухався у попутному напрямку;порушення правил проїзду пішохідних переходів;2;49.835419;23.995133;1;0;1;0;0;2018;11;0;12;Львів;Наїзд на пішохода;Порушення проїзду переходів
четвер;Личаківський;Чехова А.;наїзд на пішохода - пішохід рухався у попутному напрямку;неочікуваний вихід на проїзну частину;2;49.839045;24.042163;1;0;1;0;0;2018;11;3;16;Львів;Наїзд на пішохода;Інше
середа;Личаківський;Пасічна;зіткнення лобове;перевищення безпечної швидкості;3;49.811722;24.079215;1;0;2;0;0;2018;11;2;1;Львів;Зіткнення автомобілів;Перевищення швидкості
п'ятниця;Личаківський;Зелена;наїзд на пішохода - пішохід рухався у попутному напрямку;порушення правил маневрування;2;49.831817;24.042023;1;0;1;0;0;2018;12;4;15;Львів;Наїзд на пішохода;Порушення маневрування
середа;Франківський;Кондукторська;наїзд на пішохода - пішоходний перехід, тз здійснював поворот вліво (вправо);порушення правил маневрування;2;49.832668;23.979914;1;0;1;0;0;2018;12;2;17;Львів;Наїзд на пішохода;Порушення маневрування
неділя;Франківський;Стрийська;зіткнення бокове;порушення правил маневрування;2;49.789175;24.015062;1;0;1;0;0;2018;12;6;17;Львів;Зіткнення автомобілів;Порушення маневрування
неділя;Галицький;Бандери С.;наїзд на пішохода - пішохід рухався у попутному напрямку;порушення правил маневрування;2;49.834623;24.019568;1;0;1;0;0;2018;12;6;3;Львів;Наїзд на пішохода;Порушення маневрування
понеділок;Сихівський;Угорська;наїзд на пішохода - пішохід рухався у попутному напрямку;порушення правил маневрування;2;49.810577;24.045027;1;0;1;0;0;2018;12;0;17;Львів;Наїзд на пішохода;Порушення маневрування
понеділок;Франківський;Горбачевського І.;наїзд на пішохода - пішохід рухався у попутному напрямку;порушення правил маневрування;2;49.829585;24.008061;1;0;1;0;0;2018;12;0;20;Львів;Наїзд на пішохода;Порушення маневрування
середа;Франківський;Кульпарківська;зіткнення бокове;перевищення безпечної швидкості;3;49.829059;23.990197;2;0;1;0;0;2019;1;2;10;Львів;Зіткнення автомобілів;Перевищення швидкості
вівторок;Личаківський;Мечникова І.;наїзд на транспортний засіб, що стоїть - по ходу руху;порушення правил маневрування;2;49.837498;24.054598;1;0;1;0;0;2019;1;1;14;Львів;Інше;Порушення маневрування
вівторок;Шевченківський;Чорновола В., просп.;наїзд на пішохода - пішохід рухався у попутному напрямку;порушення правил маневрування;2;49.852639;24.023564;1;0;1;0;0;2019;1;1;20;Львів;Наїзд на пішохода;Порушення маневрування
п'ятниця;Шевченківський;Шевченка Т.;зіткнення з задньою частиною тз;порушення правил проїзду перехресть;3;49.871503;23.941998;1;0;2;0;0;2019;2;4;12;Львів;Зіткнення автомобілів;Порушення проїзду перехресть
четвер;Личаківський;Зелена;наїзд на пішохода - пішохід рухався у попутному напрямку;порушення правил маневрування;2;49.817333;24.060273;1;0;0;1;0;2019;1;3;10;Львів;Наїзд на пішохода;Порушення маневрування
вівторок;Франківський;Чупринки Т., ген.;наїзд на пішохода - пішохід рухався у попутному напрямку;перехід у невстановленому місці;2;49.83208;24.011495;1;1;0;0;0;2019;2;1;23;Львів;Наїзд на пішохода;Інше
п'ятниця;Залізничний;Городоцька;зіткнення лобове;перевищення безпечної швидкості, недодержання дистанції;2;49.833599;23.983068;1;0;1;0;0;2019;1;4;15;Львів;Зіткнення автомобілів;Перевищення швидкості
вівторок;Галицький;Франка І.;наїзд на пішохода - пішохід рухався у попутному напрямку;порушення правил маневрування;2;49.829872;24.031262;1;0;1;0;0;2019;1;1;9;Львів;Наїзд на пішохода;Порушення маневрування
неділя;Личаківський;Хмельницького Б.;зіткнення бокове;керування транспортним засобом у нетверезому стані, перевищення безпечної швидкості;3;49.871188;24.05831;0;0;3;0;0;2019;1;6;13;Львів;Зіткнення автомобілів;Перевищення швидкості
середа;Залізничний;Виговського І.;зіткнення бокове;порушення правил маневрування;2;49.813059;23.978205;1;0;1;0;0;2019;1;2;23;Львів;Зіткнення автомобілів;Порушення маневрування
вівторок;Сихівський;Червоної Калини, просп.;наїзд на пішохода - пішохід рухався у попутному напрямку;порушення правил маневрування;2;49.795405;24.056132;1;0;1;0;0;2019;1;1;17;Львів;Наїзд на пішохода;Порушення маневрування
вівторок;Галицький;Саксаганського П.;наїзд на пішохода - пішохід рухався у попутному напрямку;порушення правил маневрування;2;49.834491;24.032882;1;0;1;0;0;2019;1;1;16;Львів;Наїзд на пішохода;Порушення маневрування
четвер;Шевченківський;Шевченка Т.;зіткнення лобове;порушення правил маневрування;3;49.86818;23.951982;1;0;2;0;0;2019;1;3;19;Львів;Зіткнення автомобілів;Порушення маневрування
субота;Франківський;Городоцька;зіткнення з задньою частиною тз;перевищення безпечної швидкості, недодержання дистанції;3;49.833343;23.983541;2;0;1;0;0;2019;2;5;13;Львів;Зіткнення автомобілів;Перевищення швидкості
п'ятниця;Сихівський;Морозна;зіткнення лобове;порушення правил маневрування;2;49.795741;24.067789;1;0;1;0;0;2019;1;4;20;Львів;Зіткнення автомобілів;Порушення маневрування
четвер;Залізничний;Городоцька;зіткнення лобове;перевищення безпечної швидкості, порушення правил обгону;3;49.824145;23.927842;1;0;2;0;0;2019;1;3;14;Львів;Зіткнення автомобілів;Перевищення швидкості
вівторок;Франківський;Володимира Великого;зіткнення лобове;перевищення безпечної швидкості, недодержання дистанції;3;49.80994;24.006886;2;0;1;0;0;2019;2;1;16;Львів;Зіткнення автомобілів;Перевищення швидкості
вівторок;Сихівський;Антонича Б. - І.;зіткнення лобове;перевищення безпечної швидкості, невиконання вимог сигналів регулювання;3;49.783294;24.068127;2;0;1;0;0;2019;1;1;9;Львів;Зіткнення автомобілів;Перевищення швидкості
вівторок;Залізничний;Городоцька;наїзд на інші види перешкод;перевищення безпечної швидкості;5;49.83199;23.975966;1;0;4;0;0;2019;1;1;12;Львів;Наїзд на перешкоду;Перевищення швидкості
середа;Сихівський;Стрийська;наїзд на пішохода - пішохід рухався у попутному напрямку;порушення правил маневрування;2;49.800498;24.017782;1;0;1;0;0;2019;1;2;15;Львів;Наїзд на пішохода;Порушення маневрування
п'ятниця;Галицький;Франка І.;наїзд на пішохода - пішохід рухався у попутному напрямку;порушення правил проїзду пішохідних переходів;2;49.8304;24.032347;1;0;1;0;0;2019;1;4;14;Львів;Наїзд на пішохода;Порушення проїзду переходів
четвер;Сихівський;Хоткевича Г.;падіння пасажира;порушення правил маневрування;2;49.79519;24.046739;1;0;1;0;0;2019;1;3;17;Львів;Падіння пасажира;Порушення маневрування
субота;Личаківський;Личаківська;наїзд на пішохода - пішохід рухався у попутному напрямку;порушення правил проїзду пішохідних переходів;2;49.838432;24.055043;1;0;1;0;0;2019;1;5;21;Львів;Наїзд на пішохода;Порушення проїзду переходів
понеділок;Сихівський;Морозна;наїзд на пішохода - на нерегульованому пішохідному переході;порушення правил проїзду пішохідних переходів;2;49.795338;24.068371;1;0;1;0;0;2019;1;0;11;Львів;Наїзд на пішохода;Порушення проїзду переходів
субота;Галицький;Городоцька;зіткнення лобове;порушення правил маневрування, недодержання дистанції, перевищення безпечної швидкості;3;49.839615;24.010625;2;0;1;0;0;2019;1;5;13;Львів;Зіткнення автомобілів;Порушення маневрування
вівторок;Галицький;Городоцька;наїзд на пішохода - на нерегульованому пішохідному переході;порушення правил проїзду пішохідних переходів;2;49.842397;24.017358;1;0;1;0;0;2019;1;1;17;Львів;Наїзд на пішохода;Порушення проїзду переходів
субота;Залізничний;Городоцька;зіткнення лобове;порушення правил маневрування;3;49.825105;23.937796;1;0;0;2;0;2019;1;5;0;Львів;Зіткнення автомобілів;Порушення маневрування
середа;Франківський;Чупринки Т., ген.;зіткнення лобове;порушення правил маневрування;2;49.830156;24.007734;1;0;1;0;1;2019;1;2;0;Львів;Зіткнення автомобілів;Порушення маневрування
четвер;Франківський;Городоцька;наїзд на пішохода - пішохід рухався у попутному напрямку;порушення правил проїзду пішохідних переходів;2;49.831893;23.975478;1;0;1;0;0;2019;1;3;17;Львів;Наїзд на пішохода;Порушення проїзду переходів
понеділок;Личаківський;Зелена;падіння пасажира;порушення правил маневрування;5;49.830083;24.038778;2;0;3;0;0;2019;1;0;11;Львів;Падіння пасажира;Порушення маневрування
четвер;Залізничний;Городоцька;наїзд на інші види перешкод;перевищення безпечної швидкості;1;49.831633;23.973933;0;0;1;0;0;2019;1;3;23;Львів;Наїзд на перешкоду;Перевищення швидкості
середа;Галицький;Дорошенка П.;наїзд на пішохода - пішохід рухався у попутному напрямку;порушення правил проїзду пішохідних переходів;2;49.839817;24.026823;1;0;1;0;0;2019;1;2;14;Львів;Наїзд на пішохода;Порушення проїзду переходів
вівторок;Личаківський;Галицька;наїзд на пішохода - стояв на проїздній частині;порушення правил маневрування;2;49.817469;24.145959;1;0;1;0;0;2019;1;1;15;Передмістя;Наїзд на пішохода;Порушення маневрування
субота;Залізничний;Кульпарківська;наїзд на пішохода - пішохід рухався у попутному напрямку;порушення правил проїзду пішохідних переходів;2;49.802465;23.980601;1;0;1;0;0;2019;1;5;22;Львів;Наїзд на пішохода;Порушення проїзду переходів
четвер;Личаківський;Левицького К.;наїзд на пішохода - пішохід рухався у попутному напрямку;порушення правил маневрування;2;49.835024;24.038837;1;0;1;0;0;2019;1;3;15;Львів;Наїзд на пішохода;Порушення маневрування
середа;Шевченківський;Промислова;зіткнення бокове;порушення правил маневрування;2;49.865202;24.044433;1;0;1;0;1;2019;1;2;23;Львів;Зіткнення автомобілів;Порушення маневрування
понеділок;Личаківський;Личаківська;наїзд на пішохода - пішохід рухався у попутному напрямку;порушення правил проїзду пішохідних переходів;2;49.83983;24.049882;1;0;1;0;0;2019;2;0;21;Львів;Наїзд на пішохода;Порушення проїзду переходів
середа;Залізничний;Городоцька;зіткнення бокове;порушення правил маневрування;3;49.821577;23.918336;2;0;1;0;0;2019;1;2;12;Львів;Зіткнення автомобілів;Порушення маневрування
середа;Личаківський;Богданівська;наїзд на пішохода - пішохід рухався у попутному напрямку;порушення правил проїзду пішохідних переходів;2;49.855534;24.075449;1;0;0;1;0;2019;1;2;10;Львів;Наїзд на пішохода;Порушення проїзду переходів
неділя;Франківський;Городоцька;наїзд на пішохода - на регульованому пішохідному переході;порушення правил проїзду пішохідних переходів;2;49.831934;23.975419;1;0;1;0;0;2019;1;6;13;Львів;Наїзд на пішохода;Порушення проїзду переходів
понеділок;Залізничний;Ярослава Мудрого;наїзд на інші види перешкод;порушення правил маневрування;3;49.841567;24.010609;1;0;2;0;0;2019;2;0;2;Львів;Наїзд на перешкоду;Порушення маневрування
вівторок;Залізничний;Кульпарківська;зіткнення лобове;порушення правил проїзду перехресть;3;49.806897;23.979512;2;0;1;0;0;2019;2;1;17;Львів;Зіткнення автомобілів;Порушення проїзду перехресть
неділя;Сихівський;Червоної Калини, просп.;наїзд на пішохода - пішохід рухався у попутному напрямку;перехід у невстановленому місці;2;49.793428;24.059334;1;0;0;1;0;2019;1;6;11;Львів;Наїзд на пішохода;Інше
середа;Франківський;Городоцька;наїзд на пішохода - пішохід рухався у попутному напрямку;порушення правил маневрування;2;49.837052;24.003732;1;0;0;1;0;2019;1;2;3;Львів;Наїзд на пішохода;Порушення маневрування
вівторок;Галицький;Шевченка Т.;наїзд на пішохода - пішохід рухався у попутному напрямку;порушення правил маневрування;2;49.837249;24.031413;1;0;1;0;0;2019;1;1;13;Львів;Наїзд на пішохода;Порушення маневрування
вівторок;Шевченківський;Чорновола В., просп.;наїзд на пішохода - на нерегульованому пішохідному переході;порушення правил проїзду пішохідних переходів;2;49.857402;24.022894;1;0;1;0;0;2019;2;1;18;Львів;Наїзд на пішохода;Порушення проїзду переходів
субота;Личаківський;Петрушевича Є., пл.;наїзд на пішохода - пішохід переходив дорогу поза межами пішохідного переходу;перевищення безпечної швидкості;3;49.832536;24.035479;2;0;1;0;0;2019;1;5;1;Львів;Наїзд на пішохода;Перевищення швидкості
середа;Франківський;Антоновича В.;наїзд на пішохода - пішохід рухався у попутному напрямку;порушення правил маневрування;2;49.82874;23.996125;1;1;0;0;0;2019;1;2;7;Львів;Наїзд на пішохода;Порушення маневрування
середа;Личаківський;Зелена;падіння пасажира;порушення правил маневрування;2;49.821293;24.055365;1;0;1;0;0;2019;1;2;17;Львів;Падіння пасажира;Порушення маневрування
четвер;Сихівський;Зелена;наїзд на пішохода - пішохід рухався у попутному напрямку;порушення правил маневрування;2;49.811775;24.060909;1;0;1;0;0;2019;1;3;22;Львів;Наїзд на пішохода;Порушення маневрування
вівторок;Франківський;Наукова;зіткнення лобове;недодержання дистанції;4;49.805083;23.99582;2;0;2;0;0;2019;1;1;19;Львів;Зіткнення автомобілів;Недотримання дистанції
вівторок;Шевченківський;Промислова;наїзд на пішохода - пішохід рухався у попутному напрямку;порушення правил маневрування;2;49.861406;24.043804;1;0;1;0;0;2019;2;1;18;Львів;Наїзд на пішохода;Порушення маневрування