accidentDay;district;streetName;accidentType;mainAccidentCause;totalParticipantsAmount;latitude;longitude;Count_Без ушкоджень;Count_Загинув;Count_Легко травмований;Count_Тяжко травмований;Is_Intersection;Year;Month;DayOfWeek;Hour;settlement_grouped;Simple_Type;Simple_Cause
субота;Сихівський;Луганська;зіткнення лобове;перевищення безпечної швидкості;3;49.809812;24.031177;2;0;1;0;1;2019;2;5;9;Львів;Зіткнення автомобілів;Перевищення швидкості
четвер;Франківський;Володимира Великого;падіння пасажира;порушення правил маневрування;2;49.812185;23.997576;1;0;1;0;0;2019;2;3;10;Львів;Падіння пасажира;Порушення маневрування
п'ятниця;Залізничний;Городоцька;наїзд на пішохода - на регульованому пішохідному переході;порушення правил проїзду пішохідних переходів;2;49.830689;23.968735;1;0;1;0;0;2019;3;4;13;Львів;Наїзд на пішохода;Порушення проїзду переходів
субота;Франківський;Стрийська;наїзд на велосипедиста - велосипедист рухався у попутному напрямку;порушення правил маневрування;2;49.80189;24.017937;1;0;1;0;1;2019;3;5;17;Львів;Наїзд на велосипедиста;Порушення маневрування
вівторок;Франківський;Наукова;наїзд на пішохода - пішохід рухався у попутному напрямку;порушення правил маневрування;3;49.802452;23.992032;1;0;2;0;0;2019;3;1;16;Львів;Наїзд на пішохода;Порушення маневрування
субота;Шевченківський;Миколайчука І.;падіння пасажира;порушення правил маневрування;2;49.874428;24.041455;1;1;0;0;0;2019;3;5;18;Львів;Падіння пасажира;Порушення маневрування
вівторок;Шевченківський;Шевченка Т.;наїзд на пішохода - пішохід рухався у попутному напрямку;порушення правил маневрування;2;49.868142;23.952089;1;0;1;0;0;2019;3;1;19;Львів;Наїзд на пішохода;Порушення маневрування
субота;Личаківський;Хмельницького Б.;наїзд на пішохода - пішохід рухався у попутному напрямку;порушення правил маневрування;2;49.856157;24.045698;1;0;1;0;0;2019;2;5;10;Львів;Наїзд на пішохода;Порушення маневрування
неділя;Личаківський;Пасічна;наїзд на пішохода - пішохід рухався у попутному напрямку;перехід у невстановленому місці;2;49.836017;24.068406;1;0;1;0;1;2019;3;6;21;Львів;Наїзд на пішохода;Інше
вівторок;Сихівський;Угорська;наїзд на пішохода - пішохід рухався у попутному напрямку;порушення правил маневрування;3;49.810563;24.045119;1;0;2;0;0;2019;3;1;17;Львів;Наїзд на пішохода;Порушення маневрування
середа;Личаківський;Мечникова І.;наїзд на пішохода - пішохід рухався у попутному напрямку;порушення правил маневрування;2;49.831938;24.049544;1;0;0;1;0;2019;2;2;10;Львів;Наїзд на пішохода;Порушення маневрування
субота;Галицький;Чорновола В., просп.;наїзд на велосипедиста - велосипедист рухався у попутному напрямку;порушення правил маневрування;2;49.850553;24.024431;1;0;1;0;1;2019;3;5;17;Львів;Наїзд на велосипедиста;Порушення маневрування
понеділок;Франківський;Городоцька;зіткнення бокове;недодержання дистанції, керування транспортним засобом у нетверезому стані;2;49.836332;24.000202;1;0;1;0;0;2019;3;0;1;Львів;Зіткнення автомобілів;Недотримання дистанції
субота;Франківський;Володимира Великого;зіткнення лобове;перевищення безпечної швидкості;5;49.808953;24.011714;2;0;3;0;1;2019;3;5;21;Львів;Зіткнення автомобілів;Перевищення швидкості
четвер;Сихівський;Червоної Калини, просп.;падіння пасажира;порушення правил маневрування;2;49.795616;24.054608;1;0;1;0;0;2019;2;3;11;Львів;Падіння пасажира;Порушення маневрування
п'ятниця;Сихівський;Стрийська;падіння пасажира;порушення правил маневрування;2;49.775472;24.014204;1;0;1;0;0;2019;2;4;9;Львів;Падіння пасажира;Порушення маневрування
середа;Франківський;Стрийська;падіння пасажира;порушення правил маневрування;1;49.802098;24.01783;0;0;1;0;0;2019;2;2;12;Львів;Падіння пасажира;Порушення маневрування
неділя;Галицький;Під Дубом;наїзд на пішохода - пішохід рухався у попутному напрямку;порушення правил маневрування;2;49.850523;24.021515;1;0;1;0;0;2019;3;6;20;Львів;Наїзд на пішохода;Порушення маневрування
субота;Залізничний;Широка;наїзд на пішохода - пішохід рухався у попутному напрямку;порушення правил маневрування;3;49.841785;23.964738;1;0;2;0;0;2019;3;5;19;Львів;Наїзд на пішохода;Порушення маневрування
п'ятниця;Личаківський;Хмельницького Б.;падіння пасажира;порушення правил маневрування;2;49.857177;24.046578;1;0;1;0;0;2019;3;4;14;Львів;Падіння пасажира;Порушення маневрування
понеділок;Залізничний;Виговського І.;наїзд на пішохода - пішохід рухався у попутному напрямку;порушення правил проїзду пішохідних переходів;2;49.813055;23.977919;1;0;1;0;0;2019;2;0;15;Львів;Наїзд на пішохода;Порушення проїзду переходів
субота;Франківський;Кульпарківська;наїзд на пішохода - пішохід рухався у попутному напрямку;порушення правил проїзду пішохідних переходів;2;49.816544;23.986545;1;0;1;0;0;2019;3;5;18;Львів;Наїзд на пішохода;Порушення проїзду переходів
вівторок;Шевченківський;Винниця;наїзд на пішохода - пішохід рухався у попутному напрямку;порушення правил маневрування;2;49.862153;23.997805;1;1;0;0;0;2019;3;1;19;Львів;Наїзд на пішохода;Порушення маневрування
понеділок;Личаківський;Зелена;падіння пасажира;порушення правил маневрування;2;49.834578;24.034953;1;0;1;0;0;2019;3;0;12;Львів;Падіння пасажира;Порушення маневрування
четвер;Личаківський;Богданівська;зіткнення бокове;порушення правил обгону;2;49.850824;24.079721;1;0;1;0;0;2019;2;3;11;Львів;Зіткнення автомобілів;Інше
субота;Галицький;Тарнавського М., ген.;зіткнення лобове;перевищення безпечної швидкості;2;49.826875;24.042517;1;0;1;0;0;2019;3;5;22;Львів;Зіткнення автомобілів;Перевищення швидкості
четвер;Галицький;Устияновича М.;наїзд на велосипедиста - велосипедист рухався у попутному напрямку;порушення правил маневрування;2;49.836225;24.016151;1;0;1;0;0;2019;2;3;8;Львів;Наїзд на велосипедиста;Порушення маневрування
неділя;Галицький;Торгова;наїзд на пішохода - пішохід рухався у попутному напрямку;невиконання вимог сигналів регулювання;2;49.844682;24.027062;1;0;1;0;0;2019;3;6;21;Львів;Наїзд на пішохода;Інше
п'ятниця;Сихівський;Кавалерідзе І.;наїзд на пішохода - пішохід рухався у попутному напрямку;порушення правил маневрування;3;49.792488;24.065789;2;0;1;0;0;2019;2;4;8;Львів;Наїзд на пішохода;Порушення маневрування
четвер;Шевченківський;Шевченка Т.;наїзд на пішохода - пішохід рухався у попутному напрямку;невиконання вимог сигналів регулювання;2;49.870632;23.94607;1;0;1;0;0;2019;3;3;14;Львів;Наїзд на пішохода;Інше
п'ятниця;Личаківський;Кукурудзяна;зіткнення бокове;перевищення безпечної швидкості, недодержання дистанції;2;49.862596;24.058653;1;0;1;0;0;2019;3;4;14;Львів;Зіткнення автомобілів;Перевищення швидкості
субота;Шевченківський;Бетховена Л.;наїзд на пішохода - пішохід рухався у попутному напрямку;порушення правил проїзду пішохідних переходів;2;49.863571;24.033269;0;0;1;1;1;2019;3;5;20;Львів;Наїзд на пішохода;Порушення проїзду переходів
понеділок;Галицький;Свободи, просп.;наїзд на пішохода - пішохід рухався у попутному напрямку;порушення правил маневрування;2;49.844099;24.025732;1;1;0;0;0;2019;3;0;14;Львів;Наїзд на пішохода;Порушення маневрування
вівторок;Шевченківський;Мазепи І., гетьм.;падіння пасажира;порушення правил маневрування;2;49.871164;24.035811;1;0;1;0;0;2019;3;1;10;Львів;Падіння пасажира;Порушення маневрування
вівторок;Франківський;Княгині Ольги;зіткнення лобове;порушення правил проїзду перехресть;2;49.811494;23.999838;1;0;1;0;0;2019;3;1;21;Львів;Зіткнення автомобілів;Порушення проїзду перехресть
п'ятниця;Франківський;Кульпарківська;зіткнення лобове;порушення правил маневрування;4;49.832599;23.99075;2;0;2;0;0;2019;3;4;19;Львів;Зіткнення автомобілів;Порушення маневрування
понеділок;Шевченківський;Шевченка Т.;наїзд на інші види перешкод;перевищення безпечної швидкості, недодержання дистанції;1;49.858294;23.974582;0;0;1;0;0;2019;2;0;12;Львів;Наїзд на перешкоду;Перевищення швидкості
неділя;Франківський;Княгині Ольги;падіння пасажира;порушення правил маневрування;2;49.825318;24.008834;1;0;0;1;0;2019;3;6;17;Львів;Падіння пасажира;Порушення маневрування
понеділок;Франківський;Княгині Ольги;наїзд на пішохода - пішохід рухався у попутному напрямку;порушення правил маневрування;2;49.826716;24.010363;1;0;1;0;1;2019;3;0;19;Львів;Наїзд на пішохода;Порушення маневрування
четвер;Залізничний;Кульпарківська;наїзд на пішохода - пішохід рухався у попутному напрямку;порушення правил маневрування;3;49.815939;23.982291;2;0;0;1;0;2019;3;3;20;Львів;Наїзд на пішохода;Порушення маневрування
вівторок;Галицький;Городоцька;наїзд на пішохода - пішохід рухався у попутному напрямку;порушення правил проїзду пішохідних переходів;2;49.838344;24.008051;1;0;1;0;0;2019;3;1;20;Львів;Наїзд на пішохода;Порушення проїзду переходів
четвер;Сихівський;Мирного Панаса;наїзд на пішохода - пішохід рухався у попутному напрямку;порушення правил маневрування;2;49.816856;24.026252;1;0;1;0;0;2019;3;3;19;Львів;Наїзд на пішохода;Порушення маневрування
середа;Галицький;Драгоманова М.;наїзд на пішохода - пішохід рухався у попутному напрямку;порушення правил маневрування;2;49.834934;24.031654;1;0;1;0;0;2019;3;2;19;Львів;Наїзд на пішохода;Порушення маневрування
п'ятниця;Залізничний;Кульпарківська;зіткнення лобове;виїзд на смугу зустрічного руху;3;49.805477;23.981009;2;0;1;0;0;2019;3;4;12;Львів;Зіткнення автомобілів;Інше
неділя;Галицький;Стуса В.;зіткнення бокове;перевищення безпечної швидкості, недодержання дистанції;3;49.821072;24.039695;2;0;1;0;0;2019;3;6;15;Львів;Зіткнення автомобілів;Перевищення швидкості
неділя;Шевченківський;Шевченка Т.;падіння пасажира;порушення правил маневрування;2;49.863391;23.962308;1;0;1;0;0;2019;3;6;22;Львів;Падіння пасажира;Порушення маневрування
вівторок;Шевченківський;Шевченка Т.;наїзд на пішохода - пішохід рухався у попутному напрямку;порушення правил маневрування;2;49.871303;23.944407;1;1;0;0;0;2019;3;1;16;Львів;Наїзд на пішохода;Порушення маневрування
середа;Сихівський;Демнянська;зіткнення лобове;порушення правил маневрування;2;49.798279;24.026826;1;0;1;0;0;2019;3;2;16;Львів;Зіткнення автомобілів;Порушення маневрування
неділя;Шевченківський;Чорновола В., просп.;наїзд на пішохода - пішохід рухався у попутному напрямку;порушення правил маневрування, перевищення безпечної швидкості, порушення правил проїзду пішохідних переходів;3;49.855053;24.022406;1;0;2;0;0;2019;3;6;0;Львів;Наїзд на пішохода;Порушення маневрування
четвер;Галицький;Чорновола В., просп.;наїзд на пішохода - пішохід рухався у попутному напрямку;неочікуваний вихід на проїзну частину, перехід у невстановленому місці;2;49.845806;24.025033;1;0;1;0;0;2019;3;3;21;Львів;Наїзд на пішохода;Інше
неділя;Шевченківський;Липинського В.;наїзд на пішохода - пішохід рухався у попутному напрямку;перехід у невстановленому місці;2;49.865252;24.044352;1;0;1;0;1;2019;2;6;18;Львів;Наїзд на пішохода;Інше
вівторок;Сихівський;Хуторівка;наїзд на пішохода - пішохід рухався у попутному напрямку;порушення правил маневрування;2;49.80027;24.032593;1;0;1;0;0;2019;3;1;10;Львів;Наїзд на пішохода;Порушення маневрування
четвер;Галицький;Куліша П.;наїзд на пішохода - на нерегульованому пішохідному переході;перехід у невстановленому місці;2;49.845881;24.024128;1;0;1;0;0;2019;3;3;18;Львів;Наїзд на пішохода;Інше
вівторок;Галицький;Дорошенка П.;наїзд на пішохода - пішохід рухався у попутному напрямку;порушення правил маневрування;2;49.840515;24.027851;1;0;1;0;1;2019;3;1;9;Львів;Наїзд на пішохода;Порушення маневрування
вівторок;Галицький;Князя Ярослава Осмомисла, пл.;наїзд на пішохода - пішохід рухався у попутному напрямку;порушення правил маневрування;2;49.84477;24.029245;1;0;1;0;1;2019;2;1;9;Львів;Наїзд на пішохода;Порушення маневрування
неділя;Личаківський;Богданівська;зіткнення лобове;порушення правил маневрування;3;49.855738;24.075277;2;0;1;0;0;2019;3;6;11;Львів;Зіткнення автомобілів;Порушення маневрування
неділя;Галицький;Наливайка С.;падіння пасажира;порушення правил маневрування;2;49.843217;24.023618;1;0;1;0;0;2019;3;6;10;Львів;Падіння пасажира;Порушення маневрування
п'ятниця;Франківський;Городоцька;наїзд на пішохода - пішохід рухався у попутному напрямку;перехід у невстановленому місці;2;49.835581;23.996077;1;0;0;1;0;2019;3;4;22;Львів;Наїзд на пішохода;Інше
понеділок;Залізничний;Городоцька;наїзд на транспортний засіб, що стоїть - по ходу руху;недодержання дистанції, керування транспортним засобом у нетверезому стані;3;49.828133;23.954608;1;0;2;0;1;2019;3;0;5;Львів;Інше;Недотримання дистанції
п'ятниця;Франківський;Княгині Ольги;наїзд на пішохода - на регульованому пішохідному переході;порушення правил маневрування;2;49.811463;24.000294;1;0;0;1;0;2019;2;4;12;Львів;Наїзд на пішохода;Порушення маневрування
вівторок;Шевченківський;Шевченка Т.;наїзд на пішохода - на регульованому пішохідному переході;порушення правил маневрування;2;49.842733;24.017766;1;0;1;0;0;2019;2;1;11;Львів;Наїзд на пішохода;Порушення маневрування
п'ятниця;Шевченківський;Липинського В.;наїзд на пішохода - пішохід рухався у попутному напрямку;порушення правил маневрування;2;49.860077;24.027198;1;0;1;0;1;2019;3;4;18;Львів;Наїзд на пішохода;Порушення маневрування
вівторок;Шевченківський;Чорновола В., просп.;зіткнення бокове;перевищення безпечної швидкості, недодержання дистанції;4;49.854966;24.0211;3;0;1;0;0;2019;3;1;9;Львів;Зіткнення автомобілів;Перевищення швидкості
четвер;Галицький;Університетська;наїзд на пішохода - пішохід рухався у попутному напрямку;порушення правил маневрування;2;49.840031;24.021939;1;0;1;0;0;2019;3;3;20;Львів;Наїзд на пішохода;Порушення маневрування
п'ятниця;Сихівський;Хуторівка;наїзд на пішохода - стояв на проїздній частині;перевищення безпечної швидкості;2;49.79974;24.026622;1;0;1;0;0;2019;3;4;12;Львів;Наїзд на пішохода;Перевищення швидкості
четвер;Залізничний;Виговського І.;наїзд на пішохода - пішохід рухався у попутному напрямку;перехід у невстановленому місці;2;49.815018;23.974373;1;0;0;1;0;2019;3;3;8;Львів;Наїзд на пішохода;Інше
п'ятниця;Личаківський;Личаківська;наїзд на пішохода - пішохід рухався у попутному напрямку;порушення правил проїзду пішохідних переходів;2;49.839726;24.050285;1;0;1;0;0;2019;3;4;8;Львів;Наїзд на пішохода;Порушення проїзду переходів
четвер;Галицький;Городоцька;наїзд на пішохода - пішохід рухався у попутному напрямку;порушення правил маневрування;2;49.837796;24.005942;1;1;0;0;0;2019;3;3;0;Львів;Наїзд на пішохода;Порушення маневрування
субота;Личаківський;Личаківська;наїзд на пішохода - пішохід рухався у попутному напрямку;порушення правил проїзду пішохідних переходів;2;49.839771;24.050097;1;0;1;0;0;2019;3;5;14;Львів;Наїзд на пішохода;Порушення проїзду переходів
неділя;Залізничний;Городоцька;зіткнення лобове;порушення правил маневрування;4;49.832741;23.980172;3;0;1;0;0;2019;3;6;7;Львів;Зіткнення автомобілів;Порушення маневрування
субота;Шевченківський;Шевченка Т.;зіткнення лобове;порушення правил проїзду перехресть;7;49.870971;23.945292;0;0;7;0;0;2019;3;5;21;Львів;Зіткнення автомобілів;Порушення проїзду перехресть
середа;Галицький;Гладишевського Є.;наїзд на пішохода - пішохід рухався у попутному напрямку;порушення правил маневрування;2;49.830837;24.030586;1;0;1;0;0;2019;3;2;12;Львів;Наїзд на пішохода;Порушення маневрування
п'ятниця;Личаківський;Медової Печери;наїзд на пішохода - пішохід рухався у попутному напрямку;порушення правил маневрування;2;49.823916;24.081237;1;0;1;0;0;2019;2;4;20;Львів;Наїзд на пішохода;Порушення маневрування
неділя;Франківський;Володимира Великого;зіткнення лобове;перевищення безпечної швидкості, недодержання дистанції;4;49.80815;24.01916;2;0;2;0;1;2019;3;6;21;Львів;Зіткнення автомобілів;Перевищення швидкості
середа;Франківський;Городоцька;наїзд на пішохода - пішохід рухався у попутному напрямку;порушення правил маневрування;2;49.836782;24.002799;1;0;1;0;0;2019;2;2;9;Львів;Наїзд на пішохода;Порушення маневрування
вівторок;Шевченківський;Грінченка Б.;наїзд на пішохода - пішохід рухався у попутному напрямку;порушення правил маневрування;2;49.873017;24.050837;1;0;1;0;0;2019;2;1;9;Львів;Наїзд на пішохода;Порушення маневрування
субота;Шевченківський;Біберовича І.;наїзд на пішохода - на регульованому пішохідному переході;порушення правил маневрування;2;49.862928;23.963284;1;0;1;0;0;2019;2;5;22;Львів;Наїзд на пішохода;Порушення маневрування
п'ятниця;Франківський;Гіпсова;наїзд на велосипедиста - велосипедист рухався у попутному напрямку;порушення правил маневрування;2;49.825189;23.992357;1;0;1;0;0;2019;3;4;8;Львів;Наїзд на велосипедиста;Порушення маневрування
четвер;Шевченківський;Ожинова;наїзд на пішохода - пішохід рухався у попутному напрямку;порушення правил маневрування;2;49.866465;23.96204;1;0;1;0;0;2019;2;3;18;Львів;Наїзд на пішохода;Порушення маневрування
вівторок;Залізничний;Городоцька;наїзд на пішохода - пішохід рухався у попутному напрямку;порушення правил маневрування;2;49.827308;23.949648;1;0;1;0;0;2019;3;1;14;Львів;Наїзд на пішохода;Порушення маневрування
субота;Франківський;Городоцька;наїзд на пішохода - пішохід рухався у попутному напрямку;перевищення безпечної швидкості;2;49.835028;23.995059;1;0;1;0;0;2019;3;5;20;Львів;Наїзд на пішохода;Перевищення швидкості
п'ятниця;Сихівський;Хуторівка;наїзд на пішохода - на регульованому пішохідному переході;порушення правил маневрування;2;49.800021;24.038086;1;0;1;0;0;2019;2;4;13;Львів;Наїзд на пішохода;Порушення маневрування
четвер;Личаківський;Левицького К.;зіткнення лобове;порушення правил маневрування, недодержання дистанції;3;49.835076;24.038858;2;0;1;0;0;2019;3;3;21;Львів;Зіткнення автомобілів;Порушення маневрування
понеділок;Залізничний;Городоцька;наїзд на пішохода - пішохід рухався у попутному напрямку;порушення правил маневрування;2;49.835691;23.995566;1;0;1;0;0;2019;3;0;9;Львів;Наїзд на пішохода;Порушення маневрування
субота;Франківський;Кульпарківська;зіткнення лобове;порушення правил проїзду перехресть;4;49.801295;23.980354;1;0;2;1;0;2019;3;5;16;Львів;Зіткнення автомобілів;Порушення проїзду перехресть
вівторок;Галицький;Чорновола В., просп.;падіння пасажира;порушення правил маневрування;2;49.847001;24.025453;1;0;0;1;0;2019;2;1;19;Львів;Падіння пасажира;Порушення маневрування
середа;Шевченківський;Липинського В.;зіткнення лобове;перевищення безпечної швидкості, порушення правил маневрування;2;49.861279;24.028199;1;0;1;0;0;2019;3;2;21;Львів;Зіткнення автомобілів;Порушення маневрування
понеділок;Личаківський;Богданівська;наїзд на інші види перешкод;перевищення безпечної швидкості;3;49.845182;24.084671;0;0;3;0;0;2019;3;0;22;Львів;Наїзд на перешкоду;Перевищення швидкості
вівторок;Личаківський;Хмельницького Б.;наїзд на пішохода - пішохід рухався у попутному напрямку;порушення правил маневрування;2;49.874784;24.061539;1;0;0;1;0;2019;3;1;21;Львів;Наїзд на пішохода;Порушення маневрування
середа;Шевченківський;Величковського І.;наїзд на пішохода - пішохід рухався у попутному напрямку;перевищення безпечної швидкості, недодержання дистанції;2;49.876004;23.934735;1;1;0;0;0;2019;3;2;17;Львів;Наїзд на пішохода;Перевищення швидкості
п'ятниця;Франківський;Сахарова А., акад.;наїзд на пішохода - на регульованому пішохідному переході;порушення правил проїзду пішохідних переходів;2;49.824477;24.011714;1;0;1;0;0;2019;3;4;13;Львів;Наїзд на пішохода;Порушення проїзду переходів
четвер;Сихівський;Хуторівка;перекидання тз;порушення правил маневрування, перевищення безпечної швидкості;1;49.800104;24.034706;0;0;1;0;0;2019;4;3;20;Львів;Перекидання;Порушення маневрування
понеділок;Шевченківський;Чорновола В., просп.;наїзд на пішохода - пішохід переходив дорогу поза межами пішохідного переходу;порушення правил маневрування;3;49.867119;24.015598;2;0;1;0;0;2019;4;0;23;Львів;Наїзд на пішохода;Порушення маневрування
понеділок;Личаківський;Чернігівська;наїзд на пішохода - на регульованому пішохідному переході;порушення правил зупинки і стоянки транспортного засобу;3;49.839159;24.044995;2;0;1;0;0;2019;4;0;10;Львів;Наїзд на пішохода;Інше
понеділок;Галицький;Хмельницького Б.;наїзд на пішохода - пішохід переходив дорогу поза межами пішохідного переходу;перехід у невстановленому місці;2;49.847814;24.028527;1;0;1;0;0;2019;4;0;12;Львів;Наїзд на пішохода;Інше
середа;Франківський;Наукова;зіткнення бокове;порушення правил маневрування;2;49.803241;24.003856;1;0;1;0;0;2019;3;2;19;Львів;Зіткнення автомобілів;Порушення маневрування
неділя;Галицький;Стрийська;зіткнення лобове;невиконання вимог сигналів регулювання, перевищення безпечної швидкості;4;49.827183;24.028714;2;0;2;0;0;2019;4;6;10;Львів;Зіткнення автомобілів;Перевищення швидкості
субота;Франківський;Городоцька;наїзд на пішохода - пішохід рухався у попутному напрямку;неочікуваний вихід на проїзну частину;2;49.836145;23.999382;1;0;1;0;0;2019;4;5;8;Львів;Наїзд на пішохода;Інше
четвер;Шевченківський;Невеличка;наїзд на інші види перешкод;порушення правил маневрування;1;49.900191;23.93554;0;0;1;0;0;2019;5;3;23;Передмістя;Наїзд на перешкоду;Порушення маневрування
субота;Франківський;Володимира Великого;зіткнення лобове;недодержання дистанції;2;49.812719;23.985139;1;0;1;0;0;2019;5;5;19;Львів;Зіткнення автомобілів;Недотримання дистанції
середа;Франківський;Симоненка В.;наїзд на пішохода - на регульованому пішохідному переході;порушення правил маневрування;2;49.805664;23.986663;1;0;1;0;1;2019;4;2;8;Львів;Наїзд на пішохода;Порушення маневрування
субота;Галицький;Свободи, просп.;наїзд на пішохода - пішохід рухався у попутному напрямку;порушення правил маневрування;2;49.8444;24.02547;1;0;1;0;1;2019;4;5;1;Львів;Наїзд на пішохода;Порушення маневрування
середа;Невідомо;Стуса В.;наїзд на пішохода - на нерегульованому пішохідному переході;порушення правил маневрування;2;49.7589;24.013002;1;0;1;0;0;2019;4;2;15;Передмістя;Наїзд на пішохода;Порушення маневрування
понеділок;Галицький;Святого Теодора, пл.;зіткнення лобове;порушення правил маневрування;3;49.847001;24.025651;2;0;1;0;0;2019;5;0;19;Львів;Зіткнення автомобілів;Порушення маневрування
п'ятниця;Сихівський;Зелена;зіткнення лобове;порушення правил проїзду перехресть, порушення правил маневрування;2;49.801946;24.065573;1;0;0;1;1;2019;4;4;21;Львів;Зіткнення автомобілів;Порушення маневрування
вівторок;Франківський;Княгині Ольги;зіткнення бокове;перевищення безпечної швидкості, недодержання дистанції, керування транспортним засобом у нетверезому стані;2;49.802216;23.997563;1;0;1;0;0;2019;5;1;21;Львів;Зіткнення автомобілів;Перевищення швидкості
понеділок;Залізничний;Городоцька;зіткнення лобове;перевищення безпечної швидкості, недодержання дистанції;2;49.831824;23.975049;1;0;1;0;0;2019;5;0;15;Львів;Зіткнення автомобілів;Перевищення швидкості
середа;Галицький;Під Дубом;наїзд на пішохода - пішохід рухався у попутному напрямку;порушення правил проїзду пішохідних переходів;2;49.85046;24.025265;1;0;1;0;0;2019;5;2;7;Львів;Наїзд на пішохода;Порушення проїзду переходів
четвер;Галицький;Городоцька;падіння пасажира;порушення правил маневрування;2;49.842694;24.018103;1;0;1;0;0;2019;4;3;9;Львів;Падіння пасажира;Порушення маневрування
вівторок;Галицький;Святого Юра, пл.;наїзд на пішохода - на регульованому пішохідному переході;порушення правил маневрування;2;49.836861;24.013308;1;0;1;0;0;2019;4;1;10;Львів;Наїзд на пішохода;Порушення маневрування
четвер;Шевченківський;Чорновола В., просп.;падіння пасажира;порушення техніки безпеки пасажиром;2;49.857187;24.021161;1;0;1;0;0;2019;4;3;18;Львів;Падіння пасажира;Інше
середа;Шевченківський;Липинського В.;зіткнення бокове;невиконання вимог сигналів регулювання;2;49.863796;24.033993;1;0;1;0;0;2019;5;2;16;Львів;Зіткнення автомобілів;Інше
субота;Галицький;Стуса В.;зіткнення бокове;порушення правил маневрування;2;49.820404;24.040167;1;0;1;0;0;2019;4;5;16;Львів;Зіткнення автомобілів;Порушення маневрування
четвер;Сихівський;Вернадського В.;наїзд на пішохода - лежав на дорозі;перехід у невстановленому місці;2;49.781971;24.052752;1;0;1;0;0;2019;5;3;17;Львів;Наїзд на пішохода;Інше
субота;Сихівський;Червоної Калини, просп.;наїзд на пішохода - пішохід рухався у попутному напрямку;порушення правил маневрування;2;49.798151;24.049609;1;0;1;0;0;2019;3;5;16;Львів;Наїзд на пішохода;Порушення маневрування
вівторок;Сихівський;Сихівська;наїзд на пішохода - на регульованому пішохідному переході;порушення правил маневрування, порушення правил проїзду пішохідних переходів;2;49.796257;24.062435;1;1;0;0;0;2019;4;1;20;Львів;Наїзд на пішохода;Порушення маневрування
четвер;Личаківський;Тарасівська;зіткнення лобове;невиконання вимог сигналів регулювання;3;49.848817;24.083555;1;0;2;0;1;2019;5;3;15;Львів;Зіткнення автомобілів;Інше
четвер;Залізничний;Любінська;зіткнення бокове;невиконання вимог сигналів регулювання;4;49.824117;23.977291;0;1;3;0;0;2019;4;3;0;Львів;Зіткнення автомобілів;Інше
неділя;Залізничний;Сяйво;наїзд на пішохода - пішохід переходив дорогу поза межами пішохідного переходу;порушення правил надання безперешкодного проїзду;2;49.844265;23.978938;1;0;1;0;0;2019;4;6;22;Львів;Наїзд на пішохода;Інше
понеділок;Личаківський;Личаківська;наїзд на пішохода - пішохід рухався у попутному напрямку;порушення правил маневрування;2;49.840003;24.048976;1;1;0;0;0;2019;5;0;14;Львів;Наїзд на пішохода;Порушення маневрування
п'ятниця;Шевченківський;Шевченка Т.;наїзд на пішохода - пішохід рухався у попутному напрямку;неочікуваний вихід на проїзну частину;2;49.860989;23.967803;1;0;1;0;0;2019;4;4;20;Львів;Наїзд на пішохода;Інше
п'ятниця;Сихівський;Червоної Калини, просп.;падіння пасажира;порушення правил маневрування;2;49.796246;24.053997;1;0;1;0;0;2019;3;4;12;Львів;Падіння пасажира;Порушення маневрування
вівторок;Личаківський;Пасічна;наїзд на інші види перешкод;перевищення безпечної швидкості;1;49.830678;24.068753;0;0;1;0;0;2019;4;1;22;Львів;Наїзд на перешкоду;Перевищення швидкості
вівторок;Сихівський;Червоної Калини, просп.;зіткнення лобове;недодержання дистанції, керування транспортним засобом у нетверезому стані;4;49.794893;24.055875;2;0;2;0;0;2019;4;1;22;Львів;Зіткнення автомобілів;Недотримання дистанції
четвер;Сихівський;Стрийська;наїзд на велосипедиста - поза межами велосипедної доріжки;перевищення безпечної швидкості;2;49.774939;24.014246;0;0;2;0;0;2019;5;3;9;Львів;Наїзд на велосипедиста;Перевищення швидкості
четвер;Сихівський;Сихівська;наїзд на пішохода - на нерегульованому пішохідному переході;порушення правил проїзду пішохідних переходів;2;49.795346;24.068242;1;0;1;0;0;2019;4;3;12;Львів;Наїзд на пішохода;Порушення проїзду переходів
середа;Личаківський;Мечникова І.;наїзд на пішохода - на регульованому пішохідному переході;неочікуваний вихід на проїзну частину;2;49.837235;24.054179;1;0;1;0;1;2019;4;2;15;Львів;Наїзд на пішохода;Інше
п'ятниця;Шевченківський;Хмельницького Б.;зіткнення бокове;порушення правил маневрування;2;49.852027;24.032367;1;0;1;0;0;2019;4;4;14;Львів;Зіткнення автомобілів;Порушення маневрування