accidentDay;district;streetName;accidentType;mainAccidentCause;totalParticipantsAmount;latitude;longitude;Count_Без ушкоджень;Count_Загинув;Count_Легко травмований;Count_Тяжко травмований;Is_Intersection;Year;Month;DayOfWeek;Hour;settlement_grouped;Simple_Type;Simple_Cause
середа;Залізничний;Кульпарківська;зіткнення лобове;порушення правил маневрування;2;49.804899;23.98118;1;1;0;0;0;2019;5;2;21;Львів;Зіткнення автомобілів;Порушення маневрування
п'ятниця;Шевченківський;Чорновола В., просп.;зіткнення бокове;порушення правил маневрування;3;49.862762;24.018173;2;0;1;0;0;2019;4;4;17;Львів;Зіткнення автомобілів;Порушення маневрування
середа;Галицький;Данила Галицького, пл.;наїзд на пішохода - на регульованому пішохідному переході;порушення правил проїзду пішохідних переходів;2;49.844438;24.032164;1;0;1;0;0;2019;5;2;16;Львів;Наїзд на пішохода;Порушення проїзду переходів
понеділок;Шевченківський;Шевченка Т.;зіткнення лобове;порушення правил маневрування;4;49.868135;23.952143;3;0;1;0;0;2019;4;0;15;Львів;Зіткнення автомобілів;Порушення маневрування
субота;Шевченківський;Варшавська;наїзд на пішохода - на регульованому пішохідному переході;порушення правил маневрування;2;49.866884;24.014403;1;0;1;0;0;2019;4;5;14;Львів;Наїзд на пішохода;Порушення маневрування
середа;Шевченківський;Стрийська;зіткнення бокове;перевищення безпечної швидкості;2;49.798469;24.017326;0;0;2;0;0;2019;5;2;13;Львів;Зіткнення автомобілів;Перевищення швидкості
вівторок;Франківський;Сахарова А., акад.;зіткнення лобове;порушення правил маневрування, перевищення безпечної швидкості;2;49.8261;24.010454;1;0;1;0;0;2019;4;1;16;Львів;Зіткнення автомобілів;Порушення маневрування
четвер;Франківський;Кульпарківська;наїзд на пішохода - пішохід переходив дорогу поза межами пішохідного переходу;перехід у невстановленому місці;2;49.81797;23.987317;1;0;1;0;0;2019;5;3;17;Львів;Наїзд на пішохода;Інше
субота;Залізничний;Виговського І.;зіткнення бокове;порушення правил проїзду перехресть;2;49.820099;23.96925;1;0;1;0;0;2019;5;5;10;Львів;Зіткнення автомобілів;Порушення проїзду перехресть
вівторок;Личаківський;Личаківська;наїзд на пішохода - на нерегульованому пішохідному переході;порушення правил проїзду пішохідних переходів;2;49.83984;24.039878;1;0;1;0;0;2019;4;1;12;Львів;Наїзд на пішохода;Порушення проїзду переходів
четвер;Шевченківський;Чорновола В., просп.;наїзд на пішохода - на регульованому пішохідному переході;порушення правил проїзду пішохідних переходів;2;49.854905;24.022475;1;0;1;0;0;2019;4;3;9;Львів;Наїзд на пішохода;Порушення проїзду переходів
четвер;Шевченківський;Клепарівська;наїзд на велосипедиста - поза межами велосипедної доріжки;порушення правил маневрування;2;49.861916;23.9912;1;0;1;0;0;2019;4;3;9;Львів;Наїзд на велосипедиста;Порушення маневрування
вівторок;Залізничний;Петлюри С.;наїзд на пішохода - пішохід рухався у попутному напрямку;порушення правил проїзду пішохідних переходів;3;49.820047;23.98066;1;0;2;0;0;2019;5;1;10;Львів;Наїзд на пішохода;Порушення проїзду переходів
четвер;Шевченківський;Панча П.;наїзд на велосипедиста - велосипедист рухався у попутному напрямку;порушення правил маневрування;2;49.861455;24.011242;1;0;1;0;0;2019;5;3;17;Львів;Наїзд на велосипедиста;Порушення маневрування
вівторок;Шевченківський;Мазепи І., гетьм.;падіння пасажира;порушення правил маневрування;2;49.871351;24.036369;1;0;1;0;0;2019;4;1;11;Львів;Падіння пасажира;Порушення маневрування
понеділок;Галицький;Під Дубом;наїзд на пішохода - пішохід рухався у попутному напрямку;порушення правил маневрування;2;49.850457;24.025308;1;0;1;0;0;2019;5;0;21;Львів;Наїзд на пішохода;Порушення маневрування
вівторок;Сихівський;Червоної Калини, просп.;наїзд на пішохода - на регульованому пішохідному переході;перевищення безпечної швидкості;3;49.790006;24.058717;1;0;2;0;0;2019;4;1;18;Львів;Наїзд на пішохода;Перевищення швидкості
неділя;Шевченківський;Варшавська;зіткнення лобове;недодержання дистанції;2;49.865411;24.010824;1;0;1;0;0;2019;5;6;6;Львів;Зіткнення автомобілів;Недотримання дистанції
вівторок;Галицький;Вітовського Д.;наїзд на пішохода - на регульованому пішохідному переході;порушення правил проїзду пішохідних переходів;2;49.829761;24.025973;1;0;1;0;0;2019;4;1;15;Львів;Наїзд на пішохода;Порушення проїзду переходів
четвер;Залізничний;Городоцька;зіткнення бокове;порушення правил маневрування;2;49.829194;23.960028;1;0;1;0;0;2019;4;3;7;Львів;Зіткнення автомобілів;Порушення маневрування
середа;Франківський;Городоцька;наїзд на транспортний засіб, що стоїть - по ходу руху;перевищення безпечної швидкості, недодержання дистанції;4;49.834714;23.990208;2;0;2;0;0;2019;4;2;14;Львів;Інше;Перевищення швидкості
понеділок;Сихівський;Стрийська;зіткнення з задньою частиною тз;перевищення безпечної швидкості;3;49.786938;24.014815;2;0;1;0;0;2019;4;0;16;Львів;Зіткнення автомобілів;Перевищення швидкості
середа;Личаківський;Личаківська;наїзд на пішохода - на регульованому пішохідному переході;порушення правил проїзду пішохідних переходів;2;49.839795;24.050081;1;0;1;0;0;2019;4;2;16;Львів;Наїзд на пішохода;Порушення проїзду переходів
середа;Сихівський;Вашингтона Дж.;наїзд на пішохода - на регульованому пішохідному переході;порушення правил проїзду пішохідних переходів;2;49.816029;24.065305;1;0;1;0;0;2019;4;2;8;Львів;Наїзд на пішохода;Порушення проїзду переходів
середа;Франківський;Княгині Ольги;наїзд на транспортний засіб, що стоїть - по ходу руху;недодержання дистанції, перевищення безпечної швидкості;3;49.810725;24.000127;2;0;1;0;1;2019;4;2;4;Львів;Інше;Перевищення швидкості
п'ятниця;Залізничний;Виговського І.;наїзд на дорожний знак, бордюрний камінь;недодержання дистанції;1;49.84532;24.04562;0;0;1;0;0;2019;4;4;4;Львів;Наїзд на перешкоду;Недотримання дистанції
неділя;Шевченківський;Хмельницького Б.;зіткнення лобове;порушення правил маневрування, порушення правил проїзду перехресть;3;49.853127;24.035833;2;0;1;0;0;2019;5;6;23;Львів;Зіткнення автомобілів;Порушення маневрування
понеділок;Галицький;Стуса В.;наїзд на пішохода - пішохід рухався у попутному напрямку;перевищення безпечної швидкості;2;49.821355;24.039513;1;0;1;0;0;2019;5;0;13;Львів;Наїзд на пішохода;Перевищення швидкості
субота;Франківський;Стрийська;наїзд на пішохода - пішохід переходив дорогу поза межами пішохідного переходу;неочікуваний вихід на проїзну частину;2;49.784302;24.014037;1;0;1;0;0;2019;5;5;16;Львів;Наїзд на пішохода;Інше
неділя;Галицький;Скельна;наїзд на пішохода - на нерегульованому пішохідному переході;порушення правил маневрування;2;49.832561;24.034363;1;0;1;0;0;2019;4;6;10;Львів;Наїзд на пішохода;Порушення маневрування
п'ятниця;Сихівський;Сихівська;зіткнення лобове;порушення правил маневрування;3;49.795318;24.068111;2;0;1;0;0;2019;4;4;0;Львів;Зіткнення автомобілів;Порушення маневрування
вівторок;Сихівський;Хуторівка;наїзд на інші види перешкод;перевищення безпечної швидкості;1;49.801973;24.045999;0;0;1;0;0;2019;4;1;22;Львів;Наїзд на перешкоду;Перевищення швидкості
п'ятниця;Галицький;Міцкевича А., пл.;зіткнення бокове;порушення правил проїзду перехресть;2;49.839141;24.030345;1;0;1;0;0;2019;4;4;20;Львів;Зіткнення автомобілів;Порушення проїзду перехресть
п'ятниця;Личаківський;Богданівська;наїзд на дерево;порушення правил маневрування;1;49.841646;24.086671;0;0;1;0;0;2019;4;4;21;Львів;Наїзд на перешкоду;Порушення маневрування
середа;Шевченківський;Чорновола В., просп.;наїзд на пішохода - на регульованому пішохідному переході;порушення правил проїзду пішохідних переходів;2;49.856129;24.021821;1;0;1;0;0;2019;4;2;9;Львів;Наїзд на пішохода;Порушення проїзду переходів
неділя;Шевченківський;Грінченка Б.;наїзд на пішохода - на регульованому пішохідному переході;недодержання дистанції;2;49.871382;24.053568;1;0;1;0;0;2019;4;6;23;Львів;Наїзд на пішохода;Недотримання дистанції
середа;Сихівський;Хоткевича Г.;падіння пасажира;порушення техніки безпеки пасажиром;2;49.943669;24.376284;1;0;1;0;0;2019;4;2;13;Львів;Падіння пасажира;Інше
неділя;Залізничний;Городоцька;зіткнення з задньою частиною тз;порушення правил маневрування;4;49.827415;23.950152;2;0;2;0;0;2019;4;6;9;Львів;Зіткнення автомобілів;Порушення маневрування
п'ятниця;Сихівський;Пасічна;падіння пасажира;порушення правил маневрування;1;49.807201;24.07524;0;0;1;0;0;2019;4;4;9;Львів;Падіння пасажира;Порушення маневрування
неділя;Франківський;Наукова;зіткнення бокове;перевищення безпечної швидкості, порушення правил маневрування, недодержання дистанції;2;49.80189;24.017916;1;0;1;0;0;2019;4;6;21;Львів;Зіткнення автомобілів;Порушення маневрування
понеділок;Сихівський;Хуторівка;наїзд на пішохода - стояв на проїздній частині;порушення правил маневрування;1;49.800672;24.027808;0;0;1;0;0;2019;4;0;13;Львів;Наїзд на пішохода;Порушення маневрування
неділя;Сихівський;Луганська;наїзд на велосипедиста - велосипедист рухався у попутному напрямку;недодержання дистанції;2;49.811423;24.02309;1;0;1;0;0;2019;6;6;8;Львів;Наїзд на велосипедиста;Недотримання дистанції
вівторок;Залізничний;Петлюри С.;наїзд на пішохода - пішохід рухався у попутному напрямку;порушення правил маневрування;2;49.819421;23.981068;1;0;1;0;0;2019;5;1;16;Львів;Наїзд на пішохода;Порушення маневрування
субота;Франківський;Пастернака Я.;наїзд на пішохода - пішохід рухався у попутному напрямку;порушення правил маневрування;2;49.833097;23.999087;1;0;1;0;1;2019;6;5;10;Львів;Наїзд на пішохода;Порушення маневрування
вівторок;Залізничний;Сяйво;наїзд на пішохода - пішохід рухався у попутному напрямку;невиконання вимог сигналів регулювання;2;49.837438;23.977016;1;0;1;0;0;2019;5;1;15;Львів;Наїзд на пішохода;Інше
неділя;Шевченківський;Замарстинівська;зіткнення бокове;порушення правил проїзду перехресть;3;49.870895;24.019053;2;0;1;0;1;2019;5;6;22;Львів;Зіткнення автомобілів;Порушення проїзду перехресть
четвер;Франківський;Героїв Майдану;зіткнення лобове;порушення правил маневрування;4;49.829869;24.018388;2;0;1;1;0;2019;5;3;15;Львів;Зіткнення автомобілів;Порушення маневрування
середа;Сихівський;Бережанська;зіткнення бокове;перевищення безпечної швидкості;3;49.802749;24.048262;2;0;1;0;1;2019;5;2;18;Львів;Зіткнення автомобілів;Перевищення швидкості
неділя;Сихівський;Сихівська;падіння пасажира;порушення правил маневрування;2;49.79634;24.060273;1;0;1;0;0;2019;6;6;23;Львів;Падіння пасажира;Порушення маневрування
понеділок;Шевченківський;Хмельницького Б.;наїзд на пішохода - пішохід рухався у попутному напрямку;перехід у невстановленому місці;2;49.874622;24.059479;1;0;1;0;0;2019;6;0;21;Львів;Наїзд на пішохода;Інше
неділя;Сихівський;Стрийська;наїзд на велосипедиста - поза межами велосипедної доріжки;виїзд на смугу зустрічного руху;2;49.798511;24.017342;1;0;1;0;0;2019;5;6;17;Львів;Наїзд на велосипедиста;Інше
п'ятниця;Галицький;Франка І.;наїзд на пішохода - пішохід рухався у попутному напрямку;порушення правил проїзду пішохідних переходів;2;49.832696;24.033827;1;0;1;0;0;2019;5;4;20;Львів;Наїзд на пішохода;Порушення проїзду переходів
субота;Франківський;Стрийська;перекидання тз;перевищення безпечної швидкості;1;49.807707;24.019085;0;0;1;0;0;2019;6;5;0;Львів;Перекидання;Перевищення швидкості
четвер;Залізничний;Кульпарківська;наїзд на пішохода - пішохід рухався у попутному напрямку;порушення правил маневрування;2;49.820383;23.988299;1;0;0;1;0;2019;6;3;10;Львів;Наїзд на пішохода;Порушення маневрування
п'ятниця;Личаківський;Личаківська;наїзд на пішохода - пішохід рухався у попутному напрямку;порушення правил проїзду пішохідних переходів;2;49.839826;24.050049;1;0;1;0;0;2019;6;4;18;Львів;Наїзд на пішохода;Порушення проїзду переходів
п'ятниця;Залізничний;Петлюри С.;наїзд на пішохода - пішохід рухався у попутному напрямку;порушення правил маневрування;2;49.824087;23.977423;1;0;1;0;1;2019;5;4;18;Львів;Наїзд на пішохода;Порушення маневрування
вівторок;Сихівський;Луганська;зіткнення лобове;порушення правил маневрування;2;49.812207;24.019482;1;0;1;0;1;2019;5;1;14;Львів;Зіткнення автомобілів;Порушення маневрування
неділя;Сихівський;Стрийська;наїзд на пішохода - пішохід рухався у попутному напрямку;порушення правил маневрування;2;49.798546;24.017304;1;0;0;1;0;2019;6;6;17;Львів;Наїзд на пішохода;Порушення маневрування
понеділок;Залізничний;Кульпарківська;зіткнення лобове;невиконання вимог сигналів регулювання;4;49.806342;23.977391;2;0;2;0;0;2019;6;0;19;Львів;Зіткнення автомобілів;Інше
п'ятниця;Галицький;Франка І.;падіння пасажира;порушення правил маневрування;2;49.83029414131335;24.0323551160874;0;0;2;0;0;2019;6;4;22;Львів;Падіння пасажира;Порушення маневрування
понеділок;Сихівський;Зубрівська;наїзд на пішохода - пішохід на тротуарі чи велосипедній доріжці;порушення правил маневрування;2;49.796821;24.061153;1;0;1;0;0;2019;6;0;20;Львів;Наїзд на пішохода;Порушення маневрування
середа;Залізничний;Городоцька;зіткнення бокове;перевищення безпечної швидкості, недодержання дистанції;3;49.82654;23.945577;2;0;1;0;0;2019;6;2;12;Львів;Зіткнення автомобілів;Перевищення швидкості
понеділок;Личаківський;Тарасівська;зіткнення лобове;виїзд на смугу зустрічного руху;3;49.848852;24.085722;2;0;1;0;0;2019;6;0;17;Львів;Зіткнення автомобілів;Інше
понеділок;Сихівський;Хуторівка;зіткнення лобове;недодержання дистанції;2;49.797077;24.035011;1;0;1;0;0;2019;5;0;8;Львів;Зіткнення автомобілів;Недотримання дистанції
вівторок;Галицький;Замкнена;зіткнення лобове;перевищення безпечної швидкості;8;49.84128;24.015453;2;0;6;0;0;2019;5;1;14;Львів;Зіткнення автомобілів;Перевищення швидкості
вівторок;Залізничний;Насінна;наїзд на велосипедиста - велосипедист рухався у попутному напрямку;недодержання дистанції;2;49.82048;23.975918;1;0;1;0;0;2019;6;1;9;Львів;Наїзд на велосипедиста;Недотримання дистанції
середа;Личаківський;Франка І.;наїзд на пішохода - пішохід рухався у попутному напрямку;порушення правил маневрування;2;49.833505;24.034063;1;0;1;0;0;2019;5;2;13;Львів;Наїзд на пішохода;Порушення маневрування
вівторок;Шевченківський;Хмельницького Б.;зіткнення лобове;перевищення безпечної швидкості, недодержання дистанції;3;49.863056;24.051594;2;0;1;0;0;2019;5;1;14;Львів;Зіткнення автомобілів;Перевищення швидкості
п'ятниця;Франківський;Горбачевського І.;наїзд на пішохода - пішохід переходив дорогу поза межами пішохідного переходу;перехід у невстановленому місці;2;49.828194;24.010057;1;0;1;0;0;2019;6;4;10;Львів;Наїзд на пішохода;Інше
вівторок;Личаківський;Зелена;наїзд на велосипедиста - велосипедист рухався у попутному напрямку;порушення правил маневрування;2;49.821203;24.055445;1;0;1;0;0;2019;6;1;18;Львів;Наїзд на велосипедиста;Порушення маневрування
середа;Галицький;Підвальна;зіткнення бокове;недодержання дистанції;2;49.8421;24.035;1;0;1;0;1;2019;5;2;10;Львів;Зіткнення автомобілів;Недотримання дистанції
середа;Сихівський;Луганська;наїзд на пішохода - пішоходний перехід, тз здійснював поворот вліво (вправо);порушення правил маневрування;2;49.808261;24.040146;1;0;1;0;0;2019;5;2;14;Львів;Наїзд на пішохода;Порушення маневрування
вівторок;Галицький;Гоголя М.;наїзд на велосипедиста - велосипедист рухався у попутному напрямку;перевищення встановленої швидкості;2;49.839674;24.01872;1;0;1;0;0;2019;6;1;17;Львів;Наїзд на велосипедиста;Перевищення швидкості
четвер;Залізничний;Городоцька;наїзд на велосипедиста - велосипедист рухався у попутному напрямку;порушення правил маневрування;2;49.829384;23.9613;1;0;1;0;0;2019;6;3;18;Львів;Наїзд на велосипедиста;Порушення маневрування
середа;Залізничний;Морозенка Н.;наїзд на велосипедиста - велосипедист рухався у попутному напрямку;порушення правил маневрування;2;49.841217;24.007364;1;0;1;0;0;2019;6;2;20;Львів;Наїзд на велосипедиста;Порушення маневрування
п'ятниця;Галицький;Городоцька;наїзд на пішохода - пішохід рухався у попутному напрямку;перехід у невстановленому місці;3;49.838003;24.006549;1;0;2;0;0;2019;5;4;23;Львів;Наїзд на пішохода;Інше
середа;Франківський;Горбачевського І.;зіткнення лобове;порушення правил маневрування;2;49.829692;24.008131;1;0;1;0;0;2019;6;2;15;Львів;Зіткнення автомобілів;Порушення маневрування
середа;Залізничний;Двірцева, пл.;наїзд на пішохода - пішохід рухався у попутному напрямку;порушення правил маневрування;2;49.839477;23.994377;1;0;1;0;0;2019;6;2;9;Львів;Наїзд на пішохода;Порушення маневрування
четвер;Залізничний;Кульчицької О.;наїзд на велосипедиста - велосипедист рухався у попутному напрямку;порушення правил маневрування;2;49.818071;23.975392;1;0;1;0;0;2019;6;3;19;Львів;Наїзд на велосипедиста;Порушення маневрування
неділя;Франківський;Наукова;наїзд на пішохода - пішохід рухався у попутному напрямку;порушення правил маневрування;2;49.803549;23.996903;1;0;1;0;0;2019;6;6;16;Львів;Наїзд на пішохода;Порушення маневрування
понеділок;Шевченківський;Чорновола В., просп.;падіння пасажира;порушення правил маневрування;2;49.857367;24.021177;1;0;1;0;1;2019;6;0;8;Львів;Падіння пасажира;Порушення маневрування
понеділок;Шевченківський;Хмельницького Б.;зіткнення бокове;невиконання вимог сигналів регулювання;3;49.85367;24.040264;2;0;1;0;0;2019;5;0;14;Львів;Зіткнення автомобілів;Інше
четвер;Залізничний;Блажкевич І.;зіткнення бокове;перевищення безпечної швидкості;3;49.848527;23.965795;2;0;1;0;1;2019;6;3;23;Львів;Зіткнення автомобілів;Перевищення швидкості
вівторок;Сихівський;Хуторівка;наїзд на пішохода - стояв на проїздній частині;порушення правил маневрування;2;49.799854;24.026542;1;0;1;0;0;2019;5;1;23;Львів;Наїзд на пішохода;Порушення маневрування
середа;Личаківський;Левицького К.;зіткнення лобове;перевищення безпечної швидкості;3;49.834851;24.039255;2;0;1;0;0;2019;5;2;12;Львів;Зіткнення автомобілів;Перевищення швидкості
середа;Личаківський;Хмельницького Б.;наїзд на пішохода - пішохід рухався у попутному напрямку;порушення правил маневрування;2;49.874694;24.061464;1;0;1;0;0;2019;6;2;19;Львів;Наїзд на пішохода;Порушення маневрування
понеділок;Сихівський;Скорини Ф.;наїзд на велосипедиста - велосипедист рухався у попутному напрямку;порушення правил маневрування;2;49.798753;24.024122;1;0;1;0;0;2019;6;0;20;Львів;Наїзд на велосипедиста;Порушення маневрування
четвер;Залізничний;Любінська;наїзд на пішохода - пішохід рухався у попутному напрямку;порушення правил маневрування;2;49.823567;23.976148;1;0;1;0;0;2019;5;3;0;Львів;Наїзд на пішохода;Порушення маневрування
середа;Залізничний;Сяйво;зіткнення лобове;порушення правил маневрування;2;49.841075;23.978444;1;0;1;0;0;2019;6;2;7;Львів;Зіткнення автомобілів;Порушення маневрування
п'ятниця;Залізничний;Виговського І.;зіткнення лобове;невиконання вимог сигналів регулювання;4;49.812124;23.982849;3;0;1;0;0;2019;5;4;13;Львів;Зіткнення автомобілів;Інше
середа;Залізничний;Кульпарківська;зіткнення лобове;перевищення безпечної швидкості, невиконання вимог сигналів регулювання;4;49.815253;23.984635;3;0;1;0;0;2019;6;2;23;Львів;Зіткнення автомобілів;Перевищення швидкості
середа;Шевченківський;Тичини П.;зіткнення лобове;порушення правил маневрування;3;49.86745;24.034034;2;0;1;0;0;2019;6;2;19;Львів;Зіткнення автомобілів;Порушення маневрування
п'ятниця;Залізничний;Широка;наїзд на пішохода - пішохід рухався у попутному напрямку;порушення правил маневрування;2;49.842179;23.971846;1;0;0;1;0;2019;5;4;17;Львів;Наїзд на пішохода;Порушення маневрування
п'ятниця;Личаківський;Личаківська;зіткнення лобове;порушення правил маневрування;3;49.839757;24.037651;1;0;2;0;0;2019;5;4;7;Львів;Зіткнення автомобілів;Порушення маневрування
субота;Шевченківський;Мазепи І., гетьм.;зіткнення лобове;недодержання дистанції;3;49.871842;24.03977;2;0;1;0;0;2019;5;5;18;Львів;Зіткнення автомобілів;Недотримання дистанції
понеділок;Сихівський;Мишуги О.;наїзд на велосипедиста - велосипедист рухався у попутному напрямку;порушення правил маневрування;1;49.817854;24.036048;0;0;1;0;0;2019;6;0;20;Львів;Наїзд на велосипедиста;Порушення маневрування
понеділок;Залізничний;Кульпарківська;наїзд на пішохода - пішохід рухався у попутному напрямку;порушення правил маневрування;2;49.812082;23.983305;1;0;1;0;1;2019;4;0;0;Львів;Наїзд на пішохода;Порушення маневрування
понеділок;Шевченківський;Чорновола В., просп.;падіння пасажира;порушення правил маневрування;2;49.858654;24.020587;1;0;1;0;0;2019;5;0;17;Львів;Падіння пасажира;Порушення маневрування
четвер;Шевченківський;Мазепи І., гетьм.;наїзд на пішохода - пішохід рухався у попутному напрямку;порушення правил маневрування;2;49.870915;24.034224;1;0;1;0;0;2019;5;3;9;Львів;Наїзд на пішохода;Порушення маневрування
вівторок;Галицький;Чорновола В., просп.;наїзд на пішохода - пішохід рухався у попутному напрямку;порушення правил проїзду пішохідних переходів;2;49.846133;24.025303;1;0;1;0;0;2019;5;1;0;Львів;Наїзд на пішохода;Порушення проїзду переходів
понеділок;Сихівський;Сихівська;зіткнення бокове;порушення правил проїзду перехресть, керування транспортним засобом у нетверезому стані;2;49.794577;24.064177;1;0;1;0;0;2019;5;0;23;Львів;Зіткнення автомобілів;Порушення проїзду перехресть
субота;Сихівський;Хуторівка;наїзд на пішохода - пішохід рухався у попутному напрямку;перевищення безпечної швидкості;2;49.800717;24.027159;1;0;1;0;0;2019;5;5;16;Львів;Наїзд на пішохода;Перевищення швидкості
четвер;Шевченківський;Шевченка Т.;зіткнення лобове;порушення правил маневрування;3;49.870314;23.946177;2;0;1;0;0;2019;6;3;18;Львів;Зіткнення автомобілів;Порушення маневрування
четвер;Галицький;Стуса В.;наїзд на пішохода - пішохід рухався у попутному напрямку;порушення правил маневрування;2;49.820992;24.039744;1;0;1;0;0;2019;5;3;17;Львів;Наїзд на пішохода;Порушення маневрування
понеділок;Сихівський;Зелена;зіткнення бокове;перевищення безпечної швидкості, порушення правил маневрування, керування транспортним засобом у нетверезому стані;3;49.792167;24.074317;1;0;2;0;0;2019;6;0;22;Львів;Зіткнення автомобілів;Порушення маневрування
середа;Личаківський;Пасічна;зіткнення лобове;перевищення безпечної швидкості, недодержання дистанції;2;49.817243;24.077085;0;0;2;0;0;2019;5;2;21;Львів;Зіткнення автомобілів;Перевищення швидкості
четвер;Франківський;Героїв УПА;наїзд на пішохода - пішохід рухався у попутному напрямку;перевищення безпечної швидкості, недодержання дистанції;2;49.829125;23.992462;1;0;1;0;0;2019;6;3;20;Львів;Наїзд на пішохода;Перевищення швидкості
субота;Франківський;Тролейбусна;зіткнення лобове;порушення правил маневрування, порушення правил проїзду перехресть;2;49.806388;24.007144;1;0;1;0;0;2019;6;5;19;Львів;Зіткнення автомобілів;Порушення маневрування
субота;Сихівський;Червоної Калини, просп.;зіткнення лобове;порушення правил маневрування;3;49.790252;24.058691;2;0;1;0;0;2019;6;5;9;Львів;Зіткнення автомобілів;Порушення маневрування
вівторок;Франківський;Володимира Великого;наїзд на пішохода - пішохід рухався у попутному напрямку;порушення правил маневрування;2;49.810435;23.991807;1;0;1;0;0;2019;6;1;22;Львів;Наїзд на пішохода;Порушення маневрування
вівторок;Сихівський;Стрийська;зіткнення лобове;порушення правил маневрування, порушення правил обгону;3;49.800997;24.0179;2;0;1;0;0;2019;6;1;12;Львів;Зіткнення автомобілів;Порушення маневрування
понеділок;Галицький;Князя Романа;зіткнення лобове;перевищення безпечної швидкості, порушення правил маневрування;4;49.838411;24.032561;3;0;1;0;0;2019;5;0;11;Львів;Зіткнення автомобілів;Порушення маневрування
субота;Галицький;Дорошенка П.;наїзд на пішохода - пішохід рухався у попутному напрямку;порушення правил маневрування;2;49.839817;24.026823;1;0;1;0;0;2019;6;5;17;Львів;Наїзд на пішохода;Порушення маневрування
четвер;Залізничний;Городоцька;наїзд на пішохода - пішохід рухався у попутному напрямку;перевищення безпечної швидкості;2;49.831837;23.975108;1;1;0;0;0;2019;6;3;21;Львів;Наїзд на пішохода;Перевищення швидкості
п'ятниця;Галицький;Городоцька;зіткнення бокове;порушення правил маневрування;2;49.837814;24.005968;1;0;1;0;0;2019;6;4;7;Львів;Зіткнення автомобілів;Порушення маневрування
середа;Залізничний;Виговського І.;зіткнення лобове;порушення правил маневрування;3;49.812155;23.982441;2;0;1;0;0;2019;5;2;19;Львів;Зіткнення автомобілів;Порушення маневрування
субота;Залізничний;Кульпарківська;зіткнення лобове;порушення правил маневрування;3;49.80188;23.980408;1;0;2;0;0;2019;6;5;20;Львів;Зіткнення автомобілів;Порушення маневрування
субота;Шевченківський;Липинського В.;наїзд на пішохода - пішохід рухався у попутному напрямку;неочікуваний вихід на проїзну частину;2;49.865252;24.048209;1;0;1;0;0;2019;5;5;4;Львів;Наїзд на пішохода;Інше
четвер;Сихівський;Сихівська;зіткнення лобове;порушення правил маневрування;5;49.79858;24.070852;2;0;3;0;1;2019;5;3;14;Львів;Зіткнення автомобілів;Порушення маневрування
субота;Залізничний;Городоцька;наїзд на пішохода - пішохід рухався у попутному напрямку;порушення правил маневрування;2;49.83119;23.971347;1;0;1;0;0;2019;6;5;10;Львів;Наїзд на пішохода;Порушення маневрування
понеділок;Шевченківський;Липинського В.;падіння пасажира;порушення правил маневрування;3;49.865072;24.050537;2;0;1;0;0;2019;6;0;11;Львів;Падіння пасажира;Порушення маневрування
понеділок;Личаківський;Левицького К.;наїзд на транспортний засіб, що стоїть - по ходу руху;порушення правил маневрування;2;49.83601;24.036471;1;0;1;0;0;2019;6;0;0;Львів;Інше;Порушення маневрування
четвер;Личаківський;Пасічна;наїзд на пішохода - пішохід рухався у попутному напрямку;перевищення безпечної швидкості;3;49.828142;24.070879;1;0;2;0;0;2019;6;3;21;Львів;Наїзд на пішохода;Перевищення швидкості
вівторок;Залізничний;Любінська;зіткнення лобове;порушення правил проїзду перехресть;2;49.824086;23.977253;1;0;1;0;1;2019;5;1;20;Львів;Зіткнення автомобілів;Порушення проїзду перехресть
вівторок;Сихівський;Навроцького В.;наїзд на велосипедиста - велосипедист рухався у попутному напрямку;порушення правил проїзду перехресть;2;49.809133;24.061153;1;0;1;0;1;2019;5;1;19;Львів;Наїзд на велосипедиста;Порушення проїзду перехресть
неділя;Франківський;Володимира Великого;наїзд на інші види перешкод;порушення правил маневрування;2;49.810684;23.999956;1;0;1;0;1;2019;6;6;8;Львів;Наїзд на перешкоду;Порушення маневрування
п'ятниця;Личаківський;Личаківська;наїзд на пішохода - на регульованому пішохідному переході;порушення правил маневрування;2;49.839826;24.050065;1;0;1;0;0;2019;6;4;18;Львів;Наїзд на пішохода;Порушення маневрування
вівторок;Шевченківський;Шевченка Т.;зіткнення лобове;перевищення безпечної швидкості, недодержання дистанції;3;49.853988;23.985043;2;0;1;0;0;2019;5;1;21;Львів;Зіткнення автомобілів;Перевищення швидкості
п'ятниця;Сихівський;Червоної Калини, просп.;наїзд на пішохода - стояв на проїздній частині;порушення правил маневрування;2;49.813159;24.045569;1;0;1;0;0;2019;6;4;19;Львів;Наїзд на пішохода;Порушення маневрування