accidentDay;district;streetName;accidentType;mainAccidentCause;totalParticipantsAmount;latitude;longitude;Count_Без ушкоджень;Count_Загинув;Count_Легко травмований;Count_Тяжко травмований;Is_Intersection;Year;Month;DayOfWeek;Hour;settlement_grouped;Simple_Type;Simple_Cause
четвер;Сихівський;Червоної Калини, просп.;зіткнення з задньою частиною тз;порушення правил маневрування;3;49.784742;24.059361;2;0;1;0;0;2019;6;3;21;Львів;Зіткнення автомобілів;Порушення маневрування
субота;Сихівський;Стрийська;зіткнення лобове;порушення правил проїзду перехресть;2;49.797257;24.017047;1;0;1;0;1;2019;6;5;12;Львів;Зіткнення автомобілів;Порушення проїзду перехресть
неділя;Шевченківський;Чорновола В., просп.;наїзд на пішохода - пішохід рухався у попутному напрямку;порушення правил маневрування;2;49.859926;24.019713;1;0;1;0;0;2019;6;6;15;Львів;Наїзд на пішохода;Порушення маневрування
неділя;Личаківський;Гайдучка С.;перекидання тз;порушення правил маневрування, перевищення безпечної швидкості;1;49.853577;24.078228;0;0;1;0;0;2019;6;6;17;Львів;Перекидання;Порушення маневрування
вівторок;Франківський;Княгині Ольги;наїзд на пішохода - пішохід рухався у попутному напрямку;порушення правил проїзду пішохідних переходів;2;49.811224;24.000127;1;0;1;0;0;2019;5;1;14;Львів;Наїзд на пішохода;Порушення проїзду переходів
субота;Франківський;Горської А.;наїзд на пішохода - пішохід рухався у попутному напрямку;перехід у невстановленому місці;2;49.83591;24.001227;1;1;0;0;0;2019;6;5;20;Львів;Наїзд на пішохода;Інше
неділя;Шевченківський;Винниця;зіткнення лобове;порушення правил маневрування;3;49.861728;23.991587;0;0;3;0;0;2019;7;6;12;Львів;Зіткнення автомобілів;Порушення маневрування
середа;Личаківський;Богданівська;зіткнення бокове;порушення правил маневрування;4;49.845607;24.084821;3;0;1;0;0;2019;7;2;14;Львів;Зіткнення автомобілів;Порушення маневрування
п'ятниця;Залізничний;Широка;наїзд на пішохода - пішохід рухався у попутному напрямку;порушення правил проїзду перехресть;3;49.842632;23.979244;1;0;2;0;1;2019;6;4;20;Львів;Наїзд на пішохода;Порушення проїзду перехресть
середа;Сихівський;Хуторівка;зіткнення лобове;перевищення безпечної швидкості, недодержання дистанції;3;49.800406;24.040164;2;0;1;0;0;2019;7;2;9;Львів;Зіткнення автомобілів;Перевищення швидкості
вівторок;Залізничний;Кульпарківська;наїзд на велосипедиста - велосипедист рухався у попутному напрямку;виїзд на смугу зустрічного руху;2;49.803864;23.980864;1;0;1;0;0;2019;7;1;14;Львів;Наїзд на велосипедиста;Інше
середа;Галицький;Свободи, просп.;наїзд на пішохода - пішохід рухався у попутному напрямку;порушення правил маневрування;2;49.844199;24.026488;1;0;1;0;0;2019;7;2;19;Львів;Наїзд на пішохода;Порушення маневрування
п'ятниця;Шевченківський;Шевченка Т.;зіткнення бокове;порушення правил маневрування;2;49.863869;23.961981;1;0;1;0;0;2019;7;4;19;Львів;Зіткнення автомобілів;Порушення маневрування
понеділок;Сихівський;Луганська;зіткнення лобове;перевищення безпечної швидкості, недодержання дистанції;3;49.808264;24.041058;1;0;2;0;0;2019;7;0;18;Львів;Зіткнення автомобілів;Перевищення швидкості
вівторок;Сихівський;Червоної Калини, просп.;наїзд на пішохода - пішохід рухався у попутному напрямку;порушення правил маневрування;2;49.797867;24.047087;1;0;1;0;0;2019;7;1;23;Львів;Наїзд на пішохода;Порушення маневрування
неділя;Шевченківський;Джерельна;наїзд на інші види перешкод;порушення правил маневрування;1;49.849035;24.020002;0;1;0;0;0;2019;7;6;18;Львів;Наїзд на перешкоду;Порушення маневрування
четвер;Залізничний;Садова;наїзд на пішохода - на нерегульованому пішохідному переході;порушення правил маневрування;2;49.822248;23.983583;1;0;1;0;0;2019;6;3;23;Львів;Наїзд на пішохода;Порушення маневрування
четвер;Личаківський;Богданівська;зіткнення лобове;порушення правил маневрування;2;49.841747;24.067773;1;0;1;0;0;2019;6;3;15;Львів;Зіткнення автомобілів;Порушення маневрування
четвер;Сихівський;Зелена;наїзд на пішохода - пішохід рухався у попутному напрямку;порушення правил проїзду пішохідних переходів, порушення правил маневрування;2;49.80196;24.066212;1;0;1;0;0;2019;8;3;20;Львів;Наїзд на пішохода;Порушення маневрування
п'ятниця;Франківський;Стрийська;зіткнення лобове;порушення правил маневрування;4;49.819912;24.020314;1;0;3;0;0;2019;7;4;3;Львів;Зіткнення автомобілів;Порушення маневрування
середа;Шевченківський;Хмельницького Б.;наїзд на пішохода - пішохід рухався у попутному напрямку;порушення правил маневрування;2;49.852169;24.032716;0;0;2;0;0;2019;7;2;18;Львів;Наїзд на пішохода;Порушення маневрування
вівторок;Галицький;Зелена;падіння пасажира;порушення правил маневрування;2;49.824422;24.050172;1;0;1;0;0;2019;7;1;13;Львів;Падіння пасажира;Порушення маневрування
понеділок;Сихівський;Чмоли І.;наїзд на пішохода - пішохід рухався у попутному напрямку;порушення правил проїзду пішохідних переходів;2;49.814519;24.025533;1;0;1;0;1;2019;7;0;18;Львів;Наїзд на пішохода;Порушення проїзду переходів
вівторок;Сихівський;Луганська;наїзд на пішохода - пішохід рухався у попутному напрямку;перевищення безпечної швидкості;2;49.808648;24.038451;1;0;1;0;0;2019;7;1;19;Львів;Наїзд на пішохода;Перевищення швидкості
четвер;Франківський;Городоцька;наїзд на пішохода - пішохід переходив дорогу поза межами пішохідного переходу;пішоходи невиконання вимог сигналів регулювання;3;49.834343;23.990015;2;0;1;0;0;2019;7;3;22;Львів;Наїзд на пішохода;Інше
п'ятниця;Шевченківський;О. Омеляна Ковча;зіткнення лобове;перевищення безпечної швидкості;6;49.857758;23.985295;3;0;3;0;0;2019;7;4;15;Львів;Зіткнення автомобілів;Перевищення швидкості
неділя;Франківський;Городоцька;зіткнення лобове;порушення правил маневрування;3;49.832294;23.977447;2;0;1;0;1;2019;7;6;23;Львів;Зіткнення автомобілів;Порушення маневрування
субота;Залізничний;Любінська;наїзд на пішохода - пішохід переходив дорогу поза межами пішохідного переходу;порушення правил маневрування;2;49.823162;23.974577;1;1;0;0;0;2019;8;5;21;Львів;Наїзд на пішохода;Порушення маневрування
неділя;Залізничний;Широка;зіткнення лобове;порушення правил маневрування;2;49.841732;23.965248;1;0;1;0;0;2019;7;6;15;Львів;Зіткнення автомобілів;Порушення маневрування
п'ятниця;Залізничний;Петлюри С.;наїзд на велосипедиста - велосипедист рухався у попутному напрямку;недодержання дистанції;2;49.817915;23.980998;1;0;1;0;0;2019;7;4;13;Львів;Наїзд на велосипедиста;Недотримання дистанції
четвер;Франківський;Наукова;наїзд на пішохода - пішохід рухався у попутному напрямку;порушення правил маневрування;3;49.804861;23.994607;0;0;3;0;0;2019;7;3;19;Львів;Наїзд на пішохода;Порушення маневрування
середа;Залізничний;Петлюри С.;наїзд на пішохода - на регульованому пішохідному переході;порушення правил проїзду пішохідних переходів;2;49.843739;23.874831;1;0;1;0;0;2019;6;2;7;Передмістя;Наїзд на пішохода;Порушення проїзду переходів
четвер;Залізничний;Городоцька;наїзд на пішохода - пішохід рухався у попутному напрямку;порушення правил маневрування;2;49.831204;23.971412;1;0;1;0;0;2019;7;3;13;Львів;Наїзд на пішохода;Порушення маневрування
середа;Шевченківський;Мазепи І., гетьм.;наїзд на пішохода - пішохід рухався у попутному напрямку;порушення правил маневрування;2;49.87095;24.032228;1;0;1;0;0;2019;7;2;21;Львів;Наїзд на пішохода;Порушення маневрування
понеділок;Личаківський;Зелена;наїзд на пішохода - пішохід рухався у попутному напрямку;порушення правил маневрування;2;49.834305;24.036337;1;0;1;0;0;2019;7;0;13;Львів;Наїзд на пішохода;Порушення маневрування
вівторок;Франківський;Стрийська;наїзд на велосипедиста - велосипедист рухався у попутному напрямку;порушення правил маневрування;2;49.807901;24.019064;1;0;1;0;0;2019;7;1;18;Львів;Наїзд на велосипедиста;Порушення маневрування
середа;Франківський;Горбачевського І.;зіткнення лобове;порушення правил маневрування;2;49.828169;24.010234;1;0;1;0;0;2019;7;2;15;Львів;Зіткнення автомобілів;Порушення маневрування
субота;Личаківський;Франка І.;наїзд на пішохода - пішохід рухався у попутному напрямку;порушення правил маневрування;2;49.837623;24.035055;1;0;1;0;1;2019;7;5;15;Львів;Наїзд на пішохода;Порушення маневрування
субота;Сихівський;Стрийська;зіткнення лобове;перехід у невстановленому місці;2;49.786501;24.017617;1;0;1;0;0;2019;7;5;21;Львів;Зіткнення автомобілів;Інше
вівторок;Франківський;Наукова;зіткнення лобове;невиконання вимог сигналів регулювання;5;49.804511;23.99177;2;0;3;0;0;2019;6;1;10;Львів;Зіткнення автомобілів;Інше
вівторок;Сихівський;Мирного Панаса;наїзд на велосипедиста - велосипедист рухався у попутному напрямку;недодержання дистанції;2;49.815059;24.032207;1;0;1;0;1;2019;7;1;22;Львів;Наїзд на велосипедиста;Недотримання дистанції
неділя;Залізничний;Городоцька;наїзд на велосипедиста - велосипедист рухався у попутному напрямку;недодержання дистанції;2;49.822664;23.92539;1;0;1;0;0;2019;6;6;20;Львів;Наїзд на велосипедиста;Недотримання дистанції
п'ятниця;Залізничний;Городоцька;наїзд на велосипедиста - велосипедист рухався у попутному напрямку;порушення правил маневрування;2;49.830633;23.967941;1;0;1;0;0;2019;6;4;14;Львів;Наїзд на велосипедиста;Порушення маневрування
четвер;Шевченківський;Шевченка Т.;зіткнення лобове;порушення правил обгону;2;49.8718;23.928974;1;0;1;0;0;2019;7;3;12;Львів;Зіткнення автомобілів;Інше
п'ятниця;Галицький;Коперника М.;наїзд на пішохода - пішохід переходив дорогу поза межами пішохідного переходу;перехід у невстановленому місці;2;49.838868;24.027518;1;0;1;0;0;2019;7;4;21;Львів;Наїзд на пішохода;Інше
середа;Франківський;Стрийська;наїзд на інші види перешкод;перевищення безпечної швидкості;3;49.811372;24.019525;1;0;2;0;0;2019;7;2;23;Львів;Наїзд на перешкоду;Перевищення швидкості
середа;Залізничний;Петлюри С.;наїзд на пішохода - пішохід рухався у попутному напрямку;порушення правил маневрування, порушення правил проїзду пішохідних переходів;2;49.819369;23.981105;1;0;1;0;0;2019;6;2;10;Львів;Наїзд на пішохода;Порушення маневрування
понеділок;Личаківський;Каштанова;наїзд на дерево;порушення правил маневрування;1;49.82337;24.078904;0;0;1;0;0;2019;6;0;8;Львів;Наїзд на перешкоду;Порушення маневрування
середа;Галицький;Чорновола В., просп.;наїзд на інші види перешкод;порушення правил маневрування;1;49.849101;24.025394;0;0;1;0;0;2019;6;2;8;Львів;Наїзд на перешкоду;Порушення маневрування
понеділок;Франківський;Стрийська;зіткнення лобове;перевищення безпечної швидкості, недодержання дистанції;2;49.801932;24.017916;1;0;1;0;1;2019;7;0;18;Львів;Зіткнення автомобілів;Перевищення швидкості
вівторок;Галицький;Городоцька;наїзд на пішохода - пішохід рухався у попутному напрямку;неочікуваний вихід на проїзну частину;2;49.837955;24.006425;1;0;1;0;0;2019;7;1;10;Львів;Наїзд на пішохода;Інше
п'ятниця;Залізничний;Петлюри С.;наїзд на велосипедиста - велосипедист рухався у попутному напрямку;порушення правил маневрування;2;49.816932;23.98228;1;0;1;0;0;2019;7;4;13;Львів;Наїзд на велосипедиста;Порушення маневрування
вівторок;Франківський;Наукова;зіткнення лобове;порушення правил маневрування;2;49.802669;24.003571;1;0;1;0;0;2019;7;1;13;Львів;Зіткнення автомобілів;Порушення маневрування
вівторок;Шевченківський;Чигиринська;зіткнення лобове;порушення правил маневрування, перевищення безпечної швидкості;2;49.868872;24.05287;1;0;1;0;0;2019;7;1;18;Львів;Зіткнення автомобілів;Порушення маневрування
середа;Шевченківський;Хвильового М.;наїзд на пішохода - пішохід рухався у попутному напрямку;порушення правил маневрування;2;49.86853;24.032496;1;0;1;0;0;2019;7;2;18;Львів;Наїзд на пішохода;Порушення маневрування
неділя;Залізничний;Сяйво;зіткнення лобове;перевищення безпечної швидкості, недодержання дистанції;2;49.837169;23.976915;1;0;1;0;0;2019;8;6;16;Львів;Зіткнення автомобілів;Перевищення швидкості
п'ятниця;Личаківський;Личаківська;наїзд на пішохода - пішохід рухався у попутному напрямку;порушення правил проїзду перехресть;2;49.838474;24.055198;1;0;1;0;1;2019;7;4;15;Львів;Наїзд на пішохода;Порушення проїзду перехресть
середа;Сихівський;Червоної Калини, просп.;наїзд на пішохода - пішохід рухався у попутному напрямку;порушення правил маневрування;2;49.793317;24.058637;1;0;1;0;0;2019;7;2;15;Львів;Наїзд на пішохода;Порушення маневрування
субота;Шевченківський;Промислова;зіткнення лобове;порушення правил маневрування;5;49.863276;24.044442;1;0;4;0;1;2019;7;5;20;Львів;Зіткнення автомобілів;Порушення маневрування
вівторок;Франківський;Городоцька;наїзд на велосипедиста - велосипедист рухався у попутному напрямку;порушення правил маневрування;2;49.834558;23.990041;1;0;1;0;0;2019;6;1;17;Львів;Наїзд на велосипедиста;Порушення маневрування
понеділок;Шевченківський;Шевченка Т.;зіткнення лобове;порушення правил маневрування;3;49.861891;23.965902;0;0;3;0;0;2019;7;0;13;Львів;Зіткнення автомобілів;Порушення маневрування
субота;Залізничний;Кульпарківська;зіткнення лобове;порушення правил маневрування, порушення правил проїзду перехресть;3;49.816153;23.985643;2;0;1;0;1;2019;7;5;22;Львів;Зіткнення автомобілів;Порушення маневрування
п'ятниця;Залізничний;Городоцька;наїзд на пішохода - пішохід рухався у попутному напрямку;порушення правил маневрування;2;49.834965;23.991067;1;0;1;0;0;2019;7;4;21;Львів;Наїзд на пішохода;Порушення маневрування
понеділок;Франківський;Кульпарківська;зіткнення бокове;порушення правил маневрування;4;49.814844;23.988611;2;0;2;0;1;2019;7;0;18;Львів;Зіткнення автомобілів;Порушення маневрування
понеділок;Шевченківський;Чорновола В., просп.;зіткнення лобове;порушення правил маневрування;2;49.852788;24.023463;1;0;1;0;0;2019;7;0;12;Львів;Зіткнення автомобілів;Порушення маневрування
середа;Галицький;Городоцька;наїзд на пішохода - пішохід рухався у попутному напрямку;порушення правил маневрування;2;49.837339;24.004601;1;0;1;0;0;2019;7;2;14;Львів;Наїзд на пішохода;Порушення маневрування
четвер;Сихівський;Сихівська;падіння пасажира;порушення правил проїзду зупинок громадського транспорту;2;49.795633;24.063626;1;0;1;0;0;2019;7;3;9;Львів;Падіння пасажира;Інше
субота;Залізничний;Городоцька;наїзд на інші види перешкод;порушення правил маневрування;2;49.824349;23.926147;0;1;1;0;0;2019;7;5;5;Львів;Наїзд на перешкоду;Порушення маневрування
неділя;Шевченківський;Чорновола В., просп.;зіткнення лобове;недодержання дистанції;4;49.855092;24.022374;2;0;2;0;0;2019;6;6;0;Львів;Зіткнення автомобілів;Недотримання дистанції
вівторок;Галицький;Свободи, просп.;наїзд на пішохода - пішохід рухався у попутному напрямку;порушення правил маневрування;2;49.840204;24.02813;1;1;0;0;0;2019;7;1;16;Львів;Наїзд на пішохода;Порушення маневрування
п'ятниця;Галицький;Свободи, просп.;зіткнення лобове;невиконання вимог сигналів регулювання;2;49.842162;24.026778;1;0;1;0;0;2019;7;4;16;Львів;Зіткнення автомобілів;Інше
середа;Франківський;Наукова;падіння пасажира;порушення правил маневрування;2;49.803992;23.990282;1;0;1;0;0;2019;7;2;18;Львів;Падіння пасажира;Порушення маневрування
четвер;Галицький;Дудаєва Дж.;наїзд на пішохода - пішохід рухався у попутному напрямку;порушення правил маневрування;2;49.836152;24.028977;1;0;1;0;0;2019;6;3;19;Львів;Наїзд на пішохода;Порушення маневрування
понеділок;Сихівський;Зелена;наїзд на інші види перешкод;недодержання дистанції;2;49.796776;24.072697;0;0;2;0;0;2019;7;0;20;Львів;Наїзд на перешкоду;Недотримання дистанції
вівторок;Сихівський;Простора;наїзд на велосипедиста - велосипедист рухався у попутному напрямку;порушення правил маневрування;2;49.800301;24.070584;1;0;1;0;0;2019;7;1;8;Львів;Наїзд на велосипедиста;Порушення маневрування
п'ятниця;Личаківський;Богданівська;зіткнення лобове;порушення правил маневрування;4;49.855915;24.075159;3;0;1;0;0;2019;7;4;11;Львів;Зіткнення автомобілів;Порушення маневрування
четвер;Франківський;Володимира Великого;падіння пасажира;порушення правил маневрування;2;49.806772;24.004982;1;0;1;0;0;2019;6;3;13;Львів;Падіння пасажира;Порушення маневрування
п'ятниця;Шевченківський;Шевченка Т.;зіткнення лобове;порушення правил маневрування;2;49.854293;23.986765;1;0;1;0;0;2019;8;4;15;Львів;Зіткнення автомобілів;Порушення маневрування
четвер;Галицький;Свободи, просп.;наїзд на велосипедиста - велосипедист рухався у попутному напрямку;порушення правил маневрування;2;49.840041;24.029176;1;0;1;0;0;2019;6;3;17;Львів;Наїзд на велосипедиста;Порушення маневрування
понеділок;Галицький;Франка І.;наїзд на пішохода - пішохід рухався у попутному напрямку;порушення правил маневрування;2;49.837609;24.034969;1;0;1;0;0;2019;7;0;16;Львів;Наїзд на пішохода;Порушення маневрування
четвер;Личаківський;Франка І.;наїзд на пішохода - на нерегульованому пішохідному переході;порушення правил проїзду пішохідних переходів;2;49.833917;24.034384;1;0;1;0;0;2019;7;3;7;Львів;Наїзд на пішохода;Порушення проїзду переходів
понеділок;Франківський;Володимира Великого;падіння пасажира;порушення правил маневрування;2;49.810189;24.002236;1;0;1;0;0;2019;7;0;10;Львів;Падіння пасажира;Порушення маневрування
п'ятниця;Франківський;Чмоли І.;зіткнення лобове;перевищення безпечної швидкості, недодержання дистанції;4;49.814699;24.01975;3;0;1;0;1;2019;8;4;16;Львів;Зіткнення автомобілів;Перевищення швидкості
п'ятниця;Личаківський;Хмельницького Б.;наїзд на пішохода - пішохід рухався у попутному напрямку;порушення правил маневрування;2;49.86289;24.052237;1;0;1;0;0;2019;7;4;14;Львів;Наїзд на пішохода;Порушення маневрування
субота;Франківський;Мельника А.;наїзд на пішохода - пішохід рухався у попутному напрямку;перехід у невстановленому місці;2;49.830495;24.003925;1;0;1;0;0;2019;8;5;4;Львів;Наїзд на пішохода;Інше
субота;Залізничний;Сяйво;наїзд на інші види перешкод;перевищення безпечної швидкості, недодержання дистанції;1;49.836221;23.97683;0;0;1;0;0;2019;6;5;20;Львів;Наїзд на перешкоду;Перевищення швидкості
п'ятниця;Галицький;Ангеловича А., митр.;наїзд на пішохода - пішохід рухався у попутному напрямку;порушення правил маневрування;2;49.835633;24.006693;0;0;2;0;0;2019;8;4;14;Львів;Наїзд на пішохода;Порушення маневрування
п'ятниця;Шевченківський;Миколайчука І.;падіння пасажира;порушення правил перевезення пасажирів;2;49.868696;24.04337;1;0;1;0;0;2019;9;4;10;Львів;Падіння пасажира;Інше
субота;Франківський;Антоновича В.;наїзд на пішохода - пішохід рухався у попутному напрямку;порушення правил маневрування;2;49.829668;23.997585;1;0;1;0;0;2019;8;5;17;Львів;Наїзд на пішохода;Порушення маневрування
понеділок;Личаківський;Пасічна;наїзд на пішохода - пішохід рухався у попутному напрямку;порушення правил маневрування;2;49.821719;24.075465;1;0;1;0;1;2019;8;0;18;Львів;Наїзд на пішохода;Порушення маневрування
п'ятниця;Сихівський;Зелена;наїзд на пішохода - пішохід рухався у попутному напрямку;порушення правил маневрування;3;49.801295;24.066362;1;0;1;1;0;2019;8;4;14;Львів;Наїзд на пішохода;Порушення маневрування
понеділок;Франківський;Володимира Великого;наїзд на транспортний засіб, що стоїть - по ходу руху;недодержання дистанції;2;49.811487;23.989227;1;0;1;0;1;2019;8;0;0;Львів;Інше;Недотримання дистанції
вівторок;Франківський;Княгині Ольги;наїзд на пішохода - пішохід рухався у попутному напрямку;порушення правил проїзду пішохідних переходів;2;49.808257;23.999113;1;0;1;0;0;2019;9;1;15;Львів;Наїзд на пішохода;Порушення проїзду переходів
субота;Сихівський;Червоної Калини, просп.;зіткнення лобове;порушення правил проїзду перехресть;2;49.797694;24.051239;1;0;1;0;0;2019;8;5;21;Львів;Зіткнення автомобілів;Порушення проїзду перехресть
четвер;Франківський;Тролейбусна;зіткнення лобове;перевищення безпечної швидкості, порушення правил проїзду перехресть;5;49.803123;24.00635;2;0;3;0;1;2019;9;3;20;Львів;Зіткнення автомобілів;Перевищення швидкості
субота;Сихівський;Сихівська;наїзд на пішохода - пішохід рухався у попутному напрямку;порушення правил маневрування;2;49.795131;24.067134;0;0;2;0;0;2019;8;5;16;Львів;Наїзд на пішохода;Порушення маневрування
субота;Франківський;Володимира Великого;зіткнення лобове;порушення правил проїзду перехресть;2;49.808967;24.011736;1;0;1;0;1;2019;8;5;22;Львів;Зіткнення автомобілів;Порушення проїзду перехресть
четвер;Шевченківський;Шевченка Т.;зіткнення лобове;порушення правил маневрування;2;49.871448;23.944557;1;0;1;0;0;2019;8;3;7;Львів;Зіткнення автомобілів;Порушення маневрування
вівторок;Галицький;Куліша П.;наїзд на пішохода - стояв на проїздній частині;перехід у невстановленому місці;2;49.847835;24.024224;1;0;1;0;0;2019;8;1;22;Львів;Наїзд на пішохода;Інше
вівторок;Галицький;Свободи, просп.;наїзд на пішохода - пішохід рухався у попутному напрямку;неочікуваний вихід на проїзну частину;2;49.840882;24.028618;1;0;1;0;0;2019;8;1;22;Львів;Наїзд на пішохода;Інше
субота;Залізничний;Трускавецька;зіткнення лобове;порушення правил маневрування;2;49.801239;23.980215;0;0;2;0;1;2019;8;5;17;Львів;Зіткнення автомобілів;Порушення маневрування
вівторок;Залізничний;Виговського І.;падіння вантажів;порушення правил маневрування;3;49.815807;23.973155;1;0;2;0;0;2019;8;1;13;Львів;Інше;Порушення маневрування
субота;Залізничний;Суботівська;падіння пасажира;порушення правил перевезення пасажирів;2;49.84742;23.965859;1;0;1;0;0;2019;8;5;16;Львів;Падіння пасажира;Інше
четвер;Сихівський;Зелена;зіткнення лобове;недодержання дистанції;4;49.78407;24.078088;1;0;3;0;0;2019;9;3;10;Львів;Зіткнення автомобілів;Недотримання дистанції
понеділок;Галицький;Данила Галицького, пл.;наїзд на пішохода - пішохід переходив дорогу поза межами пішохідного переходу;недодержання дистанції;3;49.844493;24.032239;0;0;3;0;0;2019;8;0;18;Львів;Наїзд на пішохода;Недотримання дистанції
понеділок;Личаківський;Вашингтона Дж.;наїзд на пішохода - пішохід рухався у попутному напрямку;порушення правил маневрування;2;49.815115;24.073078;1;0;1;0;0;2019;8;0;9;Львів;Наїзд на пішохода;Порушення маневрування
середа;Залізничний;Головацького Я.;наїзд на пішохода - пішохід рухався у попутному напрямку;порушення правил маневрування;4;49.840243;24.005065;1;0;3;0;0;2019;9;2;20;Львів;Наїзд на пішохода;Порушення маневрування
четвер;Шевченківський;Шевченка Т.;наїзд на пішохода - пішохід рухався у попутному напрямку;порушення правил маневрування;2;49.869484;23.953596;1;0;1;0;0;2019;9;3;8;Львів;Наїзд на пішохода;Порушення маневрування
середа;Галицький;Героїв Майдану;наїзд на велосипедиста - велосипедист рухався у попутному напрямку;порушення правил маневрування;2;49.828066;24.019128;1;0;1;0;1;2019;9;2;18;Львів;Наїзд на велосипедиста;Порушення маневрування
субота;Галицький;Галицька;зіткнення лобове;порушення правил проїзду перехресть;3;49.83838;24.034524;2;0;1;0;0;2019;9;5;16;Львів;Зіткнення автомобілів;Порушення проїзду перехресть
вівторок;Шевченківський;Шевченка Т.;зіткнення лобове;порушення правил маневрування;2;49.871842;23.941102;1;0;1;0;0;2019;9;1;8;Львів;Зіткнення автомобілів;Порушення маневрування
середа;Залізничний;Городоцька;зіткнення бокове;порушення правил проїзду перехресть;2;49.829069;23.959808;1;0;1;0;1;2019;8;2;11;Львів;Зіткнення автомобілів;Порушення проїзду перехресть
неділя;Личаківський;Богданівська;наїзд на інші види перешкод;порушення правил маневрування;1;49.845154;24.084864;0;0;1;0;0;2019;8;6;9;Львів;Наїзд на перешкоду;Порушення маневрування
четвер;Сихівський;Зелена;наїзд на інші види перешкод;порушення правил маневрування;1;49.806145;24.061491;0;0;1;0;0;2019;8;3;22;Львів;Наїзд на перешкоду;Порушення маневрування
субота;Франківський;Городоцька;наїзд на пішохода - пішохід рухався у попутному напрямку;перехід у невстановленому місці;3;49.83636;24.00039;1;0;2;0;0;2019;8;5;20;Львів;Наїзд на пішохода;Інше
четвер;Сихівський;Хуторівка;наїзд на інші види перешкод;порушення правил маневрування;2;49.800128;24.034556;0;0;2;0;0;2019;8;3;0;Львів;Наїзд на перешкоду;Порушення маневрування
понеділок;Франківський;Наукова;зіткнення лобове;порушення правил маневрування;2;49.803251;24.004092;1;0;1;0;0;2019;8;0;19;Львів;Зіткнення автомобілів;Порушення маневрування
середа;Шевченківський;Хмельницького Б.;наїзд на велосипедиста - велосипедист рухався у попутному напрямку;порушення правил маневрування;2;49.854185;24.043933;1;0;1;0;0;2019;9;2;17;Львів;Наїзд на велосипедиста;Порушення маневрування
вівторок;Залізничний;Шевченка Т.;зіткнення лобове;порушення правил маневрування;3;49.85579;23.980676;1;0;2;0;0;2019;8;1;14;Львів;Зіткнення автомобілів;Порушення маневрування
вівторок;Сихівський;Угорська;падіння пасажира;порушення правил маневрування;2;49.812037;24.040822;1;0;1;0;0;2019;8;1;14;Львів;Падіння пасажира;Порушення маневрування
понеділок;Сихівський;Пимоненка М.;наїзд на велосипедиста - велосипедист рухався у попутному напрямку;порушення правил маневрування;2;49.807139;24.066;1;0;1;0;1;2019;9;0;13;Львів;Наїзд на велосипедиста;Порушення маневрування
понеділок;Шевченківський;Шевченка Т.;наїзд на пішохода - пішохід рухався у попутному напрямку;порушення правил маневрування;2;49.860784;23.96867;1;0;1;0;0;2019;9;0;14;Львів;Наїзд на пішохода;Порушення маневрування
четвер;Личаківський;Личаківська;наїзд на пішохода - пішохід переходив дорогу поза межами пішохідного переходу;порушення правил маневрування;2;49.836871;24.062041;1;0;1;0;0;2019;8;3;20;Львів;Наїзд на пішохода;Порушення маневрування
неділя;Галицький;Замарстинівська;наїзд на пішохода - пішохід рухався у попутному напрямку;порушення правил маневрування;2;49.847714;24.028044;1;0;1;0;0;2019;9;6;15;Львів;Наїзд на пішохода;Порушення маневрування
середа;Личаківський;Чехова А.;зіткнення лобове;перевищення безпечної швидкості, недодержання дистанції;4;49.83929;24.042136;3;0;1;0;0;2019;8;2;10;Львів;Зіткнення автомобілів;Перевищення швидкості
субота;Залізничний;Повітряна;зіткнення лобове;порушення правил маневрування;2;49.84504;23.966589;1;1;0;0;1;2019;8;5;13;Львів;Зіткнення автомобілів;Порушення маневрування
четвер;Сихівський;Стрийська;наїзд на велосипедиста - велосипедист рухався у попутному напрямку;порушення правил маневрування;2;49.783716;24.014236;1;0;0;1;1;2019;8;3;11;Львів;Наїзд на велосипедиста;Порушення маневрування
вівторок;Залізничний;Кульпарківська;зіткнення бокове;перевищення безпечної швидкості, недодержання дистанції;3;49.811376;23.982795;2;0;1;0;0;2019;8;1;19;Львів;Зіткнення автомобілів;Перевищення швидкості
п'ятниця;Франківський;Городоцька;наїзд на пішохода - пішохід рухався у попутному напрямку;перехід у невстановленому місці;2;49.833031;23.981615;0;0;2;0;0;2019;8;4;22;Львів;Наїзд на пішохода;Інше
середа;Залізничний;Городоцька;падіння пасажира;порушення правил маневрування;2;49.835892;23.993952;1;0;1;0;0;2019;9;2;8;Львів;Падіння пасажира;Порушення маневрування
середа;Галицький;Торгова;наїзд на пішохода - пішохід рухався у попутному напрямку;перевищення безпечної швидкості;3;49.844778;24.027796;2;0;0;1;0;2019;8;2;6;Львів;Наїзд на пішохода;Перевищення швидкості
понеділок;Шевченківський;Липинського В.;зіткнення лобове;порушення правил проїзду перехресть;3;49.863523;24.033226;0;0;3;0;1;2019;8;0;7;Львів;Зіткнення автомобілів;Порушення проїзду перехресть