accidentDay;district;streetName;accidentType;mainAccidentCause;totalParticipantsAmount;latitude;longitude;Count_Без ушкоджень;Count_Загинув;Count_Легко травмований;Count_Тяжко травмований;Is_Intersection;Year;Month;DayOfWeek;Hour;settlement_grouped;Simple_Type;Simple_Cause
вівторок;Галицький;Бандери С.;наїзд на пішохода - пішохід рухався у попутному напрямку;порушення правил маневрування;2;49.834761;24.009048;1;0;1;0;0;2019;8;1;22;Львів;Наїзд на пішохода;Порушення маневрування
понеділок;Залізничний;Широка;наїзд на пішохода - пішохід рухався у попутному напрямку;перевищення безпечної швидкості;2;49.842753;23.964255;1;0;1;0;0;2019;9;0;18;Львів;Наїзд на пішохода;Перевищення швидкості
вівторок;Галицький;Чорновола В., просп.;наїзд на пішохода - пішохід рухався у попутному напрямку;порушення правил маневрування, перевищення безпечної швидкості, невиконання вимог сигналів регулювання;4;49.846576;24.025362;2;1;0;1;0;2019;8;1;20;Львів;Наїзд на пішохода;Порушення маневрування
четвер;Шевченківський;Варшавська;наїзд на пішохода - пішохід рухався у попутному напрямку;порушення правил проїзду пішохідних переходів;2;49.864201;24.006736;1;0;1;0;1;2019;9;3;7;Львів;Наїзд на пішохода;Порушення проїзду переходів
субота;Галицький;Замарстинівська;наїзд на пішохода - пішохід рухався у попутному напрямку;порушення правил маневрування;2;49.849807;24.026971;1;0;1;0;0;2019;8;5;20;Львів;Наїзд на пішохода;Порушення маневрування
середа;Галицький;Городоцька;наїзд на пішохода - пішохід рухався у попутному напрямку;порушення правил проїзду пішохідних переходів;4;49.844033;24.024718;2;0;2;0;0;2019;8;2;19;Львів;Наїзд на пішохода;Порушення проїзду переходів
вівторок;Франківський;Коновальця Є.;зіткнення лобове;порушення правил маневрування;2;49.824446;23.993347;1;0;1;0;1;2019;9;1;9;Львів;Зіткнення автомобілів;Порушення маневрування
п'ятниця;Сихівський;Червоної Калини, просп.;падіння пасажира;порушення правил маневрування;2;49.796034;24.055643;1;0;1;0;0;2019;8;4;7;Львів;Падіння пасажира;Порушення маневрування
субота;Сихівський;Стрийська;наїзд на інші види перешкод;перевищення безпечної швидкості;1;49.78159;24.020448;0;0;1;0;0;2019;9;5;20;Львів;Наїзд на перешкоду;Перевищення швидкості
п'ятниця;Сихівський;Хуторівка;наїзд на пішохода - пішохід рухався у попутному напрямку;порушення правил маневрування;2;49.799841;24.026928;1;1;0;0;0;2019;8;4;21;Львів;Наїзд на пішохода;Порушення маневрування
п'ятниця;Франківський;Володимира Великого;зіткнення лобове;порушення правил проїзду перехресть, порушення правил маневрування;3;49.811293;23.991222;2;0;1;0;1;2019;8;4;22;Львів;Зіткнення автомобілів;Порушення маневрування
п'ятниця;Галицький;Свободи, просп.;наїзд на пішохода - пішохід рухався у попутному напрямку;порушення правил маневрування;2;49.841975;24.026885;1;0;1;0;0;2019;8;4;16;Львів;Наїзд на пішохода;Порушення маневрування
субота;Залізничний;Городоцька;зіткнення лобове;недодержання дистанції;2;49.824193;23.932847;1;0;1;0;0;2019;9;5;7;Львів;Зіткнення автомобілів;Недотримання дистанції
понеділок;Личаківський;Личаківська;наїзд на пішохода - пішохід рухався у попутному напрямку;порушення правил проїзду пішохідних переходів;2;49.835968;24.071655;1;0;1;0;0;2019;9;0;16;Львів;Наїзд на пішохода;Порушення проїзду переходів
вівторок;Залізничний;Городоцька;зіткнення бокове;порушення правил обгону;4;49.839685;24.010706;2;0;2;0;0;2019;8;1;21;Львів;Зіткнення автомобілів;Інше
п'ятниця;Франківський;Героїв Майдану;наїзд на велосипедиста - велосипедист рухався у попутному напрямку;порушення правил маневрування;2;49.830633;24.018436;1;0;1;0;0;2019;8;4;14;Львів;Наїзд на велосипедиста;Порушення маневрування
вівторок;Шевченківський;Липинського В.;зіткнення лобове;виїзд на смугу зустрічного руху;4;49.86196;24.028945;2;0;2;0;1;2019;8;1;20;Львів;Зіткнення автомобілів;Інше
субота;Галицький;Винниченка В.;зіткнення бокове;порушення правил маневрування;3;49.841093;24.036573;2;0;1;0;0;2019;8;5;23;Львів;Зіткнення автомобілів;Порушення маневрування
понеділок;Франківський;Бандери С.;наїзд на пішохода - пішохід рухався у попутному напрямку;порушення правил маневрування;2;49.835208;24.005894;1;0;1;0;0;2019;8;0;12;Львів;Наїзд на пішохода;Порушення маневрування
вівторок;Личаківський;Хмельницького Б.;наїзд на пішохода - пішохід рухався у попутному напрямку;порушення правил маневрування;2;49.874321;24.061126;1;0;1;0;0;2019;8;1;12;Львів;Наїзд на пішохода;Порушення маневрування
середа;Шевченківський;Миколайчука І.;зіткнення лобове;порушення правил маневрування;2;49.868495;24.043483;1;0;1;0;0;2019;8;2;9;Львів;Зіткнення автомобілів;Порушення маневрування
вівторок;Залізничний;Шевченка Т.;наїзд на пішохода - пішохід рухався у попутному напрямку;порушення правил маневрування;2;49.850412;23.993186;1;0;1;0;0;2019;9;1;16;Львів;Наїзд на пішохода;Порушення маневрування
вівторок;Сихівський;Червоної Калини, просп.;зіткнення бокове;перевищення безпечної швидкості;2;49.792341;24.05847;1;0;1;0;0;2019;9;1;22;Львів;Зіткнення автомобілів;Перевищення швидкості
п'ятниця;Залізничний;Виговського І.;падіння пасажира;порушення правил перевезення пасажирів;2;49.823352;23.967506;1;0;1;0;0;2019;8;4;15;Львів;Падіння пасажира;Інше
понеділок;Шевченківський;Грінченка Б.;наїзд на пішохода - пішохід рухався у попутному напрямку;порушення правил маневрування;2;49.871918;24.05382;1;0;0;1;0;2019;9;0;20;Львів;Наїзд на пішохода;Порушення маневрування
вівторок;Шевченківський;Тунельна;зіткнення лобове;недодержання дистанції;3;49.863298;24.005127;2;0;1;0;0;2019;8;1;12;Львів;Зіткнення автомобілів;Недотримання дистанції
середа;Шевченківський;Під Голоском;зіткнення лобове;порушення правил маневрування;2;49.86816;24.012412;1;0;1;0;0;2019;8;2;19;Львів;Зіткнення автомобілів;Порушення маневрування
вівторок;Шевченківський;Варшавська;наїзд на пішохода - пішохід рухався у попутному напрямку;порушення правил проїзду пішохідних переходів;3;49.8548;24.0146;1;0;2;0;0;2019;8;1;20;Львів;Наїзд на пішохода;Порушення проїзду переходів
субота;Залізничний;Двірцева, пл.;наїзд на пішохода - пішохід рухався у попутному напрямку;перехід у невстановленому місці;2;49.839225;23.994865;1;0;1;0;0;2019;8;5;15;Львів;Наїзд на пішохода;Інше
неділя;Галицький;Франка І.;наїзд на пішохода - пішохід рухався у попутному напрямку;порушення правил проїзду перехресть;3;49.832592;24.033816;1;0;2;0;0;2019;9;6;22;Львів;Наїзд на пішохода;Порушення проїзду перехресть
понеділок;Франківський;Городоцька;наїзд на велосипедиста - велосипедист рухався у попутному напрямку;порушення правил маневрування;2;49.833177;23.982494;1;0;1;0;0;2019;8;0;23;Львів;Наїзд на велосипедиста;Порушення маневрування
вівторок;Шевченківський;Чорновола В., просп.;наїзд на пішохода - пішохід рухався у попутному напрямку;порушення правил проїзду пішохідних переходів;2;49.863699;24.017728;1;0;1;0;0;2019;9;1;21;Львів;Наїзд на пішохода;Порушення проїзду переходів
субота;Галицький;Городоцька;падіння пасажира;порушення правил маневрування;2;49.837152;24.004054;1;1;0;0;0;2019;9;5;1;Львів;Падіння пасажира;Порушення маневрування
вівторок;Галицький;Соборна, пл.;наїзд на пішохода - пішохід рухався у попутному напрямку;порушення правил маневрування;2;49.839166;24.034396;1;0;1;0;0;2019;8;1;10;Львів;Наїзд на пішохода;Порушення маневрування
середа;Галицький;Дорошенка П.;падіння пасажира;порушення правил маневрування;2;49.839069;24.02505;1;0;1;0;0;2019;8;2;10;Львів;Падіння пасажира;Порушення маневрування
середа;Шевченківський;Шевченка Т.;зіткнення лобове;перевищення безпечної швидкості, недодержання дистанції;2;49.866507;23.956359;1;0;1;0;0;2019;8;2;18;Львів;Зіткнення автомобілів;Перевищення швидкості
середа;Галицький;Руська;наїзд на пішохода - пішохід рухався у попутному напрямку;порушення правил маневрування;2;49.841802;24.03366;1;0;1;0;0;2019;8;2;9;Львів;Наїзд на пішохода;Порушення маневрування
вівторок;Залізничний;Повітряна;наїзд на велосипедиста - велосипедист рухався у попутному напрямку;порушення правил проїзду перехресть;2;49.846216;23.988605;1;0;1;0;1;2019;8;1;7;Львів;Наїзд на велосипедиста;Порушення проїзду перехресть
четвер;Шевченківський;Варшавська;наїзд на пішохода - пішохід рухався у попутному напрямку;порушення правил маневрування;2;49.865575;24.011162;1;0;1;0;0;2019;8;3;8;Львів;Наїзд на пішохода;Порушення маневрування
середа;Шевченківський;Промислова;падіння пасажира;порушення правил маневрування;2;49.85976;24.043391;1;0;1;0;0;2019;9;2;12;Львів;Падіння пасажира;Порушення маневрування
середа;Сихівський;Червоної Калини, просп.;наїзд на пішохода - пішохід рухався у попутному напрямку;неочікуваний вихід на проїзну частину;2;49.801503;24.0464;1;0;0;1;0;2019;9;2;9;Львів;Наїзд на пішохода;Інше
понеділок;Франківський;Стрийська;зіткнення бокове;порушення правил користування освітлювальними приладами;4;49.80199173088258;24.01765948392449;2;0;2;0;1;2019;10;0;14;Львів;Зіткнення автомобілів;Інше
вівторок;Сихівський;Зелена;зіткнення бокове;перевищення безпечної швидкості, недодержання дистанції;4;49.810957;24.061067;3;0;1;0;0;2019;10;1;15;Львів;Зіткнення автомобілів;Перевищення швидкості
неділя;Залізничний;Городоцька;зіткнення бокове;перевищення безпечної швидкості;2;49.821047;23.915541;1;0;1;0;0;2019;10;6;11;Львів;Зіткнення автомобілів;Перевищення швидкості
понеділок;Залізничний;Городоцька;падіння пасажира;порушення правил маневрування;2;49.821816;23.923196;1;0;1;0;0;2019;9;0;9;Львів;Падіння пасажира;Порушення маневрування
вівторок;Франківський;Сулими І.;наїзд на велосипедиста - велосипедист рухався у попутному напрямку;порушення правил проїзду перехресть;2;49.829722;23.979621;1;0;1;0;0;2019;9;1;18;Львів;Наїзд на велосипедиста;Порушення проїзду перехресть
п'ятниця;Сихівський;Хуторівка;зіткнення бокове;порушення правил маневрування;2;49.80196;24.046304;1;0;1;0;1;2019;10;4;22;Львів;Зіткнення автомобілів;Порушення маневрування
п'ятниця;Шевченківський;Чорновола В., просп.;наїзд на пішохода - пішохід рухався у попутному напрямку;порушення правил маневрування, порушення правил проїзду пішохідних переходів;2;49.854908;24.022014;1;0;1;0;0;2019;9;4;10;Львів;Наїзд на пішохода;Порушення маневрування
вівторок;Галицький;Кривоноса М.;наїзд на велосипедиста - велосипедист рухався у попутному напрямку;порушення правил маневрування;2;49.845593;24.040537;1;0;1;0;0;2019;10;1;9;Львів;Наїзд на велосипедиста;Порушення маневрування
субота;Сихівський;Луганська;наїзд на пішохода - пішохід рухався у попутному напрямку;порушення правил маневрування;2;49.807028;24.058648;1;0;1;0;0;2019;10;5;5;Львів;Наїзд на пішохода;Порушення маневрування
субота;Личаківський;Личаківська;наїзд на пішохода - пішохід рухався у попутному напрямку;порушення правил маневрування;2;49.839937;24.049239;1;0;1;0;0;2019;10;5;9;Львів;Наїзд на пішохода;Порушення маневрування
п'ятниця;Залізничний;Городоцька;зіткнення лобове;порушення правил проїзду перехресть;2;49.832125;23.976744;1;0;1;0;0;2019;9;4;21;Львів;Зіткнення автомобілів;Порушення проїзду перехресть
четвер;Шевченківський;Нагірна;зіткнення лобове;порушення правил маневрування;2;49.877795;24.062462;1;0;1;0;0;2019;9;3;7;Львів;Зіткнення автомобілів;Порушення маневрування
четвер;Галицький;Чорновола В., просп.;зіткнення лобове;порушення правил маневрування;2;49.849824;24.025099;1;0;1;0;1;2019;10;3;22;Львів;Зіткнення автомобілів;Порушення маневрування
понеділок;Галицький;Дзиндри Є.;наїзд на велосипедиста - велосипедист рухався у попутному напрямку;перевищення безпечної швидкості;2;49.826633;24.026837;1;0;1;0;0;2019;9;0;9;Львів;Наїзд на велосипедиста;Перевищення швидкості
вівторок;Сихівський;Вашингтона Дж.;зіткнення лобове;порушення правил маневрування, невиконання вимог сигналів регулювання;3;49.813903;24.078248;2;0;1;0;1;2019;9;1;16;Львів;Зіткнення автомобілів;Порушення маневрування
середа;Шевченківський;Лінкольна А.;зіткнення лобове;порушення правил проїзду перехресть;3;49.865141;24.044352;2;0;1;0;1;2019;9;2;23;Львів;Зіткнення автомобілів;Порушення проїзду перехресть
субота;Шевченківський;Чорновола В., просп.;наїзд на пішохода - пішохід рухався у попутному напрямку;перевищення безпечної швидкості, недодержання дистанції;3;49.8659;24.0164;1;0;2;0;0;2019;9;5;19;Львів;Наїзд на пішохода;Перевищення швидкості
субота;Франківський;Княгині Ольги;зіткнення лобове;невиконання вимог сигналів регулювання;3;49.816987;24.002681;2;0;1;0;0;2019;10;5;12;Львів;Зіткнення автомобілів;Інше
субота;Сихівський;Стрийська;зіткнення бокове;порушення правил маневрування;2;49.798372;24.017315;1;0;1;0;0;2019;9;5;16;Львів;Зіткнення автомобілів;Порушення маневрування
неділя;Галицький;Куліша П.;наїзд на пішохода - пішохід рухався у попутному напрямку;перехід у невстановленому місці;2;49.84888;24.024353;1;0;1;0;0;2019;10;6;7;Львів;Наїзд на пішохода;Інше
вівторок;Залізничний;Городоцька;зіткнення лобове;порушення правил маневрування;3;49.828938;23.958827;2;0;1;0;0;2019;9;1;20;Львів;Зіткнення автомобілів;Порушення маневрування
п'ятниця;Франківський;Тролейбусна;наїзд на пішохода - на нерегульованому пішохідному переході;порушення правил маневрування;2;49.808939;24.007616;1;0;1;0;0;2019;9;4;8;Львів;Наїзд на пішохода;Порушення маневрування
субота;Шевченківський;Липинського В.;падіння пасажира;порушення правил перевезення пасажирів;2;49.862942;24.031498;1;0;1;0;0;2019;9;5;17;Львів;Падіння пасажира;Інше
субота;Шевченківський;Хмельницького Б.;зіткнення лобове;невиконання вимог сигналів регулювання;3;49.85318452530392;24.036647549002424;2;0;1;0;0;2019;10;5;10;Львів;Зіткнення автомобілів;Інше
п'ятниця;Шевченківський;Клепарівська;наїзд на пішохода - пішохід рухався у попутному напрямку;порушення правил маневрування;2;49.852581;24.012498;1;0;1;0;0;2019;10;4;15;Львів;Наїзд на пішохода;Порушення маневрування
п'ятниця;Франківський;Чупринки Т., ген.;наїзд на пішохода - пішохід рухався у попутному напрямку;порушення правил маневрування;2;49.830377;24.008163;1;0;1;0;0;2019;10;4;14;Львів;Наїзд на пішохода;Порушення маневрування
субота;Франківський;Володимира Великого;зіткнення бокове;порушення правил проїзду перехресть;2;49.809749;24.002236;1;0;1;0;0;2019;9;5;13;Львів;Зіткнення автомобілів;Порушення проїзду перехресть
четвер;Галицький;Митрополита Андрея;зіткнення лобове;порушення правил маневрування;4;49.836609;24.010754;1;0;3;0;0;2019;10;3;19;Львів;Зіткнення автомобілів;Порушення маневрування
п'ятниця;Франківський;Кульпарківська;наїзд на пішохода - на нерегульованому пішохідному переході;порушення правил проїзду пішохідних переходів;2;49.828819;23.990199;1;0;1;0;0;2019;10;4;18;Львів;Наїзд на пішохода;Порушення проїзду переходів
п'ятниця;Сихівський;Червоної Калини, просп.;наїзд на пішохода - пішохід рухався у попутному напрямку;перевищення безпечної швидкості, порушення правил проїзду пішохідних переходів;2;49.78576;24.058353;1;0;1;0;0;2019;9;4;18;Львів;Наїзд на пішохода;Перевищення швидкості
середа;Залізничний;Широка;зіткнення лобове;порушення правил проїзду перехресть;3;49.842387;23.979752;2;0;1;0;0;2019;10;2;12;Львів;Зіткнення автомобілів;Порушення проїзду перехресть
середа;Шевченківський;Тичини П.;наїзд на пішохода - пішохід рухався у попутному напрямку;порушення правил маневрування;2;49.869622;24.033725;1;0;1;0;0;2019;10;2;20;Львів;Наїзд на пішохода;Порушення маневрування
середа;Залізничний;Кульпарківська;наїзд на пішохода - пішохід рухався у попутному напрямку;порушення правил маневрування;2;49.81937;23.987991;1;1;0;0;0;2019;10;2;21;Львів;Наїзд на пішохода;Порушення маневрування
середа;Франківський;Княгині Ольги;зіткнення бокове;порушення правил маневрування;2;49.804121;23.99709;1;0;1;0;0;2019;10;2;18;Львів;Зіткнення автомобілів;Порушення маневрування
середа;Франківський;Рубчака І.;наїзд на пішохода - пішохід рухався у попутному напрямку;порушення правил маневрування;2;49.80574;24.014965;1;0;1;0;0;2019;10;2;8;Львів;Наїзд на пішохода;Порушення маневрування
п'ятниця;Шевченківський;Хмельницького Б.;наїзд на пішохода - пішохід рухався у попутному напрямку;неочікуваний вихід на проїзну частину;2;49.863066;24.051572;1;0;1;0;0;2019;9;4;19;Львів;Наїзд на пішохода;Інше
неділя;Галицький;Під Дубом;наїзд на пішохода - пішохід рухався у попутному напрямку;невиконання вимог сигналів регулювання;2;49.850656;24.023502;1;0;0;1;0;2019;10;6;19;Львів;Наїзд на пішохода;Інше
понеділок;Франківський;Кульпарківська;зіткнення лобове;порушення правил маневрування;3;49.816468;23.986491;1;0;2;0;0;2019;10;0;11;Львів;Зіткнення автомобілів;Порушення маневрування
середа;Франківський;Наукова;зіткнення лобове;порушення правил маневрування;3;49.805038;23.986099;2;0;1;0;0;2019;9;2;23;Львів;Зіткнення автомобілів;Порушення маневрування
середа;Франківський;Стрийська;зіткнення лобове;недодержання дистанції;3;49.789435;24.015051;2;0;1;0;0;2019;9;2;18;Львів;Зіткнення автомобілів;Недотримання дистанції
субота;Шевченківський;Замарстинівська;наїзд на пішохода - пішохід рухався у попутному напрямку;порушення правил проїзду пішохідних переходів;2;49.871206;24.018474;1;0;1;0;0;2019;10;5;10;Львів;Наїзд на пішохода;Порушення проїзду переходів
середа;Залізничний;Городоцька;наїзд на пішохода - пішохід рухався у попутному напрямку;перевищення безпечної швидкості;2;49.82665;23.946177;1;1;0;0;0;2019;9;2;10;Львів;Наїзд на пішохода;Перевищення швидкості
середа;Личаківський;Богданівська;наїзд на велосипедиста - на велосипедній доріжці;порушення правил маневрування;2;49.852055;24.077396;1;0;1;0;0;2019;10;2;20;Львів;Наїзд на велосипедиста;Порушення маневрування
субота;Галицький;Стуса В.;перекидання тз;порушення правил маневрування;1;49.821802;24.039116;0;0;1;0;0;2019;9;5;15;Львів;Перекидання;Порушення маневрування
четвер;Галицький;Снопківська;наїзд на пішохода - на регульованому пішохідному переході;порушення правил маневрування;2;49.827412;24.035114;1;0;1;0;0;2019;10;3;17;Львів;Наїзд на пішохода;Порушення маневрування
середа;Личаківський;Личаківська;наїзд на пішохода - пішохід рухався у попутному напрямку;порушення правил маневрування, перевищення безпечної швидкості;2;49.835945;24.069961;1;1;0;0;0;2019;10;2;9;Львів;Наїзд на пішохода;Порушення маневрування
понеділок;Франківський;Чупринки Т., ген.;наїзд на пішохода - пішохід рухався у попутному напрямку;порушення правил маневрування;2;49.830727;24.008823;1;1;0;0;0;2019;9;0;4;Львів;Наїзд на пішохода;Порушення маневрування
четвер;Галицький;Чорновола В., просп.;наїзд на пішохода - пішохід рухався у попутному напрямку;неочікуваний вихід на проїзну частину;2;49.845375;24.025284;1;0;1;0;0;2019;10;3;6;Львів;Наїзд на пішохода;Інше
субота;Шевченківський;Шевченка Т.;зіткнення лобове;порушення правил маневрування;3;49.872404;23.9918;1;0;2;0;0;2019;10;5;15;Львів;Зіткнення автомобілів;Порушення маневрування
п'ятниця;Франківський;Княгині Ольги;зіткнення лобове;порушення правил маневрування;3;49.823758;24.007488;1;0;2;0;0;2019;10;4;19;Львів;Зіткнення автомобілів;Порушення маневрування
четвер;Галицький;Смерекова;наїзд на пішохода - пішохід рухався у попутному напрямку;порушення правил маневрування;2;49.847107;24.030117;1;0;1;0;0;2019;10;3;16;Львів;Наїзд на пішохода;Порушення маневрування
субота;Галицький;Руставелі Ш.;наїзд на пішохода - пішохід рухався у попутному напрямку;порушення правил маневрування;2;49.829523;24.03197;1;0;1;0;0;2019;10;5;17;Львів;Наїзд на пішохода;Порушення маневрування
середа;Сихівський;Липова Алея;наїзд на пішохода - пішохід рухався у попутному напрямку;порушення правил маневрування;2;49.820192;24.054163;1;0;1;0;0;2019;10;2;16;Львів;Наїзд на пішохода;Порушення маневрування
субота;Шевченківський;Липинського В.;падіння пасажира;порушення правил маневрування;2;49.865318;24.045679;1;0;1;0;0;2019;9;5;17;Львів;Падіння пасажира;Порушення маневрування
субота;Залізничний;Виговського І.;падіння пасажира;порушення правил перевезення пасажирів;2;49.825263;23.967673;1;0;1;0;0;2019;9;5;18;Львів;Падіння пасажира;Інше
середа;Франківський;Кульпарківська;зіткнення бокове;перевищення безпечної швидкості, невиконання вимог сигналів регулювання;5;49.825861;23.98989;2;0;3;0;1;2019;10;2;7;Львів;Зіткнення автомобілів;Перевищення швидкості
вівторок;Шевченківський;Грінченка Б.;наїзд на пішохода - пішохід рухався у попутному напрямку;порушення правил маневрування;2;49.870566;24.055488;1;0;1;0;0;2019;10;1;12;Львів;Наїзд на пішохода;Порушення маневрування
неділя;Шевченківський;Мазепи І., гетьм.;зіткнення бокове;порушення правил маневрування;2;49.835858;23.890581;1;0;1;0;0;2019;10;6;22;Львів;Зіткнення автомобілів;Порушення маневрування
понеділок;Сихівський;Луганська;наїзд на пішохода - пішохід рухався у попутному напрямку;порушення правил проїзду пішохідних переходів;2;49.80865;24.0508;1;0;1;0;0;2019;10;0;18;Львів;Наїзд на пішохода;Порушення проїзду переходів
неділя;Галицький;Чорновола В., просп.;наїзд на пішохода - пішохід рухався у попутному напрямку;порушення правил маневрування, порушення правил проїзду пішохідних переходів;2;49.845946;24.025281;1;0;0;1;0;2019;10;6;4;Львів;Наїзд на пішохода;Порушення маневрування
середа;Франківський;Стрийська;зіткнення бокове;порушення правил маневрування;2;49.818306;24.020158;1;0;1;0;0;2019;10;2;23;Львів;Зіткнення автомобілів;Порушення маневрування
середа;Личаківський;Личаківська;наїзд на пішохода - пішохід рухався у попутному напрямку;порушення правил проїзду пішохідних переходів, порушення правил маневрування;2;49.835965;24.069934;1;0;1;0;0;2019;10;2;9;Львів;Наїзд на пішохода;Порушення маневрування
середа;Шевченківський;Промислова;наїзд на пішохода - пішохід рухався у попутному напрямку;порушення правил маневрування;2;49.86114;24.043751;1;0;1;0;0;2019;10;2;0;Львів;Наїзд на пішохода;Порушення маневрування
п'ятниця;Залізничний;Левандівська;наїзд на пішохода - пішохід рухався у попутному напрямку;порушення правил маневрування;2;49.844922;23.985037;1;0;1;0;0;2019;9;4;20;Львів;Наїзд на пішохода;Порушення маневрування
вівторок;Сихівський;Зелена;зіткнення лобове;порушення правил маневрування, порушення правил проїзду перехресть;2;49.803694;24.063975;1;0;1;0;0;2019;9;1;10;Львів;Зіткнення автомобілів;Порушення маневрування
четвер;Сихівський;Червоної Калини, просп.;падіння пасажира;невиконання вимог сигналів регулювання, порушення правил маневрування;3;49.79617;24.054222;2;0;1;0;0;2019;9;3;12;Львів;Падіння пасажира;Порушення маневрування
неділя;Сихівський;Стрийська;зіткнення лобове;порушення правил маневрування;2;49.783758;24.014161;1;0;1;0;1;2019;9;6;16;Львів;Зіткнення автомобілів;Порушення маневрування
понеділок;Сихівський;Стрийська;наїзд на велосипедиста - велосипедист рухався у попутному напрямку;перевищення безпечної швидкості;2;49.777468;24.014171;1;0;1;0;0;2019;9;0;9;Львів;Наїзд на велосипедиста;Перевищення швидкості
понеділок;Галицький;Чорновола В., просп.;наїзд на пішохода - пішохід рухався у попутному напрямку;порушення правил маневрування;3;49.847036;24.025667;1;0;2;0;0;2019;10;0;13;Львів;Наїзд на пішохода;Порушення маневрування
субота;Франківський;Кульпарківська;зіткнення лобове;порушення правил проїзду перехресть;2;49.822902;23.98905;1;0;1;0;0;2019;9;5;22;Львів;Зіткнення автомобілів;Порушення проїзду перехресть
неділя;Залізничний;Широка;наїзд на пішохода - на нерегульованому пішохідному переході;порушення правил проїзду пішохідних переходів;2;49.842245;23.97234;1;0;1;0;0;2019;9;6;15;Львів;Наїзд на пішохода;Порушення проїзду переходів
неділя;Галицький;Свободи, просп.;падіння пасажира;порушення правил маневрування;3;49.840259;24.028092;1;0;2;0;0;2019;9;6;15;Львів;Падіння пасажира;Порушення маневрування
п'ятниця;Галицький;Волоська;наїзд на пішохода - пішохід рухався у попутному напрямку;порушення правил маневрування;2;49.828986;24.033312;1;0;1;0;0;2019;9;4;18;Львів;Наїзд на пішохода;Порушення маневрування
четвер;Залізничний;Бортнянського Д.;зіткнення лобове;порушення правил маневрування;2;49.845448;24.00009;1;0;1;0;0;2019;10;3;15;Львів;Зіткнення автомобілів;Порушення маневрування
середа;Сихівський;Навроцького В.;наїзд на пішохода - пішохід рухався у попутному напрямку;порушення правил проїзду пішохідних переходів;2;49.813307;24.050884;1;0;1;0;0;2019;10;2;13;Львів;Наїзд на пішохода;Порушення проїзду переходів
середа;Шевченківський;Мазепи І., гетьм.;наїзд на опори (леп, телефонних та телеграфних ліній, рекламоносіїв, щогли антен моб. зв'язку, тощо);перевищення безпечної швидкості, недодержання дистанції;1;49.872754;24.044894;0;0;1;0;0;2019;10;2;9;Львів;Інше;Перевищення швидкості
понеділок;Галицький;Свободи, просп.;зіткнення з задньою частиною тз;недодержання дистанції;2;49.84166;24.027062;1;0;1;0;0;2019;9;0;16;Львів;Зіткнення автомобілів;Недотримання дистанції
середа;Сихівський;Хуторівка;наїзд на пішохода - пішохід рухався у попутному напрямку;порушення правил маневрування;2;49.799881;24.026871;1;0;1;0;0;2019;10;2;14;Львів;Наїзд на пішохода;Порушення маневрування
середа;Залізничний;Любінська;наїзд на велосипедиста - велосипедист рухався у попутному напрямку;порушення правил маневрування;2;49.821068;23.970097;1;0;1;0;0;2019;10;2;20;Львів;Наїзд на велосипедиста;Порушення маневрування
субота;Личаківський;Пасічна;наїзд на пішохода - пішохід рухався у попутному напрямку;порушення правил проїзду пішохідних переходів;2;49.828046;24.071549;1;0;0;1;0;2019;11;5;13;Львів;Наїзд на пішохода;Порушення проїзду переходів
четвер;Сихівський;Рядова;наїзд на пішохода - пішохід рухався у попутному напрямку;порушення правил маневрування;2;49.804217;24.047302;1;0;1;0;0;2019;11;3;16;Львів;Наїзд на пішохода;Порушення маневрування
середа;Сихівський;Червоної Калини, просп.;зіткнення лобове;перевищення безпечної швидкості, недодержання дистанції, керування транспортним засобом у нетверезому стані;5;49.799402;23.047587;2;0;3;0;0;2019;10;2;21;Львів;Зіткнення автомобілів;Перевищення швидкості
середа;Галицький;Чорновола В., просп.;падіння пасажира;порушення правил маневрування;2;49.846247;24.025399;1;0;1;0;0;2019;11;2;20;Львів;Падіння пасажира;Порушення маневрування
п'ятниця;Сихівський;Червоної Калини, просп.;зіткнення бокове;порушення правил маневрування;3;49.800298;24.047281;1;0;2;0;0;2019;11;4;16;Львів;Зіткнення автомобілів;Порушення маневрування
п'ятниця;Шевченківський;Шевченка Т.;зіткнення лобове;перевищення безпечної швидкості, недодержання дистанції;2;49.86883;23.953532;1;0;1;0;0;2019;11;4;14;Львів;Зіткнення автомобілів;Перевищення швидкості
середа;Сихівський;Кавалерідзе І.;наїзд на пішохода - пішохід рухався у попутному напрямку;порушення правил маневрування;2;49.792474;24.065992;1;0;1;0;0;2019;10;2;15;Львів;Наїзд на пішохода;Порушення маневрування