accidentDay;district;streetName;accidentType;mainAccidentCause;totalParticipantsAmount;latitude;longitude;Count_Без ушкоджень;Count_Загинув;Count_Легко травмований;Count_Тяжко травмований;Is_Intersection;Year;Month;DayOfWeek;Hour;settlement_grouped;Simple_Type;Simple_Cause
середа;Шевченківський;Панча П.;зіткнення лобове;порушення правил маневрування;3;49.861496;24.016076;2;0;1;0;0;2019;11;2;16;Львів;Зіткнення автомобілів;Порушення маневрування
четвер;Галицький;Городоцька;зіткнення лобове;недодержання дистанції, перевищення безпечної швидкості;4;49.837681;24.005615;3;0;1;0;0;2019;10;3;7;Львів;Зіткнення автомобілів;Перевищення швидкості
субота;Личаківський;Хмельницького Б.;зіткнення бокове;порушення правил маневрування, недодержання дистанції;2;49.868332;24.056045;1;0;1;0;1;2019;11;5;15;Львів;Зіткнення автомобілів;Порушення маневрування
неділя;Шевченківський;Шевченка Т.;наїзд на пішохода - пішохід рухався у попутному напрямку;порушення правил маневрування;2;49.866864;24.050567;1;0;1;0;0;2019;10;6;15;Львів;Наїзд на пішохода;Порушення маневрування
четвер;Галицький;Коперника М.;наїзд на пішохода - пішохід рухався у попутному напрямку;перехід у невстановленому місці;2;49.834952;24.020872;1;0;1;0;0;2019;11;3;11;Львів;Наїзд на пішохода;Інше
субота;Шевченківський;Миколайчука І.;перекидання тз;порушення правил маневрування;1;49.859138;24.043343;0;0;1;0;0;2019;10;5;11;Львів;Перекидання;Порушення маневрування
четвер;Сихівський;Червоної Калини, просп.;наїзд на пішохода - пішохід рухався у попутному напрямку;порушення правил маневрування;2;49.795169;24.056277;1;1;0;0;0;2019;11;3;6;Львів;Наїзд на пішохода;Порушення маневрування
неділя;Франківський;Княгині Ольги;наїзд на пішохода - пішохід рухався у попутному напрямку;порушення правил маневрування;2;49.823564;24.007566;1;0;1;0;0;2019;10;6;14;Львів;Наїзд на пішохода;Порушення маневрування
неділя;Сихівський;Зелена;зіткнення бокове;невиконання вимог сигналів регулювання;3;49.809133;24.061174;2;0;1;0;1;2019;11;6;16;Львів;Зіткнення автомобілів;Інше
неділя;Сихівський;Скорини Ф.;зіткнення бокове;порушення правил маневрування;4;49.798662;24.024749;3;0;1;0;0;2019;11;6;15;Львів;Зіткнення автомобілів;Порушення маневрування
субота;Франківський;Стрийська;наїзд на пішохода - пішохід рухався у попутному напрямку;перехід у невстановленому місці;2;49.808205;24.019074;1;0;1;0;1;2019;11;5;22;Львів;Наїзд на пішохода;Інше
четвер;Франківський;Стрийська;падіння пасажира;порушення правил маневрування;2;49.801807;24.017916;1;0;1;0;1;2019;11;3;18;Львів;Падіння пасажира;Порушення маневрування
неділя;Сихівський;Сихівська;наїзд на пішохода - пішохід рухався у попутному напрямку;порушення правил маневрування;2;49.794021;24.063343;0;0;2;0;0;2019;11;6;22;Львів;Наїзд на пішохода;Порушення маневрування
неділя;Личаківський;Богданівська;наїзд на пішохода - пішохід рухався у попутному напрямку;перехід у невстановленому місці;2;49.849447;24.082729;1;0;0;1;0;2019;11;6;19;Львів;Наїзд на пішохода;Інше
понеділок;Франківський;Наукова;зіткнення бокове;перевищення безпечної швидкості, недодержання дистанції;3;49.804729;23.98942;2;0;1;0;0;2019;11;0;9;Львів;Зіткнення автомобілів;Перевищення швидкості
понеділок;Сихівський;Стрийська;зіткнення бокове;керування транспортним засобом у нетверезому стані, перевищення безпечної швидкості, недодержання дистанції;3;49.816015;24.019922;2;0;1;0;0;2019;11;0;9;Львів;Зіткнення автомобілів;Перевищення швидкості
субота;Личаківський;Пасічна;наїзд на пішохода - пішохід рухався у попутному напрямку;перевищення безпечної швидкості;2;49.812058;24.079059;1;1;0;0;0;2019;11;5;18;Львів;Наїзд на пішохода;Перевищення швидкості
неділя;Сихівський;Сихівська;наїзд на пішохода - пішохід рухався у попутному напрямку;порушення правил маневрування;2;49.796523;24.065015;1;0;1;0;0;2019;10;6;11;Львів;Наїзд на пішохода;Порушення маневрування
середа;Личаківський;Садова;наїзд на велосипедиста - велосипедист рухався у попутному напрямку;порушення правил проїзду перехресть;2;49.82147;23.988455;1;0;1;0;1;2019;11;2;18;Львів;Наїзд на велосипедиста;Порушення проїзду перехресть
вівторок;Личаківський;Личаківська;зіткнення лобове;порушення правил маневрування;4;49.839079;24.05279;2;0;2;0;0;2019;10;1;7;Львів;Зіткнення автомобілів;Порушення маневрування
четвер;Франківський;Володимира Великого;зіткнення лобове;недодержання дистанції;4;49.810075;24.004376;1;0;3;0;0;2019;11;3;19;Львів;Зіткнення автомобілів;Недотримання дистанції
четвер;Шевченківський;Липинського В.;наїзд на пішохода - пішохід рухався у попутному напрямку;порушення правил проїзду пішохідних переходів;2;49.855469;24.017041;1;0;1;0;0;2019;11;3;20;Львів;Наїзд на пішохода;Порушення проїзду переходів
середа;Сихівський;Хуторівка;наїзд на пішохода - пішохід рухався у попутному напрямку;порушення правил маневрування;2;49.799823;24.026515;1;0;1;0;0;2019;10;2;9;Львів;Наїзд на пішохода;Порушення маневрування
середа;Галицький;Князя Романа;наїзд на пішохода - пішохід рухався у попутному напрямку;перехід у невстановленому місці;2;49.836761;24.033612;1;0;1;0;0;2019;10;2;8;Львів;Наїзд на пішохода;Інше
неділя;Франківський;Наукова;наїзд на пішохода - пішохід рухався у попутному напрямку;перехід у невстановленому місці;2;49.803029;24.005712;1;1;0;0;0;2019;11;6;0;Львів;Наїзд на пішохода;Інше
четвер;Галицький;Волоська;наїзд на пішохода - пішохід рухався у попутному напрямку;порушення правил маневрування;2;49.828533;24.033832;1;0;1;0;0;2019;10;3;8;Львів;Наїзд на пішохода;Порушення маневрування
п'ятниця;Галицький;Франка І.;наїзд на пішохода - пішохід рухався у попутному напрямку;порушення правил маневрування;2;49.832938;24.033902;1;0;1;0;0;2019;11;4;16;Львів;Наїзд на пішохода;Порушення маневрування
вівторок;Франківський;Янева В.;зіткнення лобове;порушення правил маневрування;4;49.808995;24.011757;3;0;1;0;1;2019;10;1;16;Львів;Зіткнення автомобілів;Порушення маневрування
субота;Галицький;Коперника М.;наїзд на пішохода - пішохід рухався у попутному напрямку;перехід у невстановленому місці;2;49.832825;24.018502;1;0;1;0;0;2019;11;5;10;Львів;Наїзд на пішохода;Інше
понеділок;Галицький;Огієнка І.;зіткнення лобове;порушення правил маневрування;2;49.840951;24.019139;1;0;1;0;1;2019;10;0;14;Львів;Зіткнення автомобілів;Порушення маневрування
п'ятниця;Залізничний;Виговського І.;наїзд на пішохода - пішохід рухався у попутному напрямку;порушення правил маневрування;2;49.830087;23.968182;1;0;1;0;0;2019;11;4;19;Львів;Наїзд на пішохода;Порушення маневрування
середа;Шевченківський;Інструментальна;падіння пасажира;порушення правил маневрування;2;49.868245;24.028717;1;0;1;0;0;2019;11;2;10;Львів;Падіння пасажира;Порушення маневрування
понеділок;Сихівський;Луганська;наїзд на пішохода - пішохід рухався у попутному напрямку;порушення правил маневрування;3;49.808049;24.050735;2;1;0;0;0;2019;10;0;15;Львів;Наїзд на пішохода;Порушення маневрування
п'ятниця;Франківський;Володимира Великого;наїзд на пішохода - пішохід рухався у попутному напрямку;порушення правил маневрування;2;49.810878;23.995514;1;0;1;0;0;2019;11;4;21;Львів;Наїзд на пішохода;Порушення маневрування
п'ятниця;Личаківський;Ярошинської Є.;зіткнення лобове;порушення правил маневрування;2;49.822702;24.075079;1;0;1;0;1;2019;10;4;11;Львів;Зіткнення автомобілів;Порушення маневрування
неділя;Шевченківський;Замарстинівська;наїзд на велосипедиста - велосипедист рухався у попутному напрямку;невиконання вимог сигналів регулювання;2;49.850811;24.027219;1;0;1;0;0;2019;11;6;18;Львів;Наїзд на велосипедиста;Інше
понеділок;Галицький;Зелена;наїзд на пішохода - пішохід рухався у попутному напрямку;порушення правил проїзду пішохідних переходів;2;49.825872;24.045387;1;0;1;0;0;2019;11;0;20;Львів;Наїзд на пішохода;Порушення проїзду переходів
середа;Сихівський;Гориня М.;наїзд на пішохода - пішохід рухався у попутному напрямку;порушення правил маневрування;2;49.787471;24.052548;1;0;1;0;0;2019;11;2;16;Львів;Наїзд на пішохода;Порушення маневрування
четвер;Галицький;Волоська;наїзд на пішохода - пішохід рухався у попутному напрямку;порушення правил маневрування;2;49.829215;24.03299;1;0;1;0;0;2019;11;3;13;Львів;Наїзд на пішохода;Порушення маневрування
середа;Шевченківський;Шевська;наїзд на велосипедиста - велосипедист рухався у попутному напрямку;порушення правил маневрування;2;49.867952;23.952631;1;0;1;0;0;2019;11;2;9;Львів;Наїзд на велосипедиста;Порушення маневрування
п'ятниця;Личаківський;Пекарська;наїзд на пішохода - пішохід рухався у попутному напрямку;порушення правил маневрування;2;49.837906;24.037437;1;0;1;0;0;2019;10;4;9;Львів;Наїзд на пішохода;Порушення маневрування
середа;Сихівський;Червоної Калини, просп.;наїзд на пішохода - пішохід рухався у попутному напрямку;порушення правил проїзду пішохідних переходів;2;49.797652;24.051835;1;0;1;0;0;2019;11;2;17;Львів;Наїзд на пішохода;Порушення проїзду переходів
середа;Франківський;Кульпарківська;зіткнення бокове;порушення правил маневрування;2;49.804027;23.980977;1;0;1;0;0;2019;11;2;15;Львів;Зіткнення автомобілів;Порушення маневрування
вівторок;Шевченківський;Чорновола В., просп.;зіткнення бокове;порушення правил маневрування;3;49.863505;24.017825;1;0;2;0;0;2019;11;1;20;Львів;Зіткнення автомобілів;Порушення маневрування
четвер;Личаківський;Богданівська;наїзд на пішохода - пішохід рухався у попутному напрямку;порушення правил маневрування;2;49.848202;24.084338;1;1;0;0;0;2019;11;3;20;Львів;Наїзд на пішохода;Порушення маневрування
п'ятниця;Шевченківський;Шевченка Т.;зіткнення лобове;порушення правил маневрування;3;49.859978;23.970728;2;0;1;0;0;2019;10;4;11;Львів;Зіткнення автомобілів;Порушення маневрування
п'ятниця;Шевченківський;Замарстинівська;наїзд на пішохода - пішохід рухався у попутному напрямку;порушення правил маневрування;2;49.852598;24.027749;1;0;0;1;0;2019;10;4;15;Львів;Наїзд на пішохода;Порушення маневрування
п'ятниця;Галицький;Замарстинівська;наїзд на пішохода - пішохід рухався у попутному напрямку;пішоходи невиконання вимог сигналів регулювання;2;49.849234;24.027816;1;0;1;0;0;2019;10;4;14;Львів;Наїзд на пішохода;Інше
середа;Шевченківський;Шевченка Т.;наїзд на пішохода - пішохід рухався у попутному напрямку;недодержання дистанції;2;49.849651;23.994951;1;0;1;0;0;2019;10;2;11;Львів;Наїзд на пішохода;Недотримання дистанції
середа;Шевченківський;Хмельницького Б.;наїзд на пішохода - пішохід рухався у попутному напрямку;порушення правил маневрування;2;49.863056;24.051572;1;0;1;0;0;2019;10;2;22;Львів;Наїзд на пішохода;Порушення маневрування
субота;Личаківський;Пасічна;наїзд на пішохода - пішохід рухався у попутному напрямку;порушення правил маневрування;2;49.828043;24.07522;1;0;1;0;0;2019;11;5;20;Львів;Наїзд на пішохода;Порушення маневрування
п'ятниця;Сихівський;Хуторівка;наїзд на пішохода - пішохід рухався у попутному напрямку;порушення правил проїзду пішохідних переходів;2;49.801045;24.042838;1;0;0;1;0;2019;11;4;20;Львів;Наїзд на пішохода;Порушення проїзду переходів
понеділок;Сихівський;Червоної Калини, просп.;наїзд на інші види перешкод;перевищення безпечної швидкості, керування транспортним засобом у нетверезому стані;1;49.802435;24.046781;0;0;1;0;1;2019;10;0;23;Львів;Наїзд на перешкоду;Перевищення швидкості
п'ятниця;Сихівський;Драгана М.;наїзд на пішохода - пішохід рухався у попутному напрямку;порушення правил маневрування;2;49.784739;24.054408;1;0;1;0;0;2019;11;4;16;Львів;Наїзд на пішохода;Порушення маневрування
середа;Личаківський;Пасічна;наїзд на пішохода - пішохід рухався у попутному напрямку;порушення правил маневрування;2;49.820653;24.075766;1;0;1;0;0;2019;10;2;17;Львів;Наїзд на пішохода;Порушення маневрування
субота;Залізничний;Кульпарківська;наїзд на пішохода - пішохід рухався у попутному напрямку;порушення правил маневрування;2;49.804681;23.981121;1;0;1;0;0;2019;11;5;11;Львів;Наїзд на пішохода;Порушення маневрування
субота;Галицький;Свободи, просп.;наїзд на пішохода - пішохід рухався у попутному напрямку;порушення правил маневрування;2;49.842279;24.027754;0;0;1;1;0;2019;11;5;18;Львів;Наїзд на пішохода;Порушення маневрування
понеділок;Шевченківський;Чорновола В., просп.;падіння пасажира;порушення правил перевезення пасажирів;2;49.858654;24.020426;1;0;1;0;0;2019;10;0;18;Львів;Падіння пасажира;Інше
субота;Шевченківський;Замарстинівська;наїзд на пішохода - пішохід рухався у попутному напрямку;порушення правил проїзду пішохідних переходів;2;49.8703;24.02056;1;0;1;0;0;2019;11;5;14;Львів;Наїзд на пішохода;Порушення проїзду переходів
вівторок;Личаківський;Митна, пл.;наїзд на пішохода - пішохід рухався у попутному напрямку;порушення правил маневрування;2;49.839339;24.036326;1;0;0;1;0;2019;11;1;13;Львів;Наїзд на пішохода;Порушення маневрування
понеділок;Франківський;Кропивницького М., пл.;наїзд на пішохода - пішохід рухався у попутному напрямку;порушення правил маневрування;2;49.836446;24.004279;1;0;1;0;0;2019;11;0;7;Львів;Наїзд на пішохода;Порушення маневрування
понеділок;Шевченківський;Шевченка Т.;наїзд на велосипедиста - велосипедист рухався у попутному напрямку;порушення правил маневрування;2;49.871455;23.938485;1;1;0;0;0;2019;11;0;17;Львів;Наїзд на велосипедиста;Порушення маневрування
понеділок;Галицький;Бандери С.;наїзд на пішохода - пішохід рухався у попутному напрямку;перехід у невстановленому місці;2;49.836006;24.004585;1;0;1;0;0;2019;11;0;6;Львів;Наїзд на пішохода;Інше
понеділок;Франківський;Наукова;наїзд на пішохода - пішохід рухався у попутному напрямку;порушення правил проїзду пішохідних переходів;2;49.805089;23.995841;1;0;1;0;0;2019;10;0;13;Львів;Наїзд на пішохода;Порушення проїзду переходів
субота;Залізничний;Сяйво;наїзд на інші види перешкод;перевищення безпечної швидкості;2;49.836533;23.976867;0;0;2;0;0;2019;11;5;22;Львів;Наїзд на перешкоду;Перевищення швидкості
понеділок;Шевченківський;Чорновола В., просп.;зіткнення лобове;порушення правил маневрування;20;49.855967;24.021923;1;0;19;0;0;2019;10;0;9;Львів;Зіткнення автомобілів;Порушення маневрування
вівторок;Залізничний;Патона Є.;наїзд на пішохода - пішохід рухався у попутному напрямку;порушення правил маневрування;2;49.823511;23.961483;1;0;1;0;0;2019;11;1;15;Львів;Наїзд на пішохода;Порушення маневрування
п'ятниця;Залізничний;Сяйво;наїзд на пішохода - пішохід рухався у попутному напрямку;порушення правил користування освітлювальними приладами;2;49.836761;23.977087;1;0;1;0;0;2019;11;4;16;Львів;Наїзд на пішохода;Інше
четвер;Сихівський;Зелена;наїзд на пішохода - пішохід рухався у попутному напрямку;порушення правил маневрування;2;49.813914;24.063454;1;0;1;0;0;2019;11;3;17;Львів;Наїзд на пішохода;Порушення маневрування
четвер;Залізничний;Яворницького Д.;зіткнення лобове;порушення правил маневрування;2;49.825484;23.975805;1;0;1;0;0;2019;11;3;8;Львів;Зіткнення автомобілів;Порушення маневрування
субота;Галицький;Шпитальна;наїзд на пішохода - пішохід рухався у попутному напрямку;порушення правил маневрування;2;49.84508;24.020891;1;0;1;0;1;2019;10;5;9;Львів;Наїзд на пішохода;Порушення маневрування
понеділок;Сихівський;Хуторівка;наїзд на пішохода - пішохід рухався у попутному напрямку;порушення правил маневрування;2;49.802008;24.025592;1;1;0;0;0;2019;11;0;20;Львів;Наїзд на пішохода;Порушення маневрування
середа;Франківський;Коновальця Є.;наїзд на пішохода - пішохід рухався у попутному напрямку;порушення правил проїзду перехресть;2;49.830938;24.003646;1;0;1;0;1;2019;10;2;11;Львів;Наїзд на пішохода;Порушення проїзду перехресть
неділя;Залізничний;Левандівська;наїзд на пішохода - пішохід рухався у попутному напрямку;порушення правил маневрування;4;49.84926;23.995943;2;0;2;0;1;2019;10;6;13;Львів;Наїзд на пішохода;Порушення маневрування
неділя;Галицький;Торгова;наїзд на інші види перешкод;порушення правил маневрування;1;49.84469;24.026875;0;0;0;1;1;2019;10;6;12;Львів;Наїзд на перешкоду;Порушення маневрування
середа;Франківський;Городоцька;наїзд на пішохода - пішохід рухався у попутному напрямку;неочікуваний вихід на проїзну частину;2;49.836772;24.002665;1;0;1;0;0;2019;11;2;13;Львів;Наїзд на пішохода;Інше
п'ятниця;Личаківський;Личаківська;падіння пасажира;порушення правил перевезення пасажирів;2;49.839958;24.042093;1;0;1;0;0;2019;10;4;13;Львів;Падіння пасажира;Інше
понеділок;Франківський;Героїв УПА;наїзд на пішохода - пішохід рухався у попутному напрямку;порушення правил маневрування;2;49.828287;23.990632;1;0;1;0;0;2019;11;0;19;Львів;Наїзд на пішохода;Порушення маневрування
середа;Залізничний;Патона Є.;наїзд на пішохода - пішохід рухався у попутному напрямку;неочікуваний вихід на проїзну частину;2;49.822929;23.962781;1;0;1;0;0;2019;11;2;16;Львів;Наїзд на пішохода;Інше
неділя;Шевченківський;Чорновола В., просп.;зіткнення бокове;перевищення безпечної швидкості, недодержання дистанції, порушення правил маневрування;2;49.865414;24.016837;1;1;0;0;0;2019;11;6;18;Львів;Зіткнення автомобілів;Порушення маневрування
четвер;Галицький;Дорошенка П.;наїзд на пішохода - пішохід рухався у попутному напрямку;порушення правил маневрування;2;49.83909014581543;24.025111052506283;1;0;1;0;0;2019;11;3;15;Львів;Наїзд на пішохода;Порушення маневрування
четвер;Шевченківський;Творча;наїзд на пішохода - пішохід рухався у попутному напрямку;порушення правил маневрування;2;49.875296;24.048659;1;0;1;0;0;2019;11;3;20;Львів;Наїзд на пішохода;Порушення маневрування
понеділок;Залізничний;Широка;наїзд на пішохода - пішохід рухався у попутному напрямку;перевищення безпечної швидкості, недодержання дистанції;3;49.84194;23.968676;1;0;2;0;0;2019;10;0;18;Львів;Наїзд на пішохода;Перевищення швидкості
вівторок;Залізничний;Виговського І.;наїзд на пішохода - пішохід рухався у попутному напрямку;порушення правил проїзду пішохідних переходів;2;49.829132;23.968123;1;0;1;0;0;2019;11;1;18;Львів;Наїзд на пішохода;Порушення проїзду переходів
середа;Шевченківський;Шевченка Т.;наїзд на пішохода - пішохід рухався у попутному напрямку;порушення правил маневрування;2;49.855316;23.983122;1;0;1;0;0;2019;10;2;9;Львів;Наїзд на пішохода;Порушення маневрування
вівторок;Сихівський;Навроцького В.;наїзд на пішохода - пішохід рухався у попутному напрямку;порушення правил маневрування;2;49.811643;24.047197;1;0;1;0;0;2019;10;1;12;Львів;Наїзд на пішохода;Порушення маневрування
середа;Галицький;Орлика П.;наїзд на пішохода - пішохід рухався у попутному напрямку;порушення правил маневрування;2;49.839877;24.029312;1;0;1;0;0;2019;10;2;18;Львів;Наїзд на пішохода;Порушення маневрування
вівторок;Залізничний;Городоцька;зіткнення бокове;керування транспортним засобом у нетверезому стані, недодержання дистанції;2;49.83552;23.994834;1;0;1;0;0;2019;11;1;17;Львів;Зіткнення автомобілів;Недотримання дистанції
п'ятниця;Личаківський;Зелена;наїзд на пішохода - пішохід рухався у попутному напрямку;порушення правил маневрування;2;49.831787;24.041991;1;0;1;0;0;2019;11;4;18;Львів;Наїзд на пішохода;Порушення маневрування
четвер;Франківський;Стрийська;наїзд на пішохода - пішохід рухався у попутному напрямку;порушення правил маневрування;2;49.801918;24.017894;1;0;1;0;1;2019;11;3;9;Львів;Наїзд на пішохода;Порушення маневрування
четвер;Личаківський;Коциловського Й.;наїзд на пішохода - пішохід рухався у попутному напрямку;порушення правил маневрування;2;49.829263;24.048471;1;0;1;0;0;2019;11;3;9;Львів;Наїзд на пішохода;Порушення маневрування
понеділок;Личаківський;Хмельницького Б.;наїзд на пішохода - пішохід рухався у попутному напрямку;порушення правил маневрування;2;49.873633;24.060493;1;0;1;0;0;2019;11;0;23;Львів;Наїзд на пішохода;Порушення маневрування
субота;Личаківський;Личаківська;зіткнення лобове;перевищення безпечної швидкості;4;49.835492;24.080789;3;0;1;0;0;2019;11;5;7;Львів;Зіткнення автомобілів;Перевищення швидкості
п'ятниця;Залізничний;Щирецька;наїзд на пішохода - пішохід рухався у попутному напрямку;порушення правил маневрування;2;49.812664;23.974738;1;0;1;0;0;2019;11;4;19;Львів;Наїзд на пішохода;Порушення маневрування
п'ятниця;Сихівський;Луганська;наїзд на інші види перешкод;перевищення безпечної швидкості;1;49.807991;24.050966;0;0;1;0;0;2019;11;4;18;Львів;Наїзд на перешкоду;Перевищення швидкості
четвер;Сихівський;Стрийська;зіткнення лобове;перевищення безпечної швидкості;4;49.781579;24.020453;2;0;2;0;0;2019;12;3;15;Львів;Зіткнення автомобілів;Перевищення швидкості
неділя;Франківський;Наукова;зіткнення лобове;порушення правил маневрування;3;49.804075;23.995755;2;0;1;0;0;2019;12;6;20;Львів;Зіткнення автомобілів;Порушення маневрування
середа;Шевченківський;Шевченка Т.;наїзд на пішохода - пішохід рухався у попутному напрямку;порушення правил проїзду пішохідних переходів;2;49.862776;23.96373;1;0;1;0;0;2019;11;2;13;Львів;Наїзд на пішохода;Порушення проїзду переходів
понеділок;Залізничний;Петлюри С.;падіння пасажира;порушення правил маневрування;2;49.821816;23.979464;1;0;1;0;0;2019;12;0;15;Львів;Падіння пасажира;Порушення маневрування
субота;Сихівський;Червоної Калини, просп.;наїзд на пішохода - пішохід рухався у попутному напрямку;перехід у невстановленому місці;2;49.812837;24.045821;1;0;1;0;0;2019;12;5;18;Львів;Наїзд на пішохода;Інше
понеділок;Франківський;Княгині Ольги;наїзд на пішохода - пішохід рухався у попутному напрямку;порушення правил маневрування;3;49.823478;24.006009;1;0;2;0;0;2019;12;0;13;Львів;Наїзд на пішохода;Порушення маневрування
вівторок;Шевченківський;Миколайчука І.;наїзд на пішохода - пішохід рухався у попутному напрямку;перевищення безпечної швидкості;2;49.879423;24.035119;1;0;1;0;0;2019;12;1;17;Львів;Наїзд на пішохода;Перевищення швидкості
п'ятниця;Личаківський;Богданівська;зіткнення лобове;порушення правил маневрування;5;49.855012;24.075964;0;0;5;0;0;2019;12;4;15;Львів;Зіткнення автомобілів;Порушення маневрування
середа;Сихівський;Червоної Калини, просп.;зіткнення лобове;перевищення безпечної швидкості, недодержання дистанції;6;49.799951;24.047071;0;0;5;1;0;2019;12;2;4;Львів;Зіткнення автомобілів;Перевищення швидкості
вівторок;Личаківський;Личаківська;наїзд на пішохода - пішохід рухався у попутному напрямку;порушення правил маневрування;2;49.835879;24.071812;1;0;1;0;0;2019;12;1;21;Львів;Наїзд на пішохода;Порушення маневрування
субота;Залізничний;Любінська;наїзд на пішохода - пішохід рухався у попутному напрямку;неочікуваний вихід на проїзну частину;2;49.824641;23.976303;1;0;0;1;0;2019;12;5;22;Львів;Наїзд на пішохода;Інше
четвер;Залізничний;Городоцька;наїзд на пішохода - пішохід рухався у попутному напрямку;порушення правил маневрування;4;49.827311;23.949584;3;0;1;0;0;2019;12;3;8;Львів;Наїзд на пішохода;Порушення маневрування
четвер;Личаківський;Зелена;наїзд на пішохода - пішохід рухався у попутному напрямку;порушення правил проїзду пішохідних переходів;2;49.823802;24.052682;1;0;1;0;0;2019;11;3;19;Львів;Наїзд на пішохода;Порушення проїзду переходів
четвер;Шевченківський;Грінченка Б.;наїзд на пішохода - пішохід рухався у попутному напрямку;порушення правил маневрування;2;49.872077;24.053063;1;0;1;0;0;2019;12;3;16;Львів;Наїзд на пішохода;Порушення маневрування
середа;Сихівський;Стрийська;наїзд на пішохода - пішохід рухався у попутному напрямку;порушення правил маневрування;2;49.789904;24.016422;1;0;1;0;0;2019;12;2;22;Львів;Наїзд на пішохода;Порушення маневрування
середа;Франківський;Наукова;зіткнення лобове;порушення правил маневрування;2;49.805186;23.98663;1;0;1;0;1;2019;12;2;16;Львів;Зіткнення автомобілів;Порушення маневрування
вівторок;Шевченківський;Шевченка Т.;зіткнення лобове;порушення правил маневрування, порушення правил проїзду перехресть;3;49.873315;23.898354;2;0;1;0;0;2019;12;1;12;Передмістя;Зіткнення автомобілів;Порушення маневрування
четвер;Личаківський;Цетнерівка;зіткнення лобове;порушення правил маневрування;3;49.834675;24.060638;0;0;2;1;1;2019;12;3;9;Львів;Зіткнення автомобілів;Порушення маневрування
субота;Сихівський;Стуса В.;наїзд на транспортний засіб, що стоїть - по ходу руху;недодержання дистанції, керування транспортним засобом у нетверезому стані;3;49.822234;24.038934;2;0;1;0;0;2019;11;5;23;Львів;Інше;Недотримання дистанції
четвер;Залізничний;Кульпарківська;наїзд на пішохода - пішохід рухався у попутному напрямку;порушення правил маневрування;2;49.818683;23.987489;1;0;1;0;0;2019;12;3;7;Львів;Наїзд на пішохода;Порушення маневрування
п'ятниця;Франківський;Кульпарківська;зіткнення лобове;перевищення безпечної швидкості, недодержання дистанції;3;49.821315;23.988667;2;0;1;0;1;2019;12;4;13;Львів;Зіткнення автомобілів;Перевищення швидкості
вівторок;Галицький;Городоцька;наїзд на пішохода - пішохід рухався у попутному напрямку;перехід у невстановленому місці;2;49.840972;24.014128;1;0;1;0;0;2019;12;1;17;Львів;Наїзд на пішохода;Інше
середа;Франківський;Мельника А.;наїзд на транспортний засіб, що стоїть - по ходу руху;недодержання дистанції;2;49.83044;24.004381;1;1;0;0;0;2019;11;2;15;Львів;Інше;Недотримання дистанції
понеділок;Залізничний;Виговського І.;наїзд на пішохода - пішохід рухався у попутному напрямку;неочікуваний вихід на проїзну частину;2;49.829166;23.96808;1;0;1;0;0;2019;12;0;19;Львів;Наїзд на пішохода;Інше
середа;Залізничний;Патона Є.;наїзд на пішохода - пішохід рухався у попутному напрямку;перехід у невстановленому місці;2;49.822961;23.962335;1;0;1;0;0;2019;12;2;20;Львів;Наїзд на пішохода;Інше
п'ятниця;Сихівський;Угорська;наїзд на пішохода - пішохід рухався у попутному напрямку;порушення правил маневрування;2;49.809569;24.046417;1;0;1;0;0;2019;12;4;22;Львів;Наїзд на пішохода;Порушення маневрування
понеділок;Галицький;Під Дубом;зіткнення лобове;невиконання вимог сигналів регулювання;2;49.850516;24.021859;1;0;1;0;0;2019;12;0;22;Львів;Зіткнення автомобілів;Інше
вівторок;Франківський;Наукова;наїзд на пішохода - пішохід рухався у попутному напрямку;порушення правил проїзду пішохідних переходів;2;49.804909;23.989495;1;0;1;0;0;2019;12;1;11;Львів;Наїзд на пішохода;Порушення проїзду переходів
середа;Франківський;Стрийська;зіткнення бокове;порушення правил маневрування;5;49.818177;24.02016;3;0;2;0;0;2019;11;2;16;Львів;Зіткнення автомобілів;Порушення маневрування
п'ятниця;Шевченківський;Клепарівська;наїзд на транспортний засіб, що стоїть - по ходу руху;порушення правил маневрування;2;49.853554;24.014674;1;0;1;0;0;2019;12;4;19;Львів;Інше;Порушення маневрування
вівторок;Галицький;Замкнена;наїзд на пішохода - пішохід рухався у попутному напрямку;перевищення безпечної швидкості, порушення правил проїзду перехресть;2;49.841463;24.015394;1;0;1;0;1;2019;11;1;18;Львів;Наїзд на пішохода;Перевищення швидкості
субота;Залізничний;Кульчицької О.;наїзд на пішохода - пішохід рухався у попутному напрямку;порушення правил маневрування;2;49.81715;23.971846;1;0;1;0;1;2019;11;5;19;Львів;Наїзд на пішохода;Порушення маневрування
четвер;Залізничний;Виговського І.;наїзд на пішохода - пішохід рухався у попутному напрямку;пішоходи невиконання вимог сигналів регулювання;2;49.82068;23.968928;1;1;0;0;1;2019;12;3;23;Львів;Наїзд на пішохода;Інше