accidentDay;district;streetName;accidentType;mainAccidentCause;totalParticipantsAmount;latitude;longitude;Count_Без ушкоджень;Count_Загинув;Count_Легко травмований;Count_Тяжко травмований;Is_Intersection;Year;Month;DayOfWeek;Hour;settlement_grouped;Simple_Type;Simple_Cause
четвер;Франківський;Чупринки Т., ген.;наїзд на пішохода - пішохід рухався у попутному напрямку;перевищення безпечної швидкості, недодержання дистанції;2;49.827048;24.003571;1;0;1;0;0;2019;12;3;18;Львів;Наїзд на пішохода;Перевищення швидкості
неділя;Залізничний;Садова;наїзд на пішохода - пішохід рухався у попутному напрямку;порушення правил маневрування;2;49.822601;23.981583;1;0;1;0;0;2019;12;6;14;Львів;Наїзд на пішохода;Порушення маневрування
п'ятниця;Франківський;Антоновича В.;зіткнення лобове;перевищення безпечної швидкості, недодержання дистанції;2;49.833711;24.004703;1;0;1;0;0;2019;11;4;10;Львів;Зіткнення автомобілів;Перевищення швидкості
вівторок;Сихівський;Зелена;наїзд на пішохода - пішохід рухався у попутному напрямку;перехід у невстановленому місці;2;49.802948;24.064758;1;0;1;0;0;2019;12;1;8;Львів;Наїзд на пішохода;Інше
середа;Сихівський;Червоної Калини, просп.;наїзд на транспортний засіб, що стоїть - по ходу руху;недодержання дистанції, керування транспортним засобом у нетверезому стані;3;49.782208;24.058198;2;0;1;0;0;2019;12;2;12;Львів;Інше;Недотримання дистанції
понеділок;Галицький;Зелена;наїзд на інші види перешкод;перевищення безпечної швидкості, недодержання дистанції;1;49.828086;24.039921;0;0;1;0;0;2019;12;0;21;Львів;Наїзд на перешкоду;Перевищення швидкості
четвер;Сихівський;Червоної Калини, просп.;наїзд на пішохода - пішохід рухався у попутному напрямку;порушення правил проїзду пішохідних переходів;3;49.81319;24.045768;1;0;2;0;0;2019;11;3;17;Львів;Наїзд на пішохода;Порушення проїзду переходів
п'ятниця;Франківський;Суха;наїзд на пішохода - пішохід рухався у попутному напрямку;порушення правил маневрування;2;49.831754;23.977719;1;0;1;0;0;2019;12;4;8;Львів;Наїзд на пішохода;Порушення маневрування
субота;Залізничний;Виговського І.;наїзд на пішохода - пішохід рухався у попутному напрямку;недодержання дистанції;2;49.811962;23.983796;1;0;1;0;1;2019;12;5;7;Львів;Наїзд на пішохода;Недотримання дистанції
середа;Франківський;Городоцька;наїзд на пішохода - пішохід рухався у попутному напрямку;перехід у невстановленому місці;2;49.836785;24.002761;1;0;0;1;0;2019;12;2;17;Львів;Наїзд на пішохода;Інше
середа;Галицький;Кривоноса М.;наїзд на пішохода - пішохід рухався у попутному напрямку;порушення правил маневрування;2;49.84504;24.037457;1;0;1;0;0;2019;12;2;23;Львів;Наїзд на пішохода;Порушення маневрування
п'ятниця;Личаківський;Личаківська;наїзд на пішохода - на нерегульованому пішохідному переході;порушення правил перевезення пасажирів;2;49.840543;24.04742;1;0;1;0;0;2019;11;4;13;Львів;Наїзд на пішохода;Інше
понеділок;Невідомо;Зелена;наїзд на пішохода - пішохід рухався у попутному напрямку;перехід у невстановленому місці;2;49.782429;24.097749;1;0;1;0;0;2019;12;0;1;Передмістя;Наїзд на пішохода;Інше
неділя;Шевченківський;Липинського В.;перекидання тз;недодержання дистанції, керування транспортним засобом у нетверезому стані;2;49.858898;24.025483;1;0;1;0;0;2019;12;6;23;Львів;Перекидання;Недотримання дистанції
субота;Франківський;Володимира Великого;наїзд на пішохода - пішохід рухався у попутному напрямку;порушення правил маневрування;2;49.810805;23.995825;1;0;1;0;0;2019;12;5;13;Львів;Наїзд на пішохода;Порушення маневрування
вівторок;Галицький;Дорошенка П.;наїзд на велосипедиста - велосипедист рухався у попутному напрямку;порушення правил маневрування;2;49.839138;24.025356;1;0;1;0;0;2019;12;1;8;Львів;Наїзд на велосипедиста;Порушення маневрування
субота;Залізничний;Городоцька;зіткнення бокове;порушення правил проїзду перехресть;3;49.835476;23.992215;2;0;1;0;0;2019;11;5;14;Львів;Зіткнення автомобілів;Порушення проїзду перехресть
неділя;Франківський;Наукова;падіння пасажира;порушення правил маневрування;1;49.803417;24.004478;0;0;1;0;0;2019;12;6;21;Львів;Падіння пасажира;Порушення маневрування
четвер;Шевченківський;Хмельницького Б.;падіння пасажира;порушення правил маневрування;2;49.872469;24.058571;1;0;1;0;0;2019;12;3;22;Львів;Падіння пасажира;Порушення маневрування
четвер;Шевченківський;Грекова О., ген.;наїзд на пішохода - на регульованому пішохідному переході;порушення правил проїзду пішохідних переходів;2;49.85119;24.018769;1;0;1;0;0;2019;12;3;11;Львів;Наїзд на пішохода;Порушення проїзду переходів
вівторок;Сихівський;Стрийська;наїзд на пішохода - пішохід рухався у попутному напрямку;невиконання вимог сигналів регулювання;2;49.81588;24.021912;1;0;1;0;0;2019;12;1;7;Львів;Наїзд на пішохода;Інше
вівторок;Франківський;Княгині Ольги;наїзд на велосипедиста - велосипедист рухався у попутному напрямку;перевищення безпечної швидкості, недодержання дистанції, порушення правил маневрування;2;49.816257;24.00223;1;0;1;0;0;2019;11;1;14;Львів;Наїзд на велосипедиста;Порушення маневрування
вівторок;Шевченківський;Чорновола В., просп.;наїзд на пішохода - пішохід рухався у попутному напрямку;перехід у невстановленому місці;2;49.859401;24.018055;1;0;1;0;0;2019;12;1;8;Львів;Наїзд на пішохода;Інше
субота;Личаківський;Зелена;наїзд на пішохода - пішохід рухався у попутному напрямку;перевищення безпечної швидкості, недодержання дистанції;2;49.828244;24.045801;1;0;1;0;0;2019;12;5;18;Львів;Наїзд на пішохода;Перевищення швидкості
субота;Франківський;Бойчука М.;наїзд на пішохода - пішохід рухався у попутному напрямку;порушення правил маневрування;2;49.81264;23.988076;1;0;1;0;0;2019;12;5;14;Львів;Наїзд на пішохода;Порушення маневрування
середа;Залізничний;Патона Є.;наїзд на пішохода - пішохід рухався у попутному напрямку;порушення правил маневрування;2;49.822747;23.96498;1;0;1;0;0;2019;11;2;21;Львів;Наїзд на пішохода;Порушення маневрування
неділя;Залізничний;Кульпарківська;зіткнення бокове;порушення правил маневрування;4;49.802915;23.980322;2;0;2;0;0;2019;12;6;17;Львів;Зіткнення автомобілів;Порушення маневрування
четвер;Франківський;Любінська;наїзд на пішохода - пішохід рухався у попутному напрямку;порушення правил маневрування;2;49.827083;23.982704;1;0;1;0;1;2019;12;3;6;Львів;Наїзд на пішохода;Порушення маневрування
вівторок;Шевченківський;Гайдамацька;зіткнення лобове;порушення правил маневрування;2;49.853248;24.028382;1;0;1;0;0;2019;11;1;1;Львів;Зіткнення автомобілів;Порушення маневрування
четвер;Франківський;Княгині Ольги;наїзд на пішохода - пішохід рухався у попутному напрямку;порушення правил маневрування;2;49.807229;23.999162;1;0;1;0;0;2019;11;3;18;Львів;Наїзд на пішохода;Порушення маневрування
четвер;Шевченківський;Миколайчука І.;наїзд на пішохода - пішохід рухався у попутному напрямку;порушення правил маневрування, неочікуваний вихід на проїзну частину;2;49.818832;24.136013;1;0;1;0;0;2019;12;3;14;Львів;Наїзд на пішохода;Порушення маневрування
субота;Сихівський;Трильовського К.;наїзд на пішохода - пішохід рухався у попутному напрямку;порушення правил маневрування;2;49.784908;24.064629;1;0;1;0;0;2019;12;5;18;Львів;Наїзд на пішохода;Порушення маневрування
вівторок;Франківський;Робітнича;наїзд на пішохода - пішохід рухався у попутному напрямку;порушення правил маневрування;2;49.827436;23.990021;1;0;1;0;1;2019;12;1;11;Львів;Наїзд на пішохода;Порушення маневрування
понеділок;Галицький;Винниченка В.;наїзд на велосипедиста - велосипедист рухався у попутному напрямку;порушення правил маневрування;2;49.841238;24.036775;1;0;1;0;0;2019;12;0;12;Львів;Наїзд на велосипедиста;Порушення маневрування
середа;Залізничний;Городоцька;наїзд на пішохода - пішохід рухався у попутному напрямку;перехід у невстановленому місці;2;49.83081;23.9691;1;0;1;0;0;2019;12;2;19;Львів;Наїзд на пішохода;Інше
середа;Шевченківський;Шевченка Т.;зіткнення бокове;порушення правил маневрування;3;49.863378;23.962308;1;0;2;0;0;2019;12;2;11;Львів;Зіткнення автомобілів;Порушення маневрування
понеділок;Залізничний;Зелена;наїзд на пішохода - пішохід рухався у попутному напрямку;порушення правил проїзду пішохідних переходів;2;49.82564;24.046422;1;0;1;0;0;2019;12;0;8;Львів;Наїзд на пішохода;Порушення проїзду переходів
вівторок;Сихівський;Сихівська;зіткнення лобове;порушення правил маневрування;4;49.795578;24.066373;3;0;1;0;0;2019;12;1;9;Львів;Зіткнення автомобілів;Порушення маневрування
четвер;Залізничний;Широка;наїзд на пішохода - пішохід рухався у попутному напрямку;порушення правил проїзду пішохідних переходів;2;49.841833;23.963826;1;0;1;0;0;2019;12;3;17;Львів;Наїзд на пішохода;Порушення проїзду переходів
середа;Шевченківський;Чорновола В., просп.;наїзд на пішохода - пішохід рухався у попутному напрямку;перехід у невстановленому місці;2;49.866379;24.015539;1;0;1;0;0;2019;12;2;11;Львів;Наїзд на пішохода;Інше
четвер;Галицький;Зернова;наїзд на пішохода - пішохід рухався у попутному напрямку;порушення правил маневрування;2;49.846572;24.024385;1;1;0;0;0;2019;12;3;9;Львів;Наїзд на пішохода;Порушення маневрування
понеділок;Сихівський;Стрийська;наїзд на пішохода - пішохід рухався у попутному напрямку;перехід у невстановленому місці;2;49.80482;24.018554;1;1;0;0;0;2019;12;0;20;Львів;Наїзд на пішохода;Інше
середа;Франківський;Стрийська;зіткнення лобове;порушення правил маневрування;3;49.80815;24.019171;2;0;1;0;0;2019;12;2;14;Львів;Зіткнення автомобілів;Порушення маневрування
середа;Франківський;Княгині Ольги;наїзд на транспортний засіб, що стоїть - по ходу руху;перевищення безпечної швидкості;2;49.81654;24.001876;1;0;1;0;0;2019;12;2;7;Львів;Інше;Перевищення швидкості
понеділок;Франківський;Наукова;зіткнення лобове;порушення правил маневрування;4;49.802045;24.015474;2;0;2;0;0;2019;12;0;20;Львів;Зіткнення автомобілів;Порушення маневрування
вівторок;Франківський;Княгині Ольги;наїзд на пішохода - пішохід рухався у попутному напрямку;неочікуваний вихід на проїзну частину;2;49.809836;23.999811;1;0;1;0;0;2019;11;1;22;Львів;Наїзд на пішохода;Інше
субота;Шевченківський;Шевченка Т.;зіткнення лобове;невиконання вимог сигналів регулювання;4;49.872789;23.928512;1;0;3;0;1;2019;12;5;18;Львів;Зіткнення автомобілів;Інше
п'ятниця;Франківський;Княгині Ольги;зіткнення бокове;недодержання дистанції;2;49.823691;24.00723;1;0;1;0;0;2019;12;4;16;Львів;Зіткнення автомобілів;Недотримання дистанції
п'ятниця;Франківський;Симоненка В.;наїзд на пішохода - пішохід рухався у попутному напрямку;порушення правил маневрування;2;49.8052;23.986545;1;0;1;0;1;2019;12;4;17;Львів;Наїзд на пішохода;Порушення маневрування
середа;Сихівський;Стуса В.;зіткнення бокове;порушення правил маневрування, недодержання дистанції;4;49.818036;24.043295;3;0;1;0;0;2019;12;2;17;Львів;Зіткнення автомобілів;Порушення маневрування
середа;Залізничний;Кульпарківська;наїзд на пішохода - пішохід рухався у попутному напрямку;порушення правил проїзду пішохідних переходів;2;49.812068;23.983713;1;0;1;0;1;2019;11;2;11;Львів;Наїзд на пішохода;Порушення проїзду переходів
п'ятниця;Шевченківський;Шевченка Т.;зіткнення лобове;порушення правил маневрування;3;49.871192;23.945335;2;0;1;0;0;2019;12;4;12;Львів;Зіткнення автомобілів;Порушення маневрування
п'ятниця;Галицький;Костюшка Т.;наїзд на пішохода - пішохід рухався у попутному напрямку;порушення правил маневрування;2;49.841324;24.022899;1;0;1;0;0;2019;12;4;11;Львів;Наїзд на пішохода;Порушення маневрування
понеділок;Галицький;Дорошенка П.;наїзд на велосипедиста - велосипедист рухався у попутному напрямку;порушення правил маневрування;2;49.838072;24.02342;1;0;1;0;0;2019;12;0;19;Львів;Наїзд на велосипедиста;Порушення маневрування
четвер;Франківський;Кульпарківська;наїзд на пішохода - пішохід рухався у попутному напрямку;невиконання вимог сигналів регулювання;2;49.829069;23.990246;1;0;1;0;0;2019;12;3;17;Львів;Наїзд на пішохода;Інше
вівторок;Шевченківський;Чорновола В., просп.;зіткнення лобове;порушення правил маневрування;3;49.854064;24.022921;2;0;1;0;0;2019;11;1;11;Львів;Зіткнення автомобілів;Порушення маневрування
четвер;Залізничний;Городоцька;наїзд на транспортний засіб, що стоїть - по ходу руху;перевищення безпечної швидкості, недодержання дистанції;6;49.830731;23.96886;5;0;1;0;1;2019;12;3;8;Львів;Інше;Перевищення швидкості
п'ятниця;Франківський;Тролейбусна;наїзд на пішохода - на регульованому пішохідному переході;порушення правил проїзду пішохідних переходів, перевищення безпечної швидкості;3;49.809618;24.008024;1;0;2;0;0;2019;12;4;9;Львів;Наїзд на пішохода;Перевищення швидкості
субота;Сихівський;Пирогівка;наїзд на пішохода - пішохід рухався у попутному напрямку;порушення правил маневрування;2;49.805076;24.076774;1;0;1;0;0;2019;12;5;17;Львів;Наїзд на пішохода;Порушення маневрування
п'ятниця;Залізничний;Городоцька;наїзд на пішохода - пішохід рухався у попутному напрямку;порушення правил маневрування;3;49.837138;24.002359;1;0;2;0;0;2019;11;4;22;Львів;Наїзд на пішохода;Порушення маневрування
п'ятниця;Сихівський;Червоної Калини, просп.;наїзд на інші види перешкод;порушення правил маневрування;2;49.840723;24.027729;0;0;1;1;0;2019;12;4;15;Львів;Наїзд на перешкоду;Порушення маневрування
вівторок;Сихівський;Пасічна;зіткнення лобове;порушення правил проїзду перехресть;3;49.80919;24.078826;2;0;1;0;1;2019;12;1;18;Львів;Зіткнення автомобілів;Порушення проїзду перехресть
середа;Галицький;Свободи, просп.;наїзд на пішохода - пішохід рухався у попутному напрямку;порушення правил маневрування;2;49.840906;24.027588;1;0;1;0;0;2019;12;2;17;Львів;Наїзд на пішохода;Порушення маневрування
середа;Сихівський;Мирного Панаса;падіння пасажира;порушення правил маневрування;1;49.815101;24.031863;0;0;1;0;0;2019;12;2;17;Львів;Падіння пасажира;Порушення маневрування
вівторок;Франківський;Бойчука М.;наїзд на пішохода - пішохід рухався у попутному напрямку;порушення правил маневрування;2;49.812733;23.999408;1;0;1;0;0;2020;1;1;14;Львів;Наїзд на пішохода;Порушення маневрування
вівторок;Сихівський;Червоної Калини, просп.;наїзд на пішохода - пішохід рухався у попутному напрямку;неочікуваний вихід на проїзну частину;2;49.783335;24.059409;1;0;1;0;0;2020;1;1;21;Львів;Наїзд на пішохода;Інше
понеділок;Шевченківський;Лук?яненка Л.;наїзд на пішохода - пішохід рухався у попутному напрямку;порушення правил маневрування;2;49.864632;24.025776;1;0;1;0;1;2020;2;0;11;Львів;Наїзд на пішохода;Порушення маневрування
понеділок;Шевченківський;Шевченка Т.;зіткнення бокове;порушення правил маневрування;5;49.872803;23.928545;1;0;4;0;1;2020;2;0;7;Львів;Зіткнення автомобілів;Порушення маневрування
понеділок;Шевченківський;Липинського В.;зіткнення бокове;порушення правил маневрування;4;49.865224;24.044309;0;0;4;0;1;2020;1;0;1;Львів;Зіткнення автомобілів;Порушення маневрування
п'ятниця;Сихівський;Зелена;наїзд на пішохода - пішохід рухався у попутному напрямку;порушення правил проїзду пішохідних переходів;2;49.806945;24.061561;1;0;1;0;1;2020;2;4;11;Львів;Наїзд на пішохода;Порушення проїзду переходів
субота;Залізничний;Головатого А.;наїзд на пішохода - пішохід рухався у попутному напрямку;порушення правил маневрування;2;49.827678;23.97227;1;0;1;0;0;2020;1;5;10;Львів;Наїзд на пішохода;Порушення маневрування
середа;Шевченківський;Хмельницького Б.;наїзд на пішохода - пішохід рухався у попутному напрямку;порушення правил маневрування;2;49.863896;24.052307;1;0;1;0;0;2020;1;2;17;Львів;Наїзд на пішохода;Порушення маневрування
середа;Галицький;Братів Рогатинців;наїзд на інші види перешкод;порушення правил утримання автодоріг та вулиць;2;49.839833;24.030758;1;0;1;0;0;2020;2;2;13;Львів;Наїзд на перешкоду;Інше
неділя;Франківський;Окружна;зіткнення бокове;недодержання дистанції;2;49.825647;23.987789;1;0;1;0;0;2020;2;6;20;Львів;Зіткнення автомобілів;Недотримання дистанції
середа;Личаківський;Личаківська;наїзд на пішохода - пішохід рухався у попутному напрямку;порушення правил маневрування;2;49.840155;24.042882;1;0;1;0;0;2020;1;2;19;Львів;Наїзд на пішохода;Порушення маневрування
понеділок;Галицький;Куліша П.;наїзд на пішохода - пішохід рухався у попутному напрямку;перехід у невстановленому місці;2;49.845351;24.024079;1;0;1;0;0;2020;1;0;9;Львів;Наїзд на пішохода;Інше
середа;Галицький;Волоська;наїзд на пішохода - пішохід рухався у попутному напрямку;виїзд на смугу зустрічного руху;2;49.829651;24.031563;1;0;1;0;0;2020;1;2;9;Львів;Наїзд на пішохода;Інше
п'ятниця;Сихівський;Червоної Калини, просп.;падіння пасажира;порушення правил маневрування;3;49.812065;24.045736;1;0;2;0;0;2020;1;4;10;Львів;Падіння пасажира;Порушення маневрування
середа;Франківський;Княгині Ольги;наїзд на пішохода - пішохід рухався у попутному напрямку;порушення правил проїзду пішохідних переходів;2;49.812927;24.000642;1;0;1;0;0;2020;1;2;11;Львів;Наїзд на пішохода;Порушення проїзду переходів
вівторок;Франківський;Героїв УПА;зіткнення бокове;порушення правил маневрування;2;49.828429;23.990949;1;0;1;0;0;2020;1;1;23;Львів;Зіткнення автомобілів;Порушення маневрування
середа;Франківський;Кульпарківська;зіткнення лобове;невиконання вимог сигналів регулювання,порушення правил маневрування;3;49.825387;23.989763;1;0;2;0;0;2020;1;2;23;Львів;Зіткнення автомобілів;Порушення маневрування
субота;Личаківський;Личаківська;наїзд на пішохода - пішохід рухався у попутному напрямку;неочікуваний вихід на проїзну частину;2;49.840712;24.04602;1;0;0;1;0;2020;1;5;18;Львів;Наїзд на пішохода;Інше
субота;Шевченківський;Шевченка Т.;наїзд на пішохода - пішохід рухався у попутному напрямку;перехід у невстановленому місці;2;49.868163;23.952046;1;0;1;0;0;2020;1;5;20;Львів;Наїзд на пішохода;Інше
середа;Франківський;Княгині Ольги;наїзд на пішохода - пішохід рухався у попутному напрямку;порушення правил маневрування;2;49.81265;23.999918;0;0;2;0;0;2020;1;2;12;Львів;Наїзд на пішохода;Порушення маневрування
п'ятниця;Франківський;Володимира Великого;наїзд на пішохода - пішохід рухався у попутному напрямку;перехід у невстановленому місці;2;49.81112;23.991341;1;0;0;1;0;2020;1;4;12;Львів;Наїзд на пішохода;Інше
вівторок;Залізничний;Городоцька;зіткнення бокове;порушення правил маневрування;4;49.838114;24.006795;1;0;3;0;0;2020;1;1;19;Львів;Зіткнення автомобілів;Порушення маневрування
вівторок;Шевченківський;Золота;зіткнення бокове;невиконання вимог сигналів регулювання;2;49.85026;24.003947;1;0;1;0;1;2020;2;1;20;Львів;Зіткнення автомобілів;Інше
понеділок;Галицький;Стрийська;зіткнення бокове;виїзд на смугу зустрічного руху;3;49.824806;24.021133;2;0;1;0;0;2020;1;0;19;Львів;Зіткнення автомобілів;Інше
неділя;Сихівський;Стрийська;наїзд на пішохода - пішохід рухався у попутному напрямку;пішоходи невиконання вимог сигналів регулювання;2;49.801849;24.01798;1;0;0;1;1;2020;1;6;19;Львів;Наїзд на пішохода;Інше
вівторок;Залізничний;Шевченка Т.;наїзд на пішохода - пішохід рухався у попутному напрямку;неочікуваний вихід на проїзну частину;2;49.851543;23.990638;1;0;1;0;0;2020;1;1;13;Львів;Наїзд на пішохода;Інше
вівторок;Сихівський;Червоної Калини, просп.;наїзд на пішохода - на нерегульованому пішохідному переході;порушення правил маневрування;2;49.798566;24.048858;1;0;1;0;0;2020;1;1;14;Львів;Наїзд на пішохода;Порушення маневрування
вівторок;Шевченківський;Шевченка Т.;наїзд на пішохода - пішохід рухався у попутному напрямку;неочікуваний вихід на проїзну частину;2;49.868813;23.953121;1;0;1;0;0;2020;1;1;6;Львів;Наїзд на пішохода;Інше
п'ятниця;Залізничний;Повітряна;зіткнення бокове;невиконання вимог сигналів регулювання;2;49.845853;23.982415;1;0;1;0;1;2020;1;4;8;Львів;Зіткнення автомобілів;Інше
понеділок;Галицький;Кривоноса М.;зіткнення бокове;перевищення безпечної швидкості,недодержання дистанції;3;49.845327;24.035962;2;0;1;0;0;2020;1;0;8;Львів;Зіткнення автомобілів;Перевищення швидкості
вівторок;Шевченківський;Виговського І.;зіткнення бокове;порушення правил маневрування;3;49.816697;23.972844;2;0;1;0;0;2020;2;1;17;Львів;Зіткнення автомобілів;Порушення маневрування
середа;Шевченківський;Чорновола В., просп.;наїзд на пішохода - пішохід рухався у попутному напрямку;порушення правил проїзду пішохідних переходів;2;49.862326;24.016942;1;0;1;0;0;2020;1;2;23;Львів;Наїзд на пішохода;Порушення проїзду переходів
середа;Залізничний;Петлюри С.;наїзд на пішохода - пішохід рухався у попутному напрямку;неочікуваний вихід на проїзну частину;2;49.817081;23.982366;1;0;0;1;0;2020;1;2;17;Львів;Наїзд на пішохода;Інше
неділя;Галицький;Куліша П.;наїзд на пішохода - пішохід рухався у попутному напрямку;порушення правил маневрування,перевищення безпечної швидкості;2;49.849654;24.024779;1;0;1;0;0;2020;1;6;18;Львів;Наїзд на пішохода;Порушення маневрування
неділя;Франківський;Антоновича В.;падіння пасажира;порушення правил маневрування;2;49.829967;23.998213;1;0;0;1;0;2020;1;6;7;Львів;Падіння пасажира;Порушення маневрування
субота;Залізничний;Городоцька;зіткнення з задньою частиною тз;порушення правил маневрування;2;49.827587;23.949733;1;0;1;0;0;2020;1;5;10;Львів;Зіткнення автомобілів;Порушення маневрування
п'ятниця;Залізничний;Чернівецька;зіткнення лобове;порушення правил маневрування;3;49.837623;23.999977;2;0;1;0;0;2020;1;4;15;Львів;Зіткнення автомобілів;Порушення маневрування
неділя;Шевченківський;Шевченка Т.;зіткнення бокове;порушення правил маневрування;3;49.872786;23.928531;2;0;1;0;0;2020;2;6;13;Львів;Зіткнення автомобілів;Порушення маневрування
понеділок;Сихівський;Червоної Калини, просп.;наїзд на пішохода - пішохід рухався у попутному напрямку;порушення правил проїзду пішохідних переходів;2;49.796793;24.050979;1;0;1;0;0;2020;1;0;9;Львів;Наїзд на пішохода;Порушення проїзду переходів
субота;Личаківський;Личаківська;наїзд на пішохода - стояв на проїздній частині;порушення правил маневрування;2;49.839785;24.038274;1;0;1;0;0;2020;1;5;12;Львів;Наїзд на пішохода;Порушення маневрування
неділя;Залізничний;Городоцька;зіткнення лобове;перевищення безпечної швидкості;5;49.824193;23.9329;0;0;5;0;0;2020;1;6;23;Львів;Зіткнення автомобілів;Перевищення швидкості
субота;Личаківський;Зелена;наїзд на пішохода - пішохід рухався у попутному напрямку;перевищення безпечної швидкості;2;49.8214;24.055252;1;0;1;0;0;2020;2;5;12;Львів;Наїзд на пішохода;Перевищення швидкості
четвер;Личаківський;Пасічна;зіткнення лобове;перевищення безпечної швидкості;6;49.827706;24.072574;0;1;1;4;0;2020;1;3;15;Львів;Зіткнення автомобілів;Перевищення швидкості
п'ятниця;Франківський;Городоцька;наїзд на пішохода - пішохід рухався у попутному напрямку;порушення правил проїзду пішохідних переходів;2;49.83184;23.975446;1;0;1;0;0;2020;1;4;9;Львів;Наїзд на пішохода;Порушення проїзду переходів
вівторок;Шевченківський;Єрошенка В.;зіткнення бокове;перевищення безпечної швидкості,керування транспортним засобом у нетверезому стані;2;49.854891;24.002745;0;0;2;0;0;2020;2;1;12;Львів;Зіткнення автомобілів;Перевищення швидкості
середа;Франківський;Наукова;наїзд на пішохода - пішохід рухався у попутному напрямку;порушення правил маневрування;2;49.805058;23.987821;0;0;2;0;0;2020;2;2;13;Львів;Наїзд на пішохода;Порушення маневрування
неділя;Шевченківський;Чорновола В., просп.;наїзд на пішохода - пішохід рухався у попутному напрямку;порушення правил маневрування;2;49.863073;24.017047;1;0;1;0;0;2020;1;6;14;Львів;Наїзд на пішохода;Порушення маневрування
понеділок;Личаківський;Глинянський Тракт;зіткнення лобове;перевищення безпечної швидкості;4;49.840006;24.084113;1;0;3;0;0;2020;1;0;11;Львів;Зіткнення автомобілів;Перевищення швидкості
середа;Личаківський;Пасічна;зіткнення лобове;порушення правил проїзду перехресть;3;49.826661;24.072182;1;0;2;0;1;2020;1;2;1;Львів;Зіткнення автомобілів;Порушення проїзду перехресть
вівторок;Шевченківський;Джерельна;наїзд на пішохода - пішохід рухався у попутному напрямку;невиконання вимог сигналів регулювання,порушення правил проїзду перехресть;2;49.84549;24.020061;1;0;0;1;0;2020;2;1;20;Львів;Наїзд на пішохода;Порушення проїзду перехресть
понеділок;Франківський;Рудницького С., акад.;наїзд на пішохода - пішохід рухався у попутному напрямку;перехід у невстановленому місці;2;49.822961;23.995391;1;0;1;0;0;2020;2;0;16;Львів;Наїзд на пішохода;Інше
середа;Франківський;Бандери С.;наїзд на пішохода - пішохід рухався у попутному напрямку;порушення правил маневрування;2;49.835405;24.005261;1;0;1;0;0;2020;1;2;16;Львів;Наїзд на пішохода;Порушення маневрування
п'ятниця;Галицький;Дорошенка П.;наїзд на пішохода - пішохід рухався у попутному напрямку;порушення правил маневрування;2;49.840242;24.02732;1;0;1;0;0;2020;1;4;15;Львів;Наїзд на пішохода;Порушення маневрування
середа;Галицький;Стуса В.;наїзд на пішохода - пішохід рухався у попутному напрямку;перевищення безпечної швидкості;2;49.823747;24.038043;1;0;1;0;0;2020;1;2;3;Львів;Наїзд на пішохода;Перевищення швидкості
п'ятниця;Шевченківський;Липинського В.;зіткнення лобове;перевищення безпечної швидкості;7;49.862638;24.030533;4;0;3;0;0;2020;1;4;20;Львів;Зіткнення автомобілів;Перевищення швидкості
середа;Личаківський;Пасічна;наїзд на пішохода - пішохід рухався у попутному напрямку;порушення правил маневрування;2;49.814772;24.079649;1;0;1;0;0;2020;1;2;6;Львів;Наїзд на пішохода;Порушення маневрування
понеділок;Сихівський;Стрийська;зіткнення лобове;перевищення безпечної швидкості;3;49.799328;24.017551;0;0;3;0;0;2020;2;0;23;Львів;Зіткнення автомобілів;Перевищення швидкості
понеділок;Галицький;Підвальна;наїзд на пішохода - пішохід рухався у попутному напрямку;перехід у невстановленому місці;2;49.842992;24.034513;1;0;1;0;0;2020;2;0;10;Львів;Наїзд на пішохода;Інше
п'ятниця;Франківський;Наукова;наїзд на пішохода - пішохід рухався у попутному напрямку;порушення правил маневрування;2;49.806048;24.004837;1;0;1;0;0;2020;3;4;12;Львів;Наїзд на пішохода;Порушення маневрування
п'ятниця;Залізничний;Шевченка Т.;наїзд на пішохода - пішохід рухався у попутному напрямку;порушення правил проїзду пішохідних переходів;2;49.842407;23.861184;1;0;1;0;0;2020;2;4;15;Львів;Наїзд на пішохода;Порушення проїзду переходів
понеділок;Сихівський;Хуторівка;зіткнення бокове;перевищення безпечної швидкості,порушення правил маневрування,недодержання дистанції;2;49.799636;24.026912;1;0;1;0;0;2020;3;0;18;Львів;Зіткнення автомобілів;Порушення маневрування
вівторок;Личаківський;Личаківська;наїзд на пішохода - пішохід рухався у попутному напрямку;порушення правил маневрування,порушення правил проїзду пішохідних переходів;2;49.840276;24.042769;1;0;1;0;0;2020;3;1;15;Львів;Наїзд на пішохода;Порушення маневрування
четвер;Галицький;Чорновола В., просп.;зіткнення бокове;порушення правил маневрування;2;49.850478;24.02446;1;0;1;0;1;2020;2;3;13;Львів;Зіткнення автомобілів;Порушення маневрування