accidentDay;district;streetName;accidentType;mainAccidentCause;totalParticipantsAmount;latitude;longitude;Count_Без ушкоджень;Count_Загинув;Count_Легко травмований;Count_Тяжко травмований;Is_Intersection;Year;Month;DayOfWeek;Hour;settlement_grouped;Simple_Type;Simple_Cause
субота;Франківський;Княгині Ольги;наїзд на пішохода - пішохід рухався у попутному напрямку;порушення правил проїзду пішохідних переходів;2;49.812512;23.999902;1;0;1;0;0;2020;3;5;22;Львів;Наїзд на пішохода;Порушення проїзду переходів
середа;Галицький;Замарстинівська;зіткнення лобове;перевищення безпечної швидкості;2;49.850111;24.02689;1;0;1;0;0;2020;3;2;20;Львів;Зіткнення автомобілів;Перевищення швидкості
понеділок;Залізничний;Кульпарківська;зіткнення бокове;порушення правил маневрування;2;49.802891;23.980215;1;0;1;0;0;2020;2;0;10;Львів;Зіткнення автомобілів;Порушення маневрування
п'ятниця;Франківський;Наукова;наїзд на пішохода - пішохід рухався у попутному напрямку;порушення правил маневрування;2;49.80449;23.991673;1;0;1;0;0;2020;3;4;23;Львів;Наїзд на пішохода;Порушення маневрування
понеділок;Франківський;Городоцька;наїзд на пішохода - пішохід рухався у попутному напрямку;порушення правил проїзду пішохідних переходів;2;49.835592;23.997027;1;0;1;0;0;2020;3;0;0;Львів;Наїзд на пішохода;Порушення проїзду переходів
середа;Галицький;Стуса В.;наїзд на пішохода - пішохід рухався у попутному напрямку;порушення правил маневрування;2;49.82184;24.039164;1;0;1;0;0;2020;3;2;20;Львів;Наїзд на пішохода;Порушення маневрування
субота;Франківський;Наукова;наїзд на пішохода - пішохід рухався у попутному напрямку;порушення правил маневрування;2;49.804996;23.986684;1;0;1;0;0;2020;2;5;18;Львів;Наїзд на пішохода;Порушення маневрування
п'ятниця;Галицький;Свободи, просп.;наїзд на пішохода - пішохід рухався у попутному напрямку;порушення правил маневрування;2;49.840072;24.027974;1;0;1;0;0;2020;3;4;6;Львів;Наїзд на пішохода;Порушення маневрування
четвер;Залізничний;Шевченка Т.;зіткнення лобове;перевищення безпечної швидкості;3;49.847406;24.002048;2;0;1;0;0;2020;2;3;8;Львів;Зіткнення автомобілів;Перевищення швидкості
вівторок;Сихівський;Луганська;зіткнення бокове;порушення правил маневрування;3;49.809701;24.031219;2;0;1;0;0;2020;3;1;22;Львів;Зіткнення автомобілів;Порушення маневрування
четвер;Галицький;Франка І.;наїзд на пішохода - пішохід рухався у попутному напрямку;порушення правил проїзду пішохідних переходів;2;49.830343;24.031863;1;0;1;0;0;2020;2;3;9;Львів;Наїзд на пішохода;Порушення проїзду переходів
понеділок;Залізничний;Авіаційна;зіткнення бокове;недодержання дистанції,керування транспортним засобом у нетверезому стані;2;49.820649;23.935314;1;0;1;0;0;2020;2;0;12;Львів;Зіткнення автомобілів;Недотримання дистанції
субота;Галицький;Замарстинівська;наїзд на пішохода - пішохід рухався у попутному напрямку;порушення правил маневрування,порушення правил проїзду пішохідних переходів;2;49.848925;24.027695;1;0;1;0;0;2020;2;5;9;Львів;Наїзд на пішохода;Порушення маневрування
субота;Шевченківський;Шевченка Т.;зіткнення бокове;перевищення безпечної швидкості,недодержання дистанції;4;49.871247;23.939005;3;0;1;0;0;2020;2;5;11;Львів;Зіткнення автомобілів;Перевищення швидкості
неділя;Франківський;Стрийська;наїзд на пішохода - пішохід рухався у попутному напрямку;перевищення безпечної швидкості;2;49.801876;24.017959;1;0;1;0;1;2020;3;6;20;Львів;Наїзд на пішохода;Перевищення швидкості
середа;Шевченківський;Винниця;наїзд на інші види перешкод;перевищення безпечної швидкості;2;49.861801;24.000642;1;0;0;1;0;2020;2;2;1;Львів;Наїзд на перешкоду;Перевищення швидкості
п'ятниця;Залізничний;Виговського І.;зіткнення бокове;порушення правил проїзду перехресть;4;49.825827;23.96866;2;0;2;0;0;2020;3;4;21;Львів;Зіткнення автомобілів;Порушення проїзду перехресть
п'ятниця;Сихівський;Стрийська;зіткнення бокове;перевищення безпечної швидкості,недодержання дистанції;3;49.787585;24.014949;2;0;1;0;0;2020;2;4;18;Львів;Зіткнення автомобілів;Перевищення швидкості
п'ятниця;Франківський;Володимира Великого;зіткнення бокове;порушення правил проїзду перехресть;2;49.810539;24.004623;1;0;1;0;0;2020;2;4;18;Львів;Зіткнення автомобілів;Порушення проїзду перехресть
субота;Франківський;Наукова;зіткнення лобове;порушення правил маневрування,невиконання вимог сигналів регулювання;3;49.802372;24.012734;2;0;1;0;0;2020;2;5;19;Львів;Зіткнення автомобілів;Порушення маневрування
середа;Залізничний;Городоцька;зіткнення бокове;порушення правил проїзду перехресть;3;49.826868;23.946059;2;0;1;0;0;2020;3;2;17;Львів;Зіткнення автомобілів;Порушення проїзду перехресть
субота;Личаківський;Пасічна;наїзд на пішохода - пішохід рухався у попутному напрямку;порушення правил проїзду пішохідних переходів;2;49.827983;24.070669;1;0;1;0;0;2020;2;5;12;Львів;Наїзд на пішохода;Порушення проїзду переходів
четвер;Галицький;Банківська;наїзд на пішохода - пішохід рухався у попутному напрямку;порушення правил маневрування;2;49.839847;24.026622;1;0;1;0;1;2020;3;3;21;Львів;Наїзд на пішохода;Порушення маневрування
субота;Залізничний;Кузневича Г.;наїзд на пішохода - пішохід рухався у попутному напрямку;порушення правил маневрування,перевищення безпечної швидкості;2;49.833969;23.982285;1;0;1;0;0;2020;2;5;22;Львів;Наїзд на пішохода;Порушення маневрування
понеділок;Франківський;Городоцька;зіткнення бокове;перевищення безпечної швидкості,порушення правил маневрування,керування транспортним засобом у нетверезому стані;3;49.836688;24.002541;2;0;1;0;1;2020;2;0;3;Львів;Зіткнення автомобілів;Порушення маневрування
субота;Личаківський;Голубця М.;наїзд на велосипедиста - велосипедист рухався у попутному напрямку;порушення правил маневрування;2;49.83346;24.068078;1;0;1;0;0;2020;3;5;15;Львів;Наїзд на велосипедиста;Порушення маневрування
субота;Франківський;Окружна;наїзд на пішохода - пішохід рухався у попутному напрямку;перевищення безпечної швидкості,недодержання дистанції;2;49.827048;23.982725;1;0;1;0;0;2020;2;5;19;Львів;Наїзд на пішохода;Перевищення швидкості
понеділок;Личаківський;Личаківська;зіткнення бокове;перевищення безпечної швидкості,керування транспортним засобом у нетверезому стані;3;49.840103;24.039234;2;0;1;0;0;2020;2;0;17;Львів;Зіткнення автомобілів;Перевищення швидкості
понеділок;Франківський;Кульпарківська;зіткнення бокове;недодержання дистанції;3;49.829595;23.990026;2;0;1;0;0;2020;2;0;23;Львів;Зіткнення автомобілів;Недотримання дистанції
п'ятниця;Сихівський;Хуторівка;наїзд на пішохода - пішохід переходив дорогу поза межами піш.переходу;порушення правил проїзду пішохідних переходів,перевищення безпечної швидкості;2;49.801662;24.020608;1;0;1;0;0;2020;3;4;19;Львів;Наїзд на пішохода;Перевищення швидкості
четвер;Залізничний;Кульпарківська;зіткнення бокове;невиконання вимог сигналів регулювання,керування транспортним засобом у нетверезому стані;3;49.820462;23.988127;1;0;2;0;0;2020;2;3;23;Львів;Зіткнення автомобілів;П'яне водіння
четвер;Шевченківський;Липинського В.;зіткнення бокове;перевищення безпечної швидкості,порушення правил маневрування,недодержання дистанції;2;49.856188;24.018479;1;0;1;0;0;2020;2;3;17;Львів;Зіткнення автомобілів;Порушення маневрування
субота;Шевченківський;Липинського В.;зіткнення з задньою частиною тз;порушення правил маневрування;3;49.864187;24.035388;2;0;1;0;0;2020;2;5;9;Львів;Зіткнення автомобілів;Порушення маневрування
четвер;Сихівський;Трильовського К.;наїзд на пішохода - пішохід рухався у попутному напрямку;перехід у невстановленому місці;2;49.787734;24.066517;1;0;1;0;1;2020;2;3;19;Львів;Наїзд на пішохода;Інше
неділя;Личаківський;Личаківська;наїзд на пішохода - пішохід рухався у попутному напрямку;невиконання вимог сигналів регулювання;2;49.837668;24.060619;1;0;1;0;0;2020;3;6;13;Львів;Наїзд на пішохода;Інше
п'ятниця;Личаківський;Ковельська;наїзд на пішохода - пішохід рухався у попутному напрямку;перевищення безпечної швидкості;2;49.85366;24.055681;1;0;1;0;0;2020;2;4;20;Львів;Наїзд на пішохода;Перевищення швидкості
неділя;Залізничний;Любінська;зіткнення бокове;порушення правил проїзду перехресть;5;49.82068;23.968949;0;0;5;0;1;2020;2;6;22;Львів;Зіткнення автомобілів;Порушення проїзду перехресть
середа;Сихівський;Чукаріна В.;наїзд на пішохода - пішохід рухався у попутному напрямку;порушення правил проїзду пішохідних переходів;2;49.797801;24.043155;1;0;1;0;0;2020;3;2;18;Львів;Наїзд на пішохода;Порушення проїзду переходів
п'ятниця;Шевченківський;Липинського В.;наїзд на пішохода - пішохід рухався у попутному напрямку;порушення правил маневрування;3;49.865221;24.0486;2;1;0;0;0;2020;2;4;7;Львів;Наїзд на пішохода;Порушення маневрування
вівторок;Галицький;Торгова;наїзд на пішохода - пішохід рухався у попутному напрямку;перехід у невстановленому місці;2;49.844279;24.025211;1;0;1;0;0;2020;3;1;16;Львів;Наїзд на пішохода;Інше
понеділок;Залізничний;Головатого А.;наїзд на пішохода - пішохід рухався у попутному напрямку;перехід у невстановленому місці;2;49.827183;23.972833;1;0;1;0;0;2020;2;0;19;Львів;Наїзд на пішохода;Інше
середа;Сихівський;Луганська;наїзд на пішохода - пішохід рухався у попутному напрямку;порушення правил проїзду пішохідних переходів;3;49.808275;24.042571;1;0;2;0;0;2020;3;2;18;Львів;Наїзд на пішохода;Порушення проїзду переходів
субота;Галицький;Дорошенка П.;перекидання тз;порушення правил маневрування;1;49.840176;24.027175;0;0;1;0;0;2020;3;5;17;Львів;Перекидання;Порушення маневрування
субота;Галицький;Городоцька;наїзд на пішохода - пішохід рухався у попутному напрямку;порушення правил маневрування;2;49.841473;24.0168;1;0;1;0;0;2020;3;5;19;Львів;Наїзд на пішохода;Порушення маневрування
середа;Сихівський;Чукаріна В.;наїзд на пішохода - пішохід рухався у попутному напрямку;перевищення безпечної швидкості;2;49.797791;24.043096;1;0;1;0;0;2020;3;2;18;Львів;Наїзд на пішохода;Перевищення швидкості
неділя;Сихівський;Морозна;наїзд на велосипедиста - велосипедист рухався у попутному напрямку;перевищення безпечної швидкості,порушення правил маневрування;2;49.796073;24.068357;1;0;1;0;0;2020;3;6;14;Львів;Наїзд на велосипедиста;Порушення маневрування
четвер;Франківський;Наукова;наїзд на дерево;перевищення безпечної швидкості,порушення правил маневрування;2;49.803673;23.994886;1;0;1;0;0;2020;3;3;15;Львів;Наїзд на перешкоду;Порушення маневрування
вівторок;Шевченківський;Мазепи І., гетьм.;наїзд на пішохода - пішохід рухався у попутному напрямку;перехід у невстановленому місці;2;49.836571;23.891723;1;0;1;0;0;2020;2;1;19;Львів;Наїзд на пішохода;Інше
четвер;Шевченківський;Шевченка Т.;наїзд на пішохода - пішохід рухався у попутному напрямку;порушення правил проїзду пішохідних переходів;2;49.871462;23.944504;1;0;1;0;0;2020;3;3;19;Львів;Наїзд на пішохода;Порушення проїзду переходів
вівторок;Франківський;Кульпарківська;зіткнення лобове;перевищення безпечної швидкості,недодержання дистанції;4;49.826972;23.989989;1;0;3;0;0;2020;2;1;14;Львів;Зіткнення автомобілів;Перевищення швидкості
субота;Залізничний;Ганкевича Л.;наїзд на пішохода - стояв на проїздній частині;порушення правил маневрування;2;49.848554;23.984436;1;0;1;0;0;2020;2;5;14;Львів;Наїзд на пішохода;Порушення маневрування
середа;Шевченківський;Шевченка Т.;зіткнення бокове;порушення правил маневрування;5;49.870632;23.945346;1;0;3;1;0;2020;3;2;19;Львів;Зіткнення автомобілів;Порушення маневрування
вівторок;Залізничний;Виговського І.;зіткнення бокове;невиконання вимог сигналів регулювання;5;49.812415;23.977393;2;0;3;0;0;2020;2;1;18;Львів;Зіткнення автомобілів;Інше
п'ятниця;Шевченківський;Хмельницького Б.;наїзд на пішохода - пішохід рухався у попутному напрямку;порушення правил маневрування;2;49.856579;24.045736;1;0;1;0;0;2020;2;4;14;Львів;Наїзд на пішохода;Порушення маневрування
четвер;Сихівський;Морозна;наїзд на пішохода - пішохід рухався у попутному напрямку;порушення правил проїзду пішохідних переходів;2;49.796354;24.068685;1;0;1;0;0;2020;2;3;12;Львів;Наїзд на пішохода;Порушення проїзду переходів
четвер;Шевченківський;Липинського В.;зіткнення лобове;порушення правил маневрування;3;50.0205;24.0394;1;0;2;0;0;2020;3;3;22;Львів;Зіткнення автомобілів;Порушення маневрування
п'ятниця;Франківський;Наукова;наїзд на пішохода - на регульованому пішохідному переході;порушення правил маневрування;2;49.804497;23.991743;1;0;1;0;0;2020;3;4;23;Львів;Наїзд на пішохода;Порушення маневрування
вівторок;Личаківський;Личаківська;наїзд на пішохода - на нерегульованому пішохідному переході;порушення правил маневрування;2;49.839982;24.042141;1;0;1;0;0;2020;2;1;17;Львів;Наїзд на пішохода;Порушення маневрування
п'ятниця;Галицький;Городоцька;зіткнення бокове;порушення правил маневрування;2;49.840134;24.011983;1;0;1;0;0;2020;3;4;22;Львів;Зіткнення автомобілів;Порушення маневрування
четвер;Залізничний;Городоцька;падіння пасажира;порушення правил маневрування;2;49.830578;23.96822;1;0;1;0;1;2020;2;3;22;Львів;Падіння пасажира;Порушення маневрування
п'ятниця;Шевченківський;Липинського В.;зіткнення бокове;порушення правил проїзду перехресть;8;49.860092;24.026906;2;0;6;0;1;2020;3;4;17;Львів;Зіткнення автомобілів;Порушення проїзду перехресть
п'ятниця;Залізничний;Величка С.;зіткнення бокове;порушення правил проїзду перехресть;4;49.829097;23.95983;2;0;2;0;1;2020;5;4;15;Львів;Зіткнення автомобілів;Порушення проїзду перехресть
середа;Сихівський;Мирного Панаса;наїзд на інші види перешкод;перевищення безпечної швидкості;1;49.816184;24.027829;0;0;1;0;0;2020;4;2;22;Львів;Наїзд на перешкоду;Перевищення швидкості
субота;Шевченківський;Липинського В.;зіткнення лобове;порушення правил проїзду перехресть,керування транспортним засобом у нетверезому стані;3;49.863782;24.033912;1;0;2;0;0;2020;4;5;1;Львів;Зіткнення автомобілів;Порушення проїзду перехресть
понеділок;Личаківський;Зелена;наїзд на пішохода - пішохід рухався у попутному напрямку;неочікуваний вихід на проїзну частину;2;49.830813;24.043928;1;0;1;0;0;2020;5;0;18;Львів;Наїзд на пішохода;Інше
четвер;Залізничний;Городоцька;наїзд на пішохода - пішохід рухався у попутному напрямку;порушення правил проїзду пішохідних переходів;2;49.830841;23.969159;1;0;1;0;0;2020;4;3;11;Львів;Наїзд на пішохода;Порушення проїзду переходів
четвер;Галицький;Ринок, пл.;зіткнення бокове;порушення правил проїзду перехресть;2;49.841435;24.031992;1;0;1;0;0;2020;4;3;19;Львів;Зіткнення автомобілів;Порушення проїзду перехресть
п'ятниця;Франківський;Природна;наїзд на транспортний засіб, що стоїть - по ходу руху;перевищення безпечної швидкості,керування транспортним засобом у нетверезому стані;3;49.826688;24.005148;2;0;1;0;0;2020;4;4;16;Львів;Інше;Перевищення швидкості
четвер;Залізничний;Любінська;наїзд на пішохода - пішохід рухався у попутному напрямку;перевищення безпечної швидкості;2;49.82437;23.97786;1;1;0;0;0;2020;5;3;1;Львів;Наїзд на пішохода;Перевищення швидкості
вівторок;Шевченківський;Чорновола В., просп.;зіткнення лобове;недодержання дистанції;4;49.852577;24.023564;3;0;1;0;0;2020;4;1;16;Львів;Зіткнення автомобілів;Недотримання дистанції
четвер;Личаківський;Богданівська;перекидання тз;перевищення безпечної швидкості;2;49.845154;24.084864;1;0;1;0;0;2020;4;3;15;Львів;Перекидання;Перевищення швидкості
четвер;Галицький;Під Дубом;зіткнення бокове;порушення правил проїзду перехресть;2;49.850464;24.025324;1;0;1;0;0;2020;4;3;21;Львів;Зіткнення автомобілів;Порушення проїзду перехресть
неділя;Галицький;Чорновола В., просп.;наїзд на пішохода - пішохід рухався у попутному напрямку;порушення правил проїзду пішохідних переходів;2;49.846804;24.02563;1;0;1;0;0;2020;4;6;21;Львів;Наїзд на пішохода;Порушення проїзду переходів
вівторок;Залізничний;Роксоляни;наїзд на пішохода - пішохід рухався у попутному напрямку;порушення правил маневрування;2;49.84807;23.961675;1;0;1;0;0;2020;4;1;13;Львів;Наїзд на пішохода;Порушення маневрування
понеділок;Галицький;Свєнціцького І.;перекидання тз;порушення правил маневрування;1;49.826533;24.034347;0;0;1;0;0;2020;4;0;19;Львів;Перекидання;Порушення маневрування
середа;Залізничний;Городоцька;наїзд на пішохода - пішохід рухався у попутному напрямку;перевищення безпечної швидкості;2;49.8322;23.9702;1;0;1;0;0;2020;3;2;9;Львів;Наїзд на пішохода;Перевищення швидкості
вівторок;Залізничний;Городоцька;наїзд на пішохода - пішохід рухався у попутному напрямку;порушення правил маневрування;2;49.820791;23.913245;1;0;1;0;0;2020;4;1;15;Львів;Наїзд на пішохода;Порушення маневрування
середа;Сихівський;Червоної Калини, просп.;зіткнення бокове;перевищення безпечної швидкості,недодержання дистанції;3;49.790216;24.058753;2;0;1;0;0;2020;5;2;14;Львів;Зіткнення автомобілів;Перевищення швидкості
п'ятниця;Галицький;Нечуя-Левицького І.;падіння пасажира;порушення правил маневрування;2;49.832696;24.016736;1;0;1;0;0;2020;3;4;14;Львів;Падіння пасажира;Порушення маневрування
середа;Галицький;Джерельна;наїзд на інші види перешкод;перевищення безпечної швидкості;1;49.846015;24.020222;0;0;1;0;0;2020;5;2;6;Львів;Наїзд на перешкоду;Перевищення швидкості
понеділок;Франківський;Чупринки Т., ген.;зіткнення бокове;порушення правил проїзду перехресть;2;49.827104;24.003754;1;0;1;0;1;2020;5;0;21;Львів;Зіткнення автомобілів;Порушення проїзду перехресть
понеділок;Шевченківський;Чорновола В., просп.;наїзд на пішохода - пішохід рухався у попутному напрямку;порушення правил маневрування;2;49.853687;24.023087;1;1;0;0;1;2020;4;0;8;Львів;Наїзд на пішохода;Порушення маневрування
понеділок;Галицький;Коперника М.;наїзд на пішохода - пішохід рухався у попутному напрямку;порушення правил маневрування;2;49.833844;24.019268;1;0;1;0;0;2020;4;0;19;Львів;Наїзд на пішохода;Порушення маневрування
середа;Шевченківський;Замарстинівська;наїзд на пішохода - пішохід рухався у попутному напрямку;порушення правил проїзду пішохідних переходів;2;49.864792;24.025614;1;0;1;0;0;2020;4;2;17;Львів;Наїзд на пішохода;Порушення проїзду переходів
п'ятниця;Личаківський;Личаківська;наїзд на пішохода - пішохід рухався у попутному напрямку;порушення правил маневрування;2;49.839809;24.049995;1;0;1;0;0;2020;5;4;8;Львів;Наїзд на пішохода;Порушення маневрування
субота;Шевченківський;Брюховицька;наїзд на опори (леп, телефонних та телеграфних ліній, рекламоносіїв, щогли антен моб. зв'язку, тощо);перевищення безпечної швидкості,порушення правил маневрування;4;49.868575;23.966551;0;1;0;3;0;2020;4;5;6;Львів;Інше;Порушення маневрування
п'ятниця;Сихівський;Ярославенка Я.;наїзд на велосипедиста - велосипедист рухався у попутному напрямку;порушення правил проїзду перехресть;2;49.814699;24.033237;1;0;1;0;1;2020;5;4;9;Львів;Наїзд на велосипедиста;Порушення проїзду перехресть
п'ятниця;Залізничний;Городоцька;наїзд на пішохода - пішохід рухався у попутному напрямку;порушення правил проїзду пішохідних переходів;2;49.831993;23.975124;1;1;0;0;0;2020;4;4;14;Львів;Наїзд на пішохода;Порушення проїзду переходів
четвер;Шевченківський;Хмельницького Б.;наїзд на пішохода - пішохід рухався у попутному напрямку;порушення правил маневрування;2;49.873474;24.060338;1;0;1;0;0;2020;3;3;22;Львів;Наїзд на пішохода;Порушення маневрування
понеділок;Шевченківський;Грінченка Б.;наїзд на пішохода - пішохід рухався у попутному напрямку;перевищення безпечної швидкості,недодержання дистанції;2;49.870825;24.054909;1;0;1;0;1;2020;4;0;10;Львів;Наїзд на пішохода;Перевищення швидкості
понеділок;Сихівський;Зелена;наїзд на пішохода - пішохід рухався у попутному напрямку;перевищення безпечної швидкості,порушення правил проїзду пішохідних переходів;2;49.799487;24.06891;1;0;1;0;0;2020;4;0;16;Львів;Наїзд на пішохода;Перевищення швидкості
четвер;Сихівський;Червоної Калини, просп.;наїзд на транспортний засіб, що стоїть - по ходу руху;недодержання дистанції;2;49.789802;24.057725;1;0;1;0;0;2020;5;3;7;Львів;Інше;Недотримання дистанції
неділя;Сихівський;Стуса В.;наїзд на інші види перешкод;перевищення безпечної швидкості;2;49.818365;24.041766;0;0;2;0;0;2020;3;6;0;Львів;Наїзд на перешкоду;Перевищення швидкості
понеділок;Франківський;Володимира Великого;наїзд на транспортний засіб, що стоїть - по ходу руху;порушення правил маневрування;2;49.80906;24.011403;1;0;1;0;0;2020;4;0;19;Львів;Інше;Порушення маневрування
неділя;Франківський;Антоновича В.;наїзд на інші види перешкод;перевищення безпечної швидкості,порушення правил маневрування,недодержання дистанції;2;49.832104;24.001892;0;0;2;0;1;2020;3;6;17;Львів;Наїзд на перешкоду;Порушення маневрування
п'ятниця;Франківський;Володимира Великого;наїзд на пішохода - на нерегульованому пішохідному переході;порушення правил маневрування;2;49.811265;23.991306;1;0;1;0;0;2020;5;4;16;Львів;Наїзд на пішохода;Порушення маневрування
неділя;Франківський;Кульпарківська;зіткнення бокове;перевищення безпечної швидкості;3;49.825415;23.989763;2;0;1;0;1;2020;5;6;14;Львів;Зіткнення автомобілів;Перевищення швидкості
вівторок;Шевченківський;Шевченка Т.;наїзд на інші види перешкод;недодержання дистанції;1;49.853504;23.987156;0;0;1;0;0;2020;4;1;21;Львів;Наїзд на перешкоду;Недотримання дистанції
четвер;Галицький;Личаківська;зіткнення бокове;недодержання дистанції;3;49.839934;24.038231;2;0;1;0;0;2020;5;3;14;Львів;Зіткнення автомобілів;Недотримання дистанції
четвер;Франківський;Наукова;наїзд на велосипедиста - велосипедист рухався у попутному напрямку;порушення правил маневрування;2;49.803608;23.990917;1;0;1;0;0;2020;4;3;10;Львів;Наїзд на велосипедиста;Порушення маневрування
субота;Франківський;Кульпарківська;зіткнення бокове;невиконання вимог сигналів регулювання,перевищення безпечної швидкості;2;49.825358;23.989846;1;0;1;0;1;2020;4;5;10;Львів;Зіткнення автомобілів;Перевищення швидкості
п'ятниця;Шевченківський;Липинського В.;зіткнення лобове;порушення правил маневрування;4;49.860231;24.026949;2;0;2;0;1;2020;5;4;11;Львів;Зіткнення автомобілів;Порушення маневрування
середа;Сихівський;Червоної Калини, просп.;зіткнення бокове;порушення правил маневрування;3;49.799248;24.049121;2;0;1;0;0;2020;4;2;22;Львів;Зіткнення автомобілів;Порушення маневрування
п'ятниця;Залізничний;Шевченка Т.;зіткнення лобове;порушення правил проїзду перехресть;4;49.87626;23.870029;2;0;2;0;0;2020;4;4;9;Передмістя;Зіткнення автомобілів;Порушення проїзду перехресть
п'ятниця;Шевченківський;Біберовича І.;наїзд на пішохода - пішохід рухався у попутному напрямку;порушення правил маневрування;2;49.865712;23.964057;1;0;1;0;0;2020;4;4;10;Львів;Наїзд на пішохода;Порушення маневрування
п'ятниця;Шевченківський;Липинського В.;наїзд на велосипедиста - поза межами велосипедної доріжки;порушення правил маневрування;2;49.865214;24.048766;1;0;1;0;0;2020;4;4;18;Львів;Наїзд на велосипедиста;Порушення маневрування
середа;Франківський;Володимира Великого;зіткнення бокове;порушення правил проїзду перехресть;2;49.811861;23.989297;1;0;1;0;0;2020;3;2;2;Львів;Зіткнення автомобілів;Порушення проїзду перехресть
четвер;Личаківський;Хмельницького Б.;зіткнення лобове;перевищення безпечної швидкості,виїзд на смугу зустрічного руху;3;49.85449;24.044309;2;0;1;0;0;2020;4;3;18;Львів;Зіткнення автомобілів;Перевищення швидкості
п'ятниця;Сихівський;Стрийська;наїзд на інші види перешкод;перевищення безпечної швидкості;1;49.775056;24.014246;0;0;1;0;0;2020;4;4;18;Львів;Наїзд на перешкоду;Перевищення швидкості
субота;Шевченківський;Чорновола В., просп.;зіткнення бокове;перевищення безпечної швидкості,порушення правил маневрування;6;49.853231;24.022765;5;0;1;0;0;2020;5;5;14;Львів;Зіткнення автомобілів;Порушення маневрування
середа;Галицький;Чорновола В., просп.;наїзд на пішохода - стояв на проїздній частині;перехід у невстановленому місці;2;49.846629;24.0256;1;0;1;0;0;2020;4;2;15;Львів;Наїзд на пішохода;Інше
п'ятниця;Галицький;Липнева;зіткнення лобове;порушення правил маневрування;2;49.839702;24.029734;1;0;1;0;0;2020;4;4;15;Львів;Зіткнення автомобілів;Порушення маневрування
середа;Сихівський;Коломийська;зіткнення бокове;порушення правил проїзду перехресть;3;49.78781;24.063041;2;0;1;0;0;2020;5;2;8;Львів;Зіткнення автомобілів;Порушення проїзду перехресть
четвер;Сихівський;Навроцького В.;зіткнення бокове;перевищення безпечної швидкості,порушення правил обгону;5;49.811221;24.052591;2;0;1;2;0;2020;4;3;18;Львів;Зіткнення автомобілів;Перевищення швидкості
п'ятниця;Личаківський;Китайська;наїзд на пішохода - стояв на проїздній частині;порушення правил маневрування;2;49.821729;24.07657;1;1;0;0;0;2020;4;4;11;Львів;Наїзд на пішохода;Порушення маневрування
вівторок;Залізничний;Патона Є.;зіткнення бокове;порушення правил маневрування;2;49.82328;23.964111;1;0;1;0;0;2020;5;1;18;Львів;Зіткнення автомобілів;Порушення маневрування
п'ятниця;Сихівський;Морозна;наїзд на пішохода - пішохід рухався у попутному напрямку;перехід у невстановленому місці;2;49.796011;24.068363;1;0;1;0;0;2020;6;4;15;Львів;Наїзд на пішохода;Інше
середа;Галицький;Городоцька;наїзд на пішохода - на регульованому пішохідному переході;порушення правил маневрування;2;49.843715;24.023795;1;0;1;0;0;2020;6;2;18;Львів;Наїзд на пішохода;Порушення маневрування
понеділок;Сихівський;Гашека Я.;наїзд на велосипедиста - поза межами велосипедної доріжки;порушення правил надання безперешкодного проїзду;2;49.797042;24.021071;1;0;1;0;0;2020;6;0;10;Львів;Наїзд на велосипедиста;Інше
четвер;Франківський;Княгині Ольги;зіткнення бокове;порушення правил маневрування;3;49.815918;24.001951;2;0;1;0;0;2020;6;3;19;Львів;Зіткнення автомобілів;Порушення маневрування
четвер;Шевченківський;Липинського В.;зіткнення лобове;порушення правил маневрування;3;49.860231;24.026928;2;0;1;0;0;2020;6;3;18;Львів;Зіткнення автомобілів;Порушення маневрування
середа;Франківський;Чупринки Т., ген.;наїзд на пішохода - пішохід рухався у попутному напрямку;порушення правил маневрування,порушення правил проїзду пішохідних переходів;2;49.831453;24.009966;1;0;1;0;0;2020;6;2;11;Львів;Наїзд на пішохода;Порушення маневрування
середа;Залізничний;Виговського І.;наїзд на пішохода - пішохід рухався у попутному напрямку;порушення правил маневрування;2;49.815911;23.974534;1;0;1;0;0;2020;6;2;16;Львів;Наїзд на пішохода;Порушення маневрування
понеділок;Залізничний;Патона Є.;зіткнення бокове;порушення правил маневрування;2;49.822248;23.965945;1;0;1;0;0;2020;6;0;19;Львів;Зіткнення автомобілів;Порушення маневрування
четвер;Сихівський;Стрийська;зіткнення бокове;порушення правил маневрування;2;49.815423;24.02159;1;0;1;0;0;2020;6;3;9;Львів;Зіткнення автомобілів;Порушення маневрування
четвер;Галицький;Тютюнників;зіткнення бокове;недодержання дистанції;2;49.826315;24.038923;1;0;1;0;0;2020;5;3;11;Львів;Зіткнення автомобілів;Недотримання дистанції
субота;Залізничний;Виговського І.;наїзд на велосипедиста - поза межами велосипедної доріжки;порушення правил маневрування;2;49.827896;23.967919;0;0;2;0;0;2020;6;5;16;Львів;Наїзд на велосипедиста;Порушення маневрування