accidentDay;district;streetName;accidentType;mainAccidentCause;totalParticipantsAmount;latitude;longitude;Count_Без ушкоджень;Count_Загинув;Count_Легко травмований;Count_Тяжко травмований;Is_Intersection;Year;Month;DayOfWeek;Hour;settlement_grouped;Simple_Type;Simple_Cause
неділя;Личаківський;Зелена;зіткнення бокове;порушення правил маневрування;2;49.82129;24.055375;1;0;1;0;0;2020;5;6;9;Львів;Зіткнення автомобілів;Порушення маневрування
неділя;Залізничний;Кульпарківська;перекидання тз;перевищення безпечної швидкості;1;49.816818;23.986099;0;0;1;0;0;2020;5;6;19;Львів;Перекидання;Перевищення швидкості
п'ятниця;Франківський;Стрийська;наїзд на пішохода - пішохід рухався у попутному напрямку;порушення правил маневрування;2;49.819891;24.020362;1;0;1;0;1;2020;6;4;16;Львів;Наїзд на пішохода;Порушення маневрування
п'ятниця;Залізничний;Любінська;наїзд на пішохода - стояв на проїздній частині;порушення правил маневрування,порушення правил проїзду пішохідних переходів;2;49.822937;23.974866;0;0;2;0;0;2020;6;4;16;Львів;Наїзд на пішохода;Порушення маневрування
субота;Личаківський;Хмельницького Б.;зіткнення з задньою частиною тз;недодержання дистанції;2;49.868339;24.05596;1;0;1;0;0;2020;6;5;8;Львів;Зіткнення автомобілів;Недотримання дистанції
понеділок;Сихівський;Гориня М.;наїзд на пішохода - пішохід рухався у попутному напрямку;перехід у невстановленому місці;2;49.786924;24.053353;1;0;1;0;0;2020;5;0;20;Львів;Наїзд на пішохода;Інше
неділя;Шевченківський;Творча;наїзд на пішохода - пішохід рухався у попутному напрямку;порушення правил проїзду пішохідних переходів;2;49.869653;24.053187;1;0;1;0;0;2020;5;6;1;Львів;Наїзд на пішохода;Порушення проїзду переходів
четвер;Шевченківський;Хмельницького Б.;наїзд на пішохода - на регульованому пішохідному переході;порушення правил маневрування;2;49.873235;24.060144;1;0;1;0;0;2020;6;3;8;Львів;Наїзд на пішохода;Порушення маневрування
вівторок;Шевченківський;Миколайчука І.;наїзд на пішохода - пішохід рухався у попутному напрямку;перехід у невстановленому місці;2;49.879375;24.035296;1;0;1;0;0;2020;6;1;12;Львів;Наїзд на пішохода;Інше
четвер;Сихівський;Кавалерідзе І.;наїзд на велосипедиста - велосипедист рухався у попутному напрямку;порушення правил маневрування;2;49.794099;24.064323;1;0;1;0;0;2020;6;3;18;Львів;Наїзд на велосипедиста;Порушення маневрування
неділя;Залізничний;Виговського І.;зіткнення з задньою частиною тз;порушення правил маневрування;3;49.812896;23.978686;2;0;1;0;0;2020;6;6;19;Львів;Зіткнення автомобілів;Порушення маневрування
понеділок;Шевченківський;Орлика П.;падіння пасажира;порушення правил маневрування,порушення правил перевезення пасажирів;2;49.874684;24.034395;1;0;1;0;0;2020;6;0;0;Львів;Падіння пасажира;Порушення маневрування
неділя;Сихівський;Антонича Б. - І.;наїзд на велосипедиста - поза межами велосипедної доріжки;перевищення безпечної швидкості,недодержання дистанції;2;49.785123;24.067596;0;0;2;0;0;2020;6;6;16;Львів;Наїзд на велосипедиста;Перевищення швидкості
п'ятниця;Галицький;Городоцька;зіткнення бокове;виїзд на смугу зустрічного руху;2;49.843715;24.023554;0;0;2;0;0;2020;6;4;15;Львів;Зіткнення автомобілів;Інше
п'ятниця;Галицький;Коперника М.;наїзд на пішохода - пішохід рухався у попутному напрямку;перевищення безпечної швидкості;2;49.832772;24.018785;1;0;1;0;0;2020;6;4;17;Львів;Наїзд на пішохода;Перевищення швидкості
неділя;Личаківський;Личаківська;зіткнення бокове;недодержання дистанції;3;49.840799;24.045113;0;0;3;0;0;2020;5;6;1;Львів;Зіткнення автомобілів;Недотримання дистанції
неділя;Залізничний;Чернівецька;наїзд на пішохода - пішохід переходив дорогу поза межами піш.переходу;перехід у невстановленому місці;2;49.837906;23.999076;1;0;1;0;0;2020;6;6;18;Львів;Наїзд на пішохода;Інше
субота;Шевченківський;Чорновола В., просп.;наїзд на інші види перешкод;перевищення безпечної швидкості,недодержання дистанції;2;49.860978;24.01975;0;2;0;0;0;2020;5;5;23;Львів;Наїзд на перешкоду;Перевищення швидкості
неділя;Галицький;Франка І.;зіткнення бокове;невиконання вимог сигналів регулювання,виїзд на смугу зустрічного руху;4;49.834516;24.034175;3;0;1;0;0;2020;5;6;9;Львів;Зіткнення автомобілів;Інше
четвер;Залізничний;Кульпарківська;зіткнення лобове;порушення правил маневрування;2;49.804214;23.980998;1;0;1;0;0;2020;6;3;14;Львів;Зіткнення автомобілів;Порушення маневрування
вівторок;Галицький;Бенедиктовича Ю.;падіння пасажира;порушення правил маневрування;2;49.842009;24.015609;1;0;1;0;0;2020;6;1;14;Львів;Падіння пасажира;Порушення маневрування
вівторок;Галицький;Городоцька;наїзд на пішохода - на регульованому пішохідному переході;порушення правил проїзду пішохідних переходів;2;49.842798;24.018549;1;0;1;0;0;2020;6;1;15;Львів;Наїзд на пішохода;Порушення проїзду переходів
середа;Залізничний;Городоцька;наїзд на пішохода - пішохід переходив дорогу поза межами піш.переходу;порушення правил проїзду пішохідних переходів;2;49.829471;23.962002;1;0;1;0;0;2020;6;2;16;Львів;Наїзд на пішохода;Порушення проїзду переходів
четвер;Сихівський;Луганська;зіткнення бокове;порушення правил проїзду перехресть;5;49.811016;24.024954;3;0;2;0;1;2020;6;3;17;Львів;Зіткнення автомобілів;Порушення проїзду перехресть
неділя;Залізничний;Шевченка Т.;зіткнення бокове;порушення правил маневрування;2;49.841539;23.863013;1;0;1;0;0;2020;5;6;14;Передмістя;Зіткнення автомобілів;Порушення маневрування
неділя;Франківський;Наукова;наїзд на пішохода - пішохід рухався у попутному напрямку;перехід у невстановленому місці;2;49.802358;24.012702;1;0;1;0;0;2020;6;6;20;Львів;Наїзд на пішохода;Інше
середа;Франківський;Окружна;зіткнення бокове;порушення правил маневрування;3;49.829734;23.979571;1;0;2;0;0;2020;6;2;19;Львів;Зіткнення автомобілів;Порушення маневрування
понеділок;Личаківський;Медової Печери;наїзд на пішохода - пішохід переходив дорогу поза межами піш.переходу;порушення правил маневрування;2;49.824169;24.080492;1;0;1;0;0;2020;6;0;22;Львів;Наїзд на пішохода;Порушення маневрування
середа;Шевченківський;Шевченка Т.;зіткнення бокове;невиконання вимог сигналів регулювання;2;49.871591;23.944662;1;0;1;0;0;2020;6;2;8;Львів;Зіткнення автомобілів;Інше
понеділок;Франківський;Городоцька;наїзд на інші види перешкод;перевтома, сон за кермом;1;49.835043;23.995163;0;0;1;0;0;2020;6;0;13;Львів;Наїзд на перешкоду;Інше
неділя;Залізничний;Кузневича Г.;наїзд на велосипедиста - велосипедист рухався у попутному напрямку;порушення правил маневрування;2;49.833893;23.982382;1;0;1;0;0;2020;6;6;17;Львів;Наїзд на велосипедиста;Порушення маневрування
понеділок;Франківський;Героїв УПА;наїзд на пішохода - на регульованому пішохідному переході;порушення правил маневрування;2;49.831059;23.996716;1;0;1;0;0;2020;5;0;8;Львів;Наїзд на пішохода;Порушення маневрування
п'ятниця;Шевченківський;Шевченка Т.;зіткнення з задньою частиною тз;порушення правил проїзду перехресть;2;49.869041;23.953704;1;0;1;0;0;2020;5;4;9;Львів;Зіткнення автомобілів;Порушення проїзду перехресть
четвер;Сихівський;Червоної Калини, просп.;наїзд на пішохода - на регульованому пішохідному переході;пішоходи невиконання вимог сигналів регулювання;2;49.810241;24.046471;1;0;1;0;1;2020;6;3;8;Львів;Наїзд на пішохода;Інше
середа;Франківський;Наукова;зіткнення бокове;перевищення безпечної швидкості,недодержання дистанції;2;49.802084;24.014118;1;0;1;0;0;2020;6;2;14;Львів;Зіткнення автомобілів;Перевищення швидкості
субота;Шевченківський;Чорновола В., просп.;зіткнення бокове;порушення правил маневрування;3;49.863112;24.018046;2;0;1;0;0;2020;6;5;0;Львів;Зіткнення автомобілів;Порушення маневрування
середа;Сихівський;Зелена;зіткнення бокове;порушення правил проїзду перехресть;4;49.80196;24.066346;2;0;2;0;0;2020;6;2;21;Львів;Зіткнення автомобілів;Порушення проїзду перехресть
середа;Франківський;Стрийська;зіткнення бокове;порушення правил маневрування,виїзд на смугу зустрічного руху;5;49.806807;24.018999;0;0;5;0;0;2020;5;2;12;Львів;Зіткнення автомобілів;Порушення маневрування
п'ятниця;Сихівський;Червоної Калини, просп.;наїзд на інші види перешкод;перевищення безпечної швидкості;5;49.79769;24.05103;1;0;4;0;0;2020;6;4;3;Львів;Наїзд на перешкоду;Перевищення швидкості
четвер;Франківський;Стрийська;наїзд на пішохода - стояв на проїздній частині;порушення правил маневрування;2;49.792105;24.015459;1;0;1;0;0;2020;6;3;19;Львів;Наїзд на пішохода;Порушення маневрування
четвер;Залізничний;Городоцька;зіткнення лобове;виїзд на смугу зустрічного руху;2;49.836758;24.00179;1;0;1;0;0;2020;6;3;11;Львів;Зіткнення автомобілів;Інше
четвер;Залізничний;Городоцька;наїзд на велосипедиста - велосипедист рухався у попутному напрямку;порушення правил проїзду пішохідних переходів;2;49.833658;23.970076;1;0;1;0;0;2020;5;3;9;Львів;Наїзд на велосипедиста;Порушення проїзду переходів
четвер;Франківський;Княгині Ольги;наїзд на пішохода - пішохід рухався у попутному напрямку;невиконання вимог сигналів регулювання;3;49.816627;24.002504;1;0;1;1;0;2020;7;3;14;Львів;Наїзд на пішохода;Інше
неділя;Франківський;Кульпарківська;наїзд на пішохода - пішохід на тротуарі чи велосипедній доріжці;порушення правил маневрування;2;49.816942;23.986866;1;0;1;0;0;2020;6;6;19;Львів;Наїзд на пішохода;Порушення маневрування
понеділок;Шевченківський;Мазепи І., гетьм.;зіткнення бокове;порушення правил маневрування,порушення правил проїзду пішохідних переходів;2;49.832142;23.892614;1;0;1;0;0;2020;7;0;19;Львів;Зіткнення автомобілів;Порушення маневрування
понеділок;Галицький;Городоцька;наїзд на транспортний засіб, що стоїть - по ходу руху;порушення правил маневрування;3;49.84267;24.019884;2;0;1;0;0;2020;7;0;12;Львів;Інше;Порушення маневрування
п'ятниця;Франківський;Стрийська;наїзд на пішохода - пішохід рухався у попутному напрямку;порушення правил проїзду пішохідних переходів;2;49.792046;24.015475;1;0;1;0;0;2020;7;4;17;Львів;Наїзд на пішохода;Порушення проїзду переходів
п'ятниця;Сихівський;Хуторівка;наїзд на пішохода - пішохід рухався у попутному напрямку;порушення правил маневрування;2;49.799906;24.026531;1;0;1;0;0;2020;7;4;14;Львів;Наїзд на пішохода;Порушення маневрування
субота;Шевченківський;Шевченка Т.;зіткнення бокове;порушення правил маневрування;4;49.842833;24.016644;3;0;1;0;0;2020;6;5;15;Львів;Зіткнення автомобілів;Порушення маневрування
п'ятниця;Шевченківський;Хмельницького Б.;зіткнення бокове;невиконання вимог сигналів регулювання;2;49.852974;24.035055;1;0;1;0;0;2020;7;4;19;Львів;Зіткнення автомобілів;Інше
вівторок;Сихівський;Червоної Калини, просп.;зіткнення бокове;невиконання вимог сигналів регулювання;2;49.799332;24.048477;1;1;0;0;0;2020;7;1;16;Львів;Зіткнення автомобілів;Інше
п'ятниця;Шевченківський;Погідна;наїзд на пішохода - пішохід рухався у попутному напрямку;порушення правил маневрування;2;49.857675;24.044829;1;0;1;0;0;2020;6;4;0;Львів;Наїзд на пішохода;Порушення маневрування
вівторок;Сихівський;Зелена;наїзд на пішохода - на регульованому пішохідному переході;порушення правил маневрування;2;49.786268;24.075703;1;0;1;0;0;2020;6;1;15;Львів;Наїзд на пішохода;Порушення маневрування
середа;Франківський;Володимира Великого;наїзд на пішохода - пішохід рухався у попутному напрямку;порушення правил проїзду пішохідних переходів;2;49.809756;24.002928;1;0;1;0;0;2020;7;2;12;Львів;Наїзд на пішохода;Порушення проїзду переходів
п'ятниця;Сихівський;Зелена;наїзд на пішохода - стояв на проїздній частині;порушення правил маневрування;2;49.803338;24.064248;1;0;1;0;0;2020;6;4;15;Львів;Наїзд на пішохода;Порушення маневрування
неділя;Шевченківський;Шевченка Т.;зіткнення бокове;перевищення безпечної швидкості,недодержання дистанції;6;49.871863;23.942771;1;0;5;0;0;2020;6;6;19;Львів;Зіткнення автомобілів;Перевищення швидкості
субота;Сихівський;Стрийська;перекидання тз;порушення правил маневрування,перевищення безпечної швидкості;1;49.779901;24.014052;0;0;1;0;0;2020;6;5;22;Львів;Перекидання;Порушення маневрування
субота;Залізничний;Городоцька;наїзд на пішохода - на нерегульованому пішохідному переході;порушення правил проїзду пішохідних переходів;2;49.836131;23.998217;1;0;0;1;0;2020;7;5;7;Львів;Наїзд на пішохода;Порушення проїзду переходів
п'ятниця;Шевченківський;Хвильового М.;наїзд на пішохода - стояв на проїздній частині;порушення правил маневрування;2;49.868996;24.033853;1;0;1;0;0;2020;7;4;22;Львів;Наїзд на пішохода;Порушення маневрування
середа;Залізничний;Городоцька;наїзд на велосипедиста - велосипедист рухався у попутному напрямку;порушення правил маневрування;2;49.831093;23.970898;1;0;1;0;0;2020;6;2;17;Львів;Наїзд на велосипедиста;Порушення маневрування
вівторок;Сихівський;Хуторівка;наїзд на пішохода - пішохід рухався у попутному напрямку;порушення правил маневрування;2;49.79948;24.034395;1;0;1;0;0;2020;6;1;14;Львів;Наїзд на пішохода;Порушення маневрування
п'ятниця;Сихівський;Луганська;зіткнення бокове;порушення правил проїзду перехресть;2;49.810995;24.024922;1;0;1;0;1;2020;7;4;20;Львів;Зіткнення автомобілів;Порушення проїзду перехресть
неділя;Галицький;Соборна, пл.;наїзд на пішохода - пішохід рухався у попутному напрямку;порушення правил проїзду пішохідних переходів,неочікуваний вихід на проїзну частину;2;49.838401;24.034701;1;0;1;0;0;2020;7;6;22;Львів;Наїзд на пішохода;Порушення проїзду переходів
середа;Залізничний;Городоцька;наїзд на пішохода - пішохід рухався у попутному напрямку;порушення правил проїзду пішохідних переходів;2;49.825578;23.913867;1;0;1;0;0;2020;7;2;17;Львів;Наїзд на пішохода;Порушення проїзду переходів
п'ятниця;Личаківський;Глинянський Тракт;наїзд на пішохода - стояв на проїздній частині;порушення правил маневрування;2;49.842321;24.103913;1;0;1;0;0;2020;6;4;12;Львів;Наїзд на пішохода;Порушення маневрування
четвер;Личаківський;Хмельницького Б.;наїзд на пішохода - на нерегульованому пішохідному переході;порушення правил проїзду пішохідних переходів;2;49.874144;24.061126;1;0;1;0;0;2020;6;3;12;Львів;Наїзд на пішохода;Порушення проїзду переходів
п'ятниця;Залізничний;Городоцька;наїзд на пішохода - стояв на проїздній частині;порушення правил маневрування;2;49.829073;23.960007;1;0;1;0;0;2020;6;4;15;Львів;Наїзд на пішохода;Порушення маневрування
четвер;Шевченківський;Єрошенка В.;наїзд на інші види перешкод;перевищення безпечної швидкості;1;49.855486;24.004033;0;0;1;0;0;2020;7;3;7;Львів;Наїзд на перешкоду;Перевищення швидкості
понеділок;Шевченківський;Брюховицька;зіткнення бокове;перевищення безпечної швидкості;2;49.87384;23.950753;1;0;1;0;0;2020;7;0;14;Львів;Зіткнення автомобілів;Перевищення швидкості
четвер;Сихівський;Червоної Калини, просп.;зіткнення бокове;перевищення безпечної швидкості,недодержання дистанції;2;49.805647;24.045929;0;0;2;0;0;2020;7;3;6;Львів;Зіткнення автомобілів;Перевищення швидкості
четвер;Личаківський;Личаківська;наїзд на інші види перешкод;перевищення безпечної швидкості;2;49.839501;24.038907;1;0;1;0;0;2020;7;3;5;Львів;Наїзд на перешкоду;Перевищення швидкості
четвер;Залізничний;Головатого А.;наїзд на пішохода - пішохід рухався у попутному напрямку;перевищення безпечної швидкості,недодержання дистанції;2;49.827432;23.97154;1;0;1;0;0;2020;7;3;22;Львів;Наїзд на пішохода;Перевищення швидкості
субота;Франківський;Героїв УПА;зіткнення бокове;порушення правил проїзду перехресть;2;49.828031;23.989999;1;1;0;0;1;2020;7;5;12;Львів;Зіткнення автомобілів;Порушення проїзду перехресть
неділя;Сихівський;Кавалерідзе І.;наїзд на пішохода - пішохід рухався у попутному напрямку;пішоходи невиконання вимог сигналів регулювання;2;49.794508;24.06405;1;0;1;0;1;2020;7;6;16;Львів;Наїзд на пішохода;Інше
вівторок;Шевченківський;Шевченка Т.;зіткнення бокове;порушення правил маневрування;5;49.871226;23.945518;4;0;1;0;0;2020;6;1;18;Львів;Зіткнення автомобілів;Порушення маневрування
неділя;Сихівський;Червоної Калини, просп.;наїзд на пішохода - пішохід рухався у попутному напрямку;пішоходи невиконання вимог сигналів регулювання,неочікуваний вихід на проїзну частину;2;49.797739;24.052602;1;0;0;1;0;2020;7;6;2;Львів;Наїзд на пішохода;Інше
четвер;Сихівський;Луганська;наїзд на пішохода - пішохід рухався у попутному напрямку;недодержання дистанції;3;49.80978;24.03115;2;0;1;0;1;2020;7;3;17;Львів;Наїзд на пішохода;Недотримання дистанції
четвер;Залізничний;Низинна;наїзд на пішохода - пішохід рухався у попутному напрямку;порушення правил проїзду пішохідних переходів;2;49.843704;23.970672;1;0;1;0;0;2020;7;3;20;Львів;Наїзд на пішохода;Порушення проїзду переходів
четвер;Шевченківський;Весняна;наїзд на пішохода - пішохід рухався у попутному напрямку;порушення правил проїзду пішохідних переходів;2;49.861918;24.030163;1;0;0;1;0;2020;7;3;13;Львів;Наїзд на пішохода;Порушення проїзду переходів
четвер;Сихівський;Луганська;зіткнення бокове;порушення правил маневрування;2;49.808787;24.036992;1;0;1;0;0;2020;7;3;17;Львів;Зіткнення автомобілів;Порушення маневрування
понеділок;Шевченківський;Промислова;наїзд на пішохода - пішохід рухався у попутному напрямку;порушення правил маневрування,перевищення безпечної швидкості,порушення правил проїзду пішохідних переходів;2;49.859594;24.044706;1;1;0;0;0;2020;7;0;22;Львів;Наїзд на пішохода;Порушення маневрування
четвер;Сихівський;Зелена;падіння пасажира;недодержання дистанції;2;49.806017;24.062011;1;0;1;0;0;2020;6;3;7;Львів;Падіння пасажира;Недотримання дистанції
понеділок;Сихівський;Стрийська;зіткнення бокове;невиконання вимог сигналів регулювання;4;49.783716;24.01401;2;0;2;0;1;2020;7;0;12;Львів;Зіткнення автомобілів;Інше
середа;Шевченківський;Шевченка Т.;наїзд на пішохода - пішохід рухався у попутному напрямку;перехід у невстановленому місці;2;49.850114;23.998341;1;0;1;0;0;2020;7;2;19;Львів;Наїзд на пішохода;Інше
середа;Франківський;Володимира Великого;зіткнення бокове;порушення правил проїзду перехресть;2;49.810916;23.998185;1;0;1;0;0;2020;7;2;14;Львів;Зіткнення автомобілів;Порушення проїзду перехресть
четвер;Личаківський;Хмельницького Б.;зіткнення бокове;порушення правил маневрування;2;49.818517;24.111418;1;0;1;0;0;2020;6;3;16;Львів;Зіткнення автомобілів;Порушення маневрування
четвер;Залізничний;Петлюри С.;наїзд на пішохода - на нерегульованому пішохідному переході;порушення правил маневрування;2;49.843801;23.874847;1;0;1;0;0;2020;6;3;8;Передмістя;Наїзд на пішохода;Порушення маневрування
вівторок;Шевченківський;Грінченка Б.;наїзд на велосипедиста - велосипедист рухався у попутному напрямку;порушення правил маневрування;2;49.871282;24.053836;1;0;1;0;0;2020;6;1;16;Львів;Наїзд на велосипедиста;Порушення маневрування
четвер;Шевченківський;Тена Б.;зіткнення бокове;порушення правил маневрування;2;49.861489;24.028494;1;0;1;0;1;2020;7;3;16;Львів;Зіткнення автомобілів;Порушення маневрування
п'ятниця;Франківський;Коновальця Є.;наїзд на велосипедиста - поза межами велосипедної доріжки;порушення правил проїзду перехресть;2;49.828868;24.000408;1;0;1;0;0;2020;7;4;9;Львів;Наїзд на велосипедиста;Порушення проїзду перехресть
середа;Шевченківський;Липинського В.;зіткнення лобове;порушення правил маневрування;2;49.86358648248799;24.034192882309625;0;1;1;0;0;2020;6;2;11;Львів;Зіткнення автомобілів;Порушення маневрування
вівторок;Франківський;Сахарова А., акад.;зіткнення бокове;порушення правил проїзду перехресть;2;49.826135;24.009891;1;0;1;0;1;2020;7;1;8;Львів;Зіткнення автомобілів;Порушення проїзду перехресть
вівторок;Сихівський;Зелена;зіткнення бокове;порушення правил маневрування;4;49.795298;24.073185;3;0;1;0;0;2020;7;1;15;Львів;Зіткнення автомобілів;Порушення маневрування
середа;Франківський;Володимира Великого;падіння пасажира;перевищення безпечної швидкості,порушення правил маневрування;2;49.810919;23.994881;1;1;0;0;0;2020;7;2;15;Львів;Падіння пасажира;Порушення маневрування
середа;Залізничний;Городоцька;зіткнення бокове;порушення правил маневрування;2;49.823523;23.929528;1;0;1;0;0;2020;7;2;17;Львів;Зіткнення автомобілів;Порушення маневрування
неділя;Личаківський;Богданівська;наїзд на інші види перешкод;перевищення безпечної швидкості,керування транспортним засобом у нетверезому стані;1;49.850325;24.076935;0;0;1;0;0;2020;7;6;17;Львів;Наїзд на перешкоду;Перевищення швидкості
четвер;Сихівський;Сихівська;наїзд на пішохода - пішохід рухався у попутному напрямку;порушення правил проїзду пішохідних переходів;2;49.795315;24.066566;1;0;1;0;0;2020;7;3;17;Львів;Наїзд на пішохода;Порушення проїзду переходів
понеділок;Шевченківський;Лінкольна А.;наїзд на пішохода - пішохід рухався у попутному напрямку;порушення правил маневрування;2;49.865833;24.032485;1;0;1;0;0;2020;6;0;10;Львів;Наїзд на пішохода;Порушення маневрування
п'ятниця;Франківський;Кульпарківська;зіткнення бокове;порушення правил маневрування,перевищення безпечної швидкості;6;49.828841;23.990182;3;0;3;0;1;2020;7;4;14;Львів;Зіткнення автомобілів;Порушення маневрування
четвер;Шевченківський;Винниця;зіткнення бокове;порушення правил маневрування;1;49.862008;23.993143;0;0;1;0;0;2020;7;3;13;Львів;Зіткнення автомобілів;Порушення маневрування
четвер;Галицький;Нижанківського О.;наїзд на пішохода - пішохід рухався у попутному напрямку;порушення правил маневрування;2;49.838021;24.032614;1;0;1;0;0;2020;7;3;22;Львів;Наїзд на пішохода;Порушення маневрування
вівторок;Шевченківський;Хвильового М.;наїзд на пішохода - пішохід рухався у попутному напрямку;порушення правил маневрування;2;49.869982;24.040489;1;0;1;0;0;2020;7;1;20;Львів;Наїзд на пішохода;Порушення маневрування
субота;Сихівський;Зелена;зіткнення бокове;недодержання дистанції,перевищення безпечної швидкості;4;49.806436;24.063599;3;0;1;0;0;2020;7;5;16;Львів;Зіткнення автомобілів;Перевищення швидкості
четвер;Личаківський;Богданівська;наїзд на пішохода - пішохід рухався у попутному напрямку;порушення правил проїзду пішохідних переходів;2;49.855237;24.075744;1;0;1;0;0;2020;7;3;19;Львів;Наїзд на пішохода;Порушення проїзду переходів
п'ятниця;Залізничний;Виговського І.;зіткнення лобове;порушення правил маневрування;2;49.829536;23.968134;1;0;1;0;0;2020;7;4;10;Львів;Зіткнення автомобілів;Порушення маневрування
п'ятниця;Шевченківський;Нагірна;зіткнення бокове;перевищення безпечної швидкості;3;49.878321;24.055767;1;0;2;0;0;2020;7;4;20;Львів;Зіткнення автомобілів;Перевищення швидкості
середа;Залізничний;Любінська;зіткнення бокове;порушення правил маневрування;3;49.820632;23.969012;0;0;3;0;1;2020;7;2;23;Львів;Зіткнення автомобілів;Порушення маневрування
субота;Галицький;Шептицьких;наїзд на пішохода - пішохід рухався у попутному напрямку;порушення правил маневрування,порушення правил проїзду пішохідних переходів;2;49.837235;24.011843;1;0;1;0;0;2020;6;5;21;Львів;Наїзд на пішохода;Порушення маневрування
понеділок;Франківський;Горбачевського І.;зіткнення бокове;порушення правил маневрування;2;49.82928;24.008625;1;0;1;0;0;2020;7;0;12;Львів;Зіткнення автомобілів;Порушення маневрування
понеділок;Шевченківський;Чорновола В., просп.;наїзд на пішохода - стояв на проїздній частині;порушення правил маневрування;2;49.857229;24.022937;1;0;1;0;0;2020;7;0;22;Львів;Наїзд на пішохода;Порушення маневрування
субота;Сихівський;Морозна;наїзд на пішохода - пішохід рухався у попутному напрямку;перевищення безпечної швидкості;2;49.796624;24.067971;1;0;1;0;0;2020;7;5;23;Львів;Наїзд на пішохода;Перевищення швидкості
четвер;Франківський;Стрийська;зіткнення бокове;перевищення безпечної швидкості,недодержання дистанції;5;49.796156;24.016038;3;0;2;0;0;2020;7;3;18;Львів;Зіткнення автомобілів;Перевищення швидкості
середа;Франківський;Кульпарківська;наїзд на велосипедиста - велосипедист рухався у попутному напрямку;порушення правил маневрування;2;49.810185;23.983878;1;0;1;0;0;2020;8;2;17;Львів;Наїзд на велосипедиста;Порушення маневрування
вівторок;Франківський;Антоновича В.;наїзд на інші види перешкод;перевищення безпечної швидкості;1;49.830149;23.998561;0;0;1;0;0;2020;8;1;12;Львів;Наїзд на перешкоду;Перевищення швидкості
понеділок;Сихівський;Стуса В.;наїзд на інші види перешкод;перевищення безпечної швидкості;1;49.819047;24.04139;0;0;1;0;0;2020;8;0;0;Львів;Наїзд на перешкоду;Перевищення швидкості
п'ятниця;Франківський;Тролейбусна;наїзд на велосипедиста - поза межами велосипедної доріжки;порушення правил маневрування;2;49.803192;24.006382;1;0;1;0;0;2020;7;4;9;Львів;Наїзд на велосипедиста;Порушення маневрування
понеділок;Сихівський;Сихівська;зіткнення бокове;порушення правил маневрування;1;49.796312;24.063647;0;0;1;0;0;2020;8;0;21;Львів;Зіткнення автомобілів;Порушення маневрування
четвер;Личаківський;Личаківська;наїзд на пішохода - пішохід рухався у попутному напрямку;порушення правил маневрування;2;49.837806;24.059157;1;0;1;0;0;2020;7;3;7;Львів;Наїзд на пішохода;Порушення маневрування
середа;Шевченківський;Замарстинівська;наїзд на пішохода - пішохід рухався у попутному напрямку;порушення правил проїзду пішохідних переходів,недодержання дистанції;3;49.857039;24.027851;2;1;0;0;0;2020;8;2;7;Львів;Наїзд на пішохода;Недотримання дистанції
понеділок;Шевченківський;Мазепи І., гетьм.;падіння пасажира;порушення правил маневрування;2;49.871323;24.037185;1;0;1;0;0;2020;8;0;16;Львів;Падіння пасажира;Порушення маневрування
четвер;Сихівський;Максимовича М.;зіткнення бокове;перевищення безпечної швидкості,недодержання дистанції;2;49.794148;24.016371;1;0;1;0;0;2020;8;3;21;Львів;Зіткнення автомобілів;Перевищення швидкості
п'ятниця;Залізничний;Городоцька;зіткнення з задньою частиною тз;перевищення безпечної швидкості,недодержання дистанції;4;49.829249;23.960366;3;0;1;0;0;2020;8;4;11;Львів;Зіткнення автомобілів;Перевищення швидкості
понеділок;Личаківський;Туркменська;зіткнення бокове;порушення правил проїзду перехресть;2;49.85763;24.048466;1;0;1;0;0;2020;8;0;13;Львів;Зіткнення автомобілів;Порушення проїзду перехресть
вівторок;Шевченківський;Липинського В.;наїзд на пішохода - пішохід рухався у попутному напрямку;порушення правил проїзду пішохідних переходів;2;49.857889;24.023736;1;0;1;0;0;2020;9;1;15;Львів;Наїзд на пішохода;Порушення проїзду переходів
середа;Галицький;Дорошенка П.;наїзд на транспортний засіб, що стоїть - по ходу руху;недодержання дистанції;2;49.835484;24.019482;1;0;1;0;0;2020;9;2;14;Львів;Інше;Недотримання дистанції
понеділок;Сихівський;Драгана М.;наїзд на пішохода - на нерегульованому пішохідному переході;порушення правил проїзду пішохідних переходів;2;49.784922;24.05875;1;0;1;0;0;2020;7;0;10;Львів;Наїзд на пішохода;Порушення проїзду переходів
понеділок;Шевченківський;Шевченка Т.;зіткнення бокове;порушення правил маневрування;2;49.872762;23.929021;1;0;0;1;0;2020;8;0;20;Львів;Зіткнення автомобілів;Порушення маневрування
четвер;Франківський;Княгині Ольги;зіткнення бокове;порушення правил проїзду пішохідних переходів;2;49.822079;24.006436;1;0;1;0;0;2020;8;3;14;Львів;Зіткнення автомобілів;Порушення проїзду переходів
середа;Залізничний;Кульпарківська;зіткнення бокове;порушення правил проїзду перехресть;3;49.821414;23.988583;2;0;1;0;1;2020;8;2;21;Львів;Зіткнення автомобілів;Порушення проїзду перехресть