accidentDay;district;streetName;accidentType;mainAccidentCause;totalParticipantsAmount;latitude;longitude;Count_Без ушкоджень;Count_Загинув;Count_Легко травмований;Count_Тяжко травмований;Is_Intersection;Year;Month;DayOfWeek;Hour;settlement_grouped;Simple_Type;Simple_Cause
субота;Шевченківський;Шевченка Т.;наїзд на велосипедиста - велосипедист рухався у попутному напрямку;невиконання вимог сигналів регулювання;2;49.868903;23.953194;1;0;1;0;0;2020;8;5;19;Львів;Наїзд на велосипедиста;Інше
четвер;Сихівський;Хуторівка;наїзд на пішохода - пішохід рухався у попутному напрямку;перехід у невстановленому місці;2;49.799449;24.030924;1;0;1;0;0;2020;7;3;14;Львів;Наїзд на пішохода;Інше
вівторок;Залізничний;Кульпарківська;зіткнення лобове;перевищення безпечної швидкості,порушення правил маневрування;3;49.806654;23.97927;2;0;0;1;0;2020;8;1;18;Львів;Зіткнення автомобілів;Порушення маневрування
понеділок;Шевченківський;Липинського В.;зіткнення бокове;недодержання дистанції;5;49.861521;24.027743;2;0;3;0;0;2020;8;0;19;Львів;Зіткнення автомобілів;Недотримання дистанції
середа;Личаківський;Тершаковців;зіткнення бокове;недодержання дистанції;3;49.836455;24.041413;2;0;1;0;0;2020;8;2;8;Львів;Зіткнення автомобілів;Недотримання дистанції
середа;Сихівський;Сихівська;наїзд на інші види перешкод;перевищення безпечної швидкості;1;49.795623;24.060005;0;0;1;0;0;2020;8;2;22;Львів;Наїзд на перешкоду;Перевищення швидкості
середа;Залізничний;Роксоляни;наїзд на пішохода - пішохід рухався у попутному напрямку;перехід у невстановленому місці;2;49.848461;23.961697;1;0;1;0;0;2020;8;2;8;Львів;Наїзд на пішохода;Інше
п'ятниця;Сихівський;Червоної Калини, просп.;наїзд на пішохода - стояв на проїздній частині;порушення правил маневрування;2;49.799155;24.047045;1;0;1;0;0;2020;8;4;15;Львів;Наїзд на пішохода;Порушення маневрування
середа;Франківський;Володимира Великого;зіткнення бокове;недодержання дистанції,керування транспортним засобом у нетверезому стані;2;49.811092;23.993411;1;0;1;0;0;2020;8;2;16;Львів;Зіткнення автомобілів;Недотримання дистанції
неділя;Галицький;Франка І.;перекидання тз;порушення правил маневрування;1;49.830457;24.03174;0;0;1;0;0;2020;8;6;12;Львів;Перекидання;Порушення маневрування
субота;Личаківський;Вашингтона Дж.;наїзд на пішохода - пішохід рухався у попутному напрямку;невиконання вимог сигналів регулювання;2;49.815274;24.07524;1;0;1;0;0;2020;6;5;10;Львів;Наїзд на пішохода;Інше
середа;Шевченківський;Мазепи І., гетьм.;наїзд на пішохода - пішохід рухався у попутному напрямку;порушення правил маневрування;2;49.835671;23.890607;1;0;1;0;0;2020;8;2;19;Львів;Наїзд на пішохода;Порушення маневрування
середа;Личаківський;Пасічна;наїзд на пішохода - пішохід рухався у попутному напрямку;порушення правил проїзду пішохідних переходів;2;49.824754;24.074923;1;0;1;0;0;2020;8;2;12;Львів;Наїзд на пішохода;Порушення проїзду переходів
неділя;Сихівський;Червоної Калини, просп.;зіткнення бокове;невиконання вимог сигналів регулювання;2;49.800007;24.04698;1;0;1;0;0;2020;8;6;9;Львів;Зіткнення автомобілів;Інше
неділя;Личаківський;Личаківська;наїзд на пішохода - пішохід рухався у попутному напрямку;порушення правил проїзду пішохідних переходів,порушення правил маневрування;2;49.839954;24.042082;1;0;1;0;0;2020;8;6;21;Львів;Наїзд на пішохода;Порушення маневрування
субота;Сихівський;Стрийська;наїзд на інші види перешкод;недодержання дистанції;1;49.774973;24.025898;0;0;1;0;0;2020;8;5;20;Львів;Наїзд на перешкоду;Недотримання дистанції
п'ятниця;Франківський;Володимира Великого;зіткнення бокове;порушення правил маневрування;2;49.80959;24.005224;1;0;1;0;0;2020;8;4;8;Львів;Зіткнення автомобілів;Порушення маневрування
понеділок;Франківський;Наукова;наїзд на пішохода - пішохід рухався у попутному напрямку;перехід у невстановленому місці;2;49.801849;24.017894;1;0;1;0;1;2020;8;0;23;Львів;Наїзд на пішохода;Інше
субота;Сихівський;Червоної Калини, просп.;перекидання тз;перевищення безпечної швидкості;1;49.795723;24.055402;0;0;1;0;0;2020;8;5;21;Львів;Перекидання;Перевищення швидкості
середа;Шевченківський;Жовківська;зіткнення бокове;порушення правил маневрування;3;49.857706;24.03682;1;0;2;0;0;2020;8;2;20;Львів;Зіткнення автомобілів;Порушення маневрування
середа;Залізничний;Повітряна;наїзд на пішохода - пішохід рухався у попутному напрямку;перевищення безпечної швидкості,порушення правил маневрування;4;49.845182;23.977162;1;0;3;0;0;2020;8;2;8;Львів;Наїзд на пішохода;Порушення маневрування
п'ятниця;Сихівський;Стрийська;падіння пасажира;порушення техніки безпеки пасажиром;2;49.816105;24.019965;1;0;1;0;0;2020;8;4;3;Львів;Падіння пасажира;Інше
неділя;Франківський;Наукова;зіткнення бокове;порушення правил надання безперешкодного проїзду;2;49.804078;23.997381;1;0;1;0;1;2020;8;6;12;Львів;Зіткнення автомобілів;Інше
п'ятниця;Личаківський;Богданівська;зіткнення бокове;перевищення безпечної швидкості;1;49.840377;24.085443;0;0;1;0;0;2020;7;4;19;Львів;Зіткнення автомобілів;Перевищення швидкості
середа;Залізничний;Городоцька;зіткнення бокове;порушення правил проїзду перехресть;2;49.836903;24.001726;1;0;1;0;0;2020;9;2;8;Львів;Зіткнення автомобілів;Порушення проїзду перехресть
понеділок;Сихівський;Козельницька;зіткнення бокове;порушення правил проїзду перехресть,керування транспортним засобом у нетверезому стані;2;49.810989;24.024911;1;0;1;0;1;2020;8;0;19;Львів;Зіткнення автомобілів;Порушення проїзду перехресть
вівторок;Залізничний;Городоцька;наїзд на пішохода - пішохід рухався у попутному напрямку;порушення правил проїзду пішохідних переходів;2;49.827427;23.950943;1;0;0;1;0;2020;9;1;23;Львів;Наїзд на пішохода;Порушення проїзду переходів
неділя;Франківський;Кульпарківська;наїзд на інші види перешкод;порушення правил маневрування;1;49.807928;23.981953;0;0;1;0;0;2020;8;6;2;Львів;Наїзд на перешкоду;Порушення маневрування
вівторок;Залізничний;Любінська;падіння пасажира;перевищення безпечної швидкості;2;49.825443;23.979764;1;0;1;0;0;2020;8;1;12;Львів;Падіння пасажира;Перевищення швидкості
середа;Шевченківський;Космічна;наїзд на інші види перешкод;керування транспортним засобом у нетверезому стані,перевищення безпечної швидкості;3;49.870082;24.043413;1;0;2;0;0;2020;7;2;0;Львів;Наїзд на перешкоду;Перевищення швидкості
середа;Галицький;Беринди П.;наїзд на інші види перешкод;невиконання вимог сигналів регулювання;2;49.840591;24.028242;1;0;1;0;0;2020;7;2;10;Львів;Наїзд на перешкоду;Інше
п'ятниця;Франківський;Стрийська;зіткнення бокове;перевищення безпечної швидкості;2;49.801932;24.017926;1;0;1;0;0;2020;8;4;14;Львів;Зіткнення автомобілів;Перевищення швидкості
вівторок;Франківський;Княгині Ольги;наїзд на пішохода - пішохід рухався у попутному напрямку;порушення правил проїзду пішохідних переходів;2;49.823359;24.00613;1;0;1;0;0;2020;9;1;21;Львів;Наїзд на пішохода;Порушення проїзду переходів
вівторок;Сихівський;Червоної Калини, просп.;зіткнення бокове;перевищення безпечної швидкості,недодержання дистанції;2;49.807007;24.046937;1;0;0;1;0;2020;9;1;19;Львів;Зіткнення автомобілів;Перевищення швидкості
вівторок;Галицький;Свободи, просп.;наїзд на пішохода - пішохід рухався у попутному напрямку;перевищення безпечної швидкості;2;49.842383;24.027572;1;0;1;0;0;2020;9;1;15;Львів;Наїзд на пішохода;Перевищення швидкості
субота;Залізничний;Городоцька;наїзд на пішохода - пішохід рухався у попутному напрямку;порушення правил маневрування;2;49.832748;23.980199;1;0;1;0;0;2020;8;5;2;Львів;Наїзд на пішохода;Порушення маневрування
середа;Сихівський;Луганська;зіткнення бокове;порушення правил маневрування;3;49.811778;24.021971;2;0;1;0;0;2020;8;2;19;Львів;Зіткнення автомобілів;Порушення маневрування
понеділок;Личаківський;Старознесенська;падіння пасажира;порушення техніки безпеки пасажиром;2;49.850215;24.066818;1;0;1;0;0;2020;8;0;16;Львів;Падіння пасажира;Інше
неділя;Франківський;Кульпарківська;наїзд на пішохода - пішохід рухався у попутному напрямку;порушення правил маневрування;2;49.8061;23.981577;1;0;1;0;0;2020;8;6;22;Львів;Наїзд на пішохода;Порушення маневрування
середа;Сихівський;Зелена;зіткнення бокове;перевищення безпечної швидкості;3;49.809874;24.061158;2;0;1;0;0;2020;8;2;15;Львів;Зіткнення автомобілів;Перевищення швидкості
субота;Залізничний;Кульпарківська;наїзд на велосипедиста - велосипедист рухався у попутному напрямку;порушення правил маневрування,недодержання дистанції;2;49.822889;23.989511;1;0;1;0;0;2020;8;5;12;Львів;Наїзд на велосипедиста;Порушення маневрування
субота;Галицький;Замарстинівська;зіткнення бокове;недодержання дистанції;2;49.850481;24.027008;1;0;1;0;0;2020;8;5;17;Львів;Зіткнення автомобілів;Недотримання дистанції
понеділок;Галицький;Огієнка І.;наїзд на пішохода - пішохід рухався у попутному напрямку;порушення правил проїзду пішохідних переходів;2;49.841881;24.01872;1;0;1;0;0;2020;8;0;23;Львів;Наїзд на пішохода;Порушення проїзду переходів
четвер;Личаківський;Пасічна;наїзд на велосипедиста - поза межами велосипедної доріжки;порушення правил проїзду перехресть;2;49.815823;24.077543;1;0;1;0;0;2020;8;3;6;Львів;Наїзд на велосипедиста;Порушення проїзду перехресть
неділя;Галицький;Галицька;наїзд на пішохода - пішохід рухався у попутному напрямку;порушення правил проїзду пішохідних переходів;2;49.839311;24.032464;1;0;1;0;0;2020;8;6;14;Львів;Наїзд на пішохода;Порушення проїзду переходів
середа;Шевченківський;Хмельницького Б.;наїзд на пішохода - пішохід рухався у зустрічному напрямку;перевищення безпечної швидкості;2;49.877823;24.062848;1;0;1;0;0;2020;9;2;8;Львів;Наїзд на пішохода;Перевищення швидкості
п'ятниця;Галицький;Городоцька;наїзд на пішохода - пішохід рухався у попутному напрямку;перевищення безпечної швидкості;2;49.843037;24.02099;1;0;1;0;0;2020;8;4;22;Львів;Наїзд на пішохода;Перевищення швидкості
понеділок;Залізничний;Ярослава Мудрого;наїзд на пішохода - пішохід рухався у попутному напрямку;порушення правил маневрування;2;49.840819;24.011291;1;0;1;0;0;2020;8;0;10;Львів;Наїзд на пішохода;Порушення маневрування
вівторок;Галицький;Свободи, просп.;наїзд на пішохода - пішохід рухався у попутному напрямку;перехід у невстановленому місці;2;49.84239;24.026644;1;0;1;0;0;2020;8;1;21;Львів;Наїзд на пішохода;Інше
понеділок;Залізничний;Щирецька;наїзд на інші види перешкод;перевищення безпечної швидкості,недодержання дистанції;1;49.809981;23.974571;0;0;1;0;0;2020;8;0;4;Львів;Наїзд на перешкоду;Перевищення швидкості
середа;Франківський;Окружна;наїзд на пішохода - пішохід рухався у зустрічному напрямку;порушення правил маневрування;2;49.830651;23.979136;1;0;1;0;0;2020;7;2;8;Львів;Наїзд на пішохода;Порушення маневрування
вівторок;Личаківський;Личаківська;зіткнення бокове;порушення правил маневрування,перевищення безпечної швидкості;9;49.839858;24.039921;1;0;8;0;0;2020;8;1;6;Львів;Зіткнення автомобілів;Порушення маневрування
середа;Личаківський;Личаківська;наїзд на пішохода - пішохід рухався у попутному напрямку;порушення правил проїзду пішохідних переходів;2;49.839788;24.050032;1;0;1;0;0;2020;8;2;0;Львів;Наїзд на пішохода;Порушення проїзду переходів
середа;Залізничний;Городоцька;зіткнення бокове;недодержання дистанції;3;49.820757;23.913202;2;0;1;0;0;2020;8;2;12;Львів;Зіткнення автомобілів;Недотримання дистанції
четвер;Франківський;Кульпарківська;наїзд на пішохода - пішохід рухався у попутному напрямку;порушення правил проїзду перехресть;2;49.809078;23.982403;1;0;1;0;0;2020;8;3;12;Львів;Наїзд на пішохода;Порушення проїзду перехресть
четвер;Сихівський;Стрийська;зіткнення бокове;порушення правил маневрування;2;49.794162;24.016371;1;0;1;0;0;2020;9;3;17;Львів;Зіткнення автомобілів;Порушення маневрування
п'ятниця;Шевченківський;Винниця;наїзд на пішохода - пішохід рухався у попутному напрямку;перевищення безпечної швидкості;3;49.865183;23.976288;2;0;1;0;0;2020;9;4;15;Львів;Наїзд на пішохода;Перевищення швидкості
понеділок;Галицький;Руставелі Ш.;падіння пасажира;порушення правил маневрування;2;49.830536;24.033859;1;0;1;0;0;2020;9;0;14;Львів;Падіння пасажира;Порушення маневрування
п'ятниця;Сихівський;Стрийська;наїзд на інші види перешкод;перевищення безпечної швидкості;1;49.78656;24.016408;0;1;0;0;0;2020;9;4;22;Львів;Наїзд на перешкоду;Перевищення швидкості
субота;Франківський;Стрийська;зіткнення бокове;невиконання вимог сигналів регулювання,керування транспортним засобом у нетверезому стані;3;49.801876;24.01798;2;0;1;0;0;2020;9;5;2;Львів;Зіткнення автомобілів;П'яне водіння
понеділок;Галицький;Словацького Ю.;зіткнення бокове;порушення правил проїзду перехресть;3;49.838809;24.022626;2;0;1;0;0;2020;9;0;7;Львів;Зіткнення автомобілів;Порушення проїзду перехресть
понеділок;Франківський;Княгині Ольги;зіткнення бокове;недодержання дистанції;2;49.812477;23.999881;1;0;1;0;0;2020;9;0;20;Львів;Зіткнення автомобілів;Недотримання дистанції
п'ятниця;Франківський;Княгині Ольги;зіткнення бокове;порушення правил маневрування;3;49.816717;24.002536;1;0;2;0;0;2020;9;4;22;Львів;Зіткнення автомобілів;Порушення маневрування
п'ятниця;Сихівський;Стуса В.;зіткнення лобове;перевищення безпечної швидкості,недодержання дистанції,керування транспортним засобом у нетверезому стані;3;49.818558;24.043009;2;0;1;0;0;2020;9;4;12;Львів;Зіткнення автомобілів;Перевищення швидкості
вівторок;Галицький;Чорновола В., просп.;падіння пасажира;порушення правил маневрування;2;49.845102;24.025308;1;0;1;0;0;2020;9;1;8;Львів;Падіння пасажира;Порушення маневрування
п'ятниця;Сихівський;Стрийська;наїзд на пішохода - пішохід рухався у попутному напрямку;порушення правил проїзду пішохідних переходів,керування транспортним засобом у нетверезому стані;2;49.776345;24.014246;1;0;1;0;0;2020;9;4;21;Львів;Наїзд на пішохода;Порушення проїзду переходів
п'ятниця;Франківський;Княгині Ольги;падіння пасажира;порушення правил маневрування;1;49.809659;23.999333;0;0;1;0;0;2020;9;4;19;Львів;Падіння пасажира;Порушення маневрування
середа;Франківський;Чупринки Т., ген.;зіткнення бокове;порушення правил маневрування;2;49.83355;24.014402;1;0;1;0;0;2020;9;2;12;Львів;Зіткнення автомобілів;Порушення маневрування
четвер;Залізничний;Сяйво;наїзд на пішохода - на регульованому пішохідному переході;пішоходи невиконання вимог сигналів регулювання;2;49.83719;23.976942;1;1;0;0;0;2020;9;3;23;Львів;Наїзд на пішохода;Інше
субота;Франківський;Княгині Ольги;наїзд на пішохода - пішохід рухався у попутному напрямку;неочікуваний вихід на проїзну частину,керування транспортним засобом у нетверезому стані;2;49.822996;24.006752;1;0;1;0;0;2020;9;5;21;Львів;Наїзд на пішохода;П'яне водіння
субота;Сихівський;Стрийська;наїзд на пішохода - пішохід рухався у попутному напрямку;перевищення безпечної швидкості;2;49.791319;24.015749;1;1;0;0;0;2020;9;5;14;Львів;Наїзд на пішохода;Перевищення швидкості
середа;Галицький;Свєнціцького І.;наїзд на пішохода - пішохід рухався у попутному напрямку;перехід у невстановленому місці;2;49.825346;24.036793;1;0;1;0;0;2020;9;2;8;Львів;Наїзд на пішохода;Інше
п'ятниця;Сихівський;Луганська;зіткнення бокове;порушення правил проїзду перехресть;4;49.811736;24.021928;3;0;1;0;0;2020;9;4;17;Львів;Зіткнення автомобілів;Порушення проїзду перехресть
понеділок;Личаківський;Франка І.;наїзд на пішохода - пішохід рухався у попутному напрямку;порушення правил маневрування;3;49.838768;24.035323;1;0;2;0;0;2020;9;0;8;Львів;Наїзд на пішохода;Порушення маневрування
вівторок;Шевченківський;Мазепи І., гетьм.;наїзд на пішохода - пішохід рухався у попутному напрямку;пішоходи невиконання вимог сигналів регулювання;2;49.872644;24.040591;1;0;1;0;0;2020;9;1;22;Львів;Наїзд на пішохода;Інше
понеділок;Личаківський;Короленка В.;зіткнення бокове;порушення правил маневрування;2;49.840525;24.039159;1;0;1;0;0;2020;9;0;18;Львів;Зіткнення автомобілів;Порушення маневрування
середа;Франківський;Стрийська;наїзд на пішохода - пішохід рухався у попутному напрямку;порушення правил проїзду пішохідних переходів;2;49.792039;24.015647;1;1;0;0;0;2020;9;2;23;Львів;Наїзд на пішохода;Порушення проїзду переходів
четвер;Сихівський;Стрийська;наїзд на транспортний засіб, що стоїть - по ходу руху;керування транспортним засобом у нетверезому стані,недодержання дистанції;2;49.786809;24.016355;1;0;1;0;0;2020;9;3;15;Львів;Інше;Недотримання дистанції
п'ятниця;Шевченківський;Мазепи І., гетьм.;наїзд на пішохода - пішохід рухався у попутному напрямку;неочікуваний вихід на проїзну частину;2;49.836682;23.892281;1;0;1;0;0;2020;9;4;18;Львів;Наїзд на пішохода;Інше
субота;Личаківський;Хмельницького Б.;зіткнення бокове;порушення правил маневрування;5;49.874345;24.06118;1;0;4;0;0;2020;9;5;6;Львів;Зіткнення автомобілів;Порушення маневрування
середа;Личаківський;Личаківська;наїзд на пішохода - пішохід рухався у попутному напрямку;неочікуваний вихід на проїзну частину;2;49.840695;24.046508;1;0;1;0;0;2020;9;2;8;Львів;Наїзд на пішохода;Інше
понеділок;Сихівський;Дібровна;зіткнення бокове;порушення правил маневрування,перевищення безпечної швидкості;2;49.821933;24.037254;1;0;1;0;1;2020;9;0;9;Львів;Зіткнення автомобілів;Порушення маневрування
п'ятниця;Шевченківський;Чорновола В., просп.;наїзд на пішохода - пішохід рухався у зустрічному напрямку;порушення правил маневрування;2;49.862248;24.018211;1;0;1;0;0;2020;9;4;10;Львів;Наїзд на пішохода;Порушення маневрування
вівторок;Личаківський;Глинянський Тракт;наїзд на пішохода - пішохід рухався у попутному напрямку;порушення правил маневрування;2;49.843033;24.103189;1;0;1;0;0;2020;9;1;16;Львів;Наїзд на пішохода;Порушення маневрування
вівторок;Галицький;Зарицьких;наїзд на пішохода - пішохід рухався у попутному напрямку;порушення правил проїзду перехресть;2;49.829242;24.031166;1;0;1;0;0;2020;9;1;16;Львів;Наїзд на пішохода;Порушення проїзду перехресть
вівторок;Франківський;Антоновича В.;зіткнення бокове;невиконання вимог сигналів регулювання;2;49.825913;23.991061;1;0;1;0;0;2020;9;1;17;Львів;Зіткнення автомобілів;Інше
неділя;Галицький;Коперника М.;зіткнення бокове;недодержання дистанції;3;49.832564;24.01842;2;0;1;0;0;2020;9;6;16;Львів;Зіткнення автомобілів;Недотримання дистанції
п'ятниця;Галицький;Снопківська;наїзд на пішохода - пішохід рухався у попутному напрямку;порушення правил проїзду пішохідних переходів;2;49.824626;24.037598;1;0;1;0;0;2020;9;4;16;Львів;Наїзд на пішохода;Порушення проїзду переходів
неділя;Сихівський;Зелена;зіткнення бокове;порушення правил маневрування;2;49.806938;24.061539;1;0;1;0;1;2020;9;6;14;Львів;Зіткнення автомобілів;Порушення маневрування
п'ятниця;Залізничний;Зоряна;падіння пасажира;перевищення безпечної швидкості;2;49.825079;23.979329;1;0;1;0;0;2020;9;4;8;Львів;Падіння пасажира;Перевищення швидкості
п'ятниця;Залізничний;Виговського І.;зіткнення бокове;перевищення безпечної швидкості,недодержання дистанції;3;49.826273;23.967791;2;0;1;0;0;2020;9;4;13;Львів;Зіткнення автомобілів;Перевищення швидкості
понеділок;Галицький;Кривоноса М.;перекидання тз;перевищення безпечної швидкості;1;49.844978;24.037238;0;0;1;0;0;2020;9;0;18;Львів;Перекидання;Перевищення швидкості
середа;Залізничний;Шевченка Т.;наїзд на велосипедиста - велосипедист рухався у попутному напрямку;порушення правил маневрування;2;49.851529;23.990697;1;0;1;0;0;2020;9;2;16;Львів;Наїзд на велосипедиста;Порушення маневрування
вівторок;Личаківський;Пасічна;зіткнення бокове;перевищення безпечної швидкості,порушення правил маневрування;2;49.826062;24.072037;1;0;1;0;0;2020;9;1;18;Львів;Зіткнення автомобілів;Порушення маневрування
понеділок;Залізничний;Білогорща;наїзд на інші види перешкод;перевищення безпечної швидкості,керування транспортним засобом у нетверезому стані;2;49.84432;23.943924;0;0;2;0;0;2020;9;0;21;Львів;Наїзд на перешкоду;Перевищення швидкості
вівторок;Франківський;Княгині Ольги;наїзд на пішохода - пішохід рухався у попутному напрямку;недодержання дистанції;2;49.819857;24.008029;1;1;0;0;0;2020;9;1;20;Львів;Наїзд на пішохода;Недотримання дистанції
субота;Сихівський;Мікльоша К.;наїзд на інші види перешкод;перевищення безпечної швидкості;3;49.783453;24.0171;1;0;2;0;0;2020;9;5;20;Львів;Наїзд на перешкоду;Перевищення швидкості
середа;Сихівський;Стрийська;зіткнення бокове;недодержання дистанції;3;49.815814;24.021832;2;0;1;0;0;2020;9;2;20;Львів;Зіткнення автомобілів;Недотримання дистанції
вівторок;Галицький;Підвальна;наїзд на пішохода - пішохід рухався у попутному напрямку;порушення правил маневрування;2;49.844161;24.031815;1;0;0;1;0;2020;9;1;19;Львів;Наїзд на пішохода;Порушення маневрування
вівторок;Франківський;Стрийська;зіткнення бокове;порушення правил маневрування,недодержання дистанції;2;49.80189;24.017894;1;0;1;0;0;2020;9;1;6;Львів;Зіткнення автомобілів;Порушення маневрування
вівторок;Франківський;Княгині Ольги;наїзд на пішохода - на регульованому пішохідному переході;порушення правил проїзду пішохідних переходів;2;49.816537;24.00238;1;0;1;0;0;2020;9;1;21;Львів;Наїзд на пішохода;Порушення проїзду переходів
п'ятниця;Шевченківський;Леннона Дж.;наїзд на пішохода - на нерегульованому пішохідному переході;порушення правил маневрування,перевищення безпечної швидкості;2;49.88195;24.0377;1;0;1;0;0;2020;9;4;19;Львів;Наїзд на пішохода;Порушення маневрування
понеділок;Франківський;Володимира Великого;наїзд на пішохода - пішохід рухався у попутному напрямку;перевищення безпечної швидкості;2;49.809825;24.002321;1;0;1;0;0;2020;9;0;13;Львів;Наїзд на пішохода;Перевищення швидкості
понеділок;Шевченківський;Єрошенка В.;зіткнення бокове;виїзд на смугу зустрічного руху;3;49.848848;24.001195;2;0;1;0;0;2020;9;0;19;Львів;Зіткнення автомобілів;Інше
середа;Галицький;Шпитальна;наїзд на пішохода - пішохід рухався у попутному напрямку;порушення правил проїзду пішохідних переходів;2;49.844265;24.024514;1;0;1;0;0;2020;9;2;7;Львів;Наїзд на пішохода;Порушення проїзду переходів
субота;Личаківський;Ярошинської Є.;зіткнення бокове;перевищення безпечної швидкості,недодержання дистанції;2;49.822688;24.075036;1;0;1;0;0;2020;10;5;11;Львів;Зіткнення автомобілів;Перевищення швидкості
субота;Шевченківський;Шевченка Т.;падіння пасажира;порушення правил маневрування;2;49.869052;23.956037;1;0;1;0;0;2020;10;5;15;Львів;Падіння пасажира;Порушення маневрування
вівторок;Франківський;Княгині Ольги;наїзд на пішохода - пішохід рухався у попутному напрямку;порушення правил проїзду пішохідних переходів;2;49.806904;23.999645;1;0;1;0;0;2020;9;1;15;Львів;Наїзд на пішохода;Порушення проїзду переходів
неділя;Залізничний;Виговського І.;наїзд на інші види перешкод;перевищення безпечної швидкості,недодержання дистанції;1;49.812851;23.978637;0;0;1;0;0;2020;9;6;13;Львів;Наїзд на перешкоду;Перевищення швидкості
п'ятниця;Личаківський;Пасічна;наїзд на пішохода - пішохід рухався у попутному напрямку;порушення правил проїзду пішохідних переходів;2;49.827837;24.07156;1;0;1;0;0;2020;9;4;13;Львів;Наїзд на пішохода;Порушення проїзду переходів
субота;Шевченківський;Чорновола В., просп.;зіткнення бокове;перевищення безпечної швидкості,недодержання дистанції;4;49.866282;24.015459;3;0;1;0;0;2020;9;5;21;Львів;Зіткнення автомобілів;Перевищення швидкості
четвер;Сихівський;Козельницька;зіткнення бокове;перевищення безпечної швидкості;2;49.810892;24.024932;1;0;1;0;0;2020;9;3;18;Львів;Зіткнення автомобілів;Перевищення швидкості
п'ятниця;Залізничний;Сірка І.;наїзд на пішохода - пішохід рухався у попутному напрямку;перехід у невстановленому місці;2;49.843667;23.963826;1;0;1;0;0;2020;9;4;18;Львів;Наїзд на пішохода;Інше
п'ятниця;Франківський;Народна;зіткнення бокове;порушення правил маневрування,перевищення безпечної швидкості;2;49.833325;23.983905;1;0;1;0;0;2020;10;4;17;Львів;Зіткнення автомобілів;Порушення маневрування
субота;Галицький;Коцюбинського М.;зіткнення бокове;порушення правил проїзду перехресть;3;49.830083;24.030243;2;0;1;0;0;2020;10;5;18;Львів;Зіткнення автомобілів;Порушення проїзду перехресть
вівторок;Личаківський;Глинянський Тракт;падіння пасажира;порушення правил маневрування;2;49.841331;24.096773;1;0;1;0;0;2020;9;1;15;Львів;Падіння пасажира;Порушення маневрування
вівторок;Залізничний;Любінська;зіткнення бокове;порушення правил проїзду перехресть;4;49.820625;23.968928;2;0;2;0;0;2020;9;1;20;Львів;Зіткнення автомобілів;Порушення проїзду перехресть
п'ятниця;Личаківський;Пасічна;наїзд на пішохода - на нерегульованому пішохідному переході;порушення правил маневрування,недодержання дистанції;2;49.827868;24.071184;1;0;1;0;0;2020;10;4;17;Львів;Наїзд на пішохода;Порушення маневрування
четвер;Франківський;Княгині Ольги;наїзд на пішохода - стояв на проїздній частині;порушення правил маневрування;2;49.811245;23.999178;1;0;1;0;0;2020;9;3;14;Львів;Наїзд на пішохода;Порушення маневрування
понеділок;Галицький;Дорошенка П.;наїзд на пішохода - пішохід рухався у попутному напрямку;порушення правил проїзду пішохідних переходів;2;49.839079;24.025426;1;0;1;0;0;2020;9;0;11;Львів;Наїзд на пішохода;Порушення проїзду переходів
середа;Шевченківський;Мазепи І., гетьм.;падіння пасажира;порушення правил маневрування;2;49.835716;23.891149;1;0;1;0;0;2020;9;2;12;Львів;Падіння пасажира;Порушення маневрування
понеділок;Галицький;Чорновола В., просп.;наїзд на пішохода - пішохід на тротуарі чи велосипедній доріжці;порушення правил маневрування;2;49.848101;24.025769;1;0;1;0;0;2020;9;0;17;Львів;Наїзд на пішохода;Порушення маневрування
вівторок;Шевченківський;Хмельницького Б.;зіткнення бокове;порушення правил маневрування;2;49.852923;24.03571;1;0;1;0;0;2020;9;1;14;Львів;Зіткнення автомобілів;Порушення маневрування
четвер;Залізничний;Ярослава Мудрого;зіткнення бокове;невиконання вимог сигналів регулювання;2;49.840134;24.011934;1;0;1;0;0;2020;9;3;15;Львів;Зіткнення автомобілів;Інше
четвер;Личаківський;Пасічна;наїзд на пішохода - пішохід рухався у попутному напрямку;перевищення безпечної швидкості;2;49.824692;24.075235;1;0;1;0;0;2020;10;3;19;Львів;Наїзд на пішохода;Перевищення швидкості
неділя;Сихівський;Стрийська;зіткнення бокове;порушення правил проїзду перехресть;2;49.804752;24.01871;1;0;1;0;0;2020;9;6;19;Львів;Зіткнення автомобілів;Порушення проїзду перехресть
неділя;Личаківський;Рудакі А.;зіткнення бокове;порушення правил маневрування;2;49.81238;24.08098;1;0;1;0;0;2020;9;6;16;Львів;Зіткнення автомобілів;Порушення маневрування
п'ятниця;Сихівський;Хуторівка;зіткнення бокове;порушення правил маневрування,порушення правил проїзду перехресть;2;49.800119;24.032748;1;0;1;0;0;2020;10;4;18;Львів;Зіткнення автомобілів;Порушення маневрування
понеділок;Сихівський;Вашингтона Дж.;наїзд на пішохода - пішохід рухався у попутному напрямку;перехід у невстановленому місці;2;49.814914;24.073883;1;0;1;0;0;2020;9;0;14;Львів;Наїзд на пішохода;Інше