accidentDay;district;streetName;accidentType;mainAccidentCause;totalParticipantsAmount;latitude;longitude;Count_Без ушкоджень;Count_Загинув;Count_Легко травмований;Count_Тяжко травмований;Is_Intersection;Year;Month;DayOfWeek;Hour;settlement_grouped;Simple_Type;Simple_Cause
субота;Шевченківський;Липинського В.;зіткнення бокове;порушення правил маневрування,перевищення безпечної швидкості;2;49.862845;24.031177;1;0;1;0;0;2020;11;5;16;Львів;Зіткнення автомобілів;Порушення маневрування
вівторок;Личаківський;Новознесенська;наїзд на пішохода - пішохід рухався у попутному напрямку;неочікуваний вихід на проїзну частину;2;49.855756;24.050531;1;0;1;0;0;2020;11;1;11;Львів;Наїзд на пішохода;Інше
понеділок;Франківський;Наукова;наїзд на пішохода - пішохід рухався у попутному напрямку;порушення правил проїзду пішохідних переходів;2;49.804473;23.9856;1;0;1;0;0;2020;11;0;18;Львів;Наїзд на пішохода;Порушення проїзду переходів
неділя;Галицький;Городоцька;зіткнення бокове;недодержання дистанції;6;49.842892;24.019504;2;0;4;0;0;2020;11;6;15;Львів;Зіткнення автомобілів;Недотримання дистанції
четвер;Сихівський;Червоної Калини, просп.;наїзд на пішохода - пішохід рухався у зустрічному напрямку;перевищення безпечної швидкості,недодержання дистанції;2;49.81147;24.046165;1;0;1;0;0;2020;11;3;17;Львів;Наїзд на пішохода;Перевищення швидкості
четвер;Шевченківський;Промислова;наїзд на пішохода - на регульованому пішохідному переході;порушення правил маневрування;2;49.865231;24.044276;1;0;1;0;1;2020;11;3;21;Львів;Наїзд на пішохода;Порушення маневрування
п'ятниця;Личаківський;Зелена;наїзд на пішохода - пішохід рухався у попутному напрямку;порушення правил проїзду пішохідних переходів;2;49.829467;24.044706;1;0;1;0;0;2020;11;4;23;Львів;Наїзд на пішохода;Порушення проїзду переходів
вівторок;Шевченківський;Миколайчука І.;наїзд на пішохода - пішохід рухався у попутному напрямку;порушення правил проїзду пішохідних переходів;2;49.879593;24.03476;1;0;1;0;0;2020;11;1;20;Львів;Наїзд на пішохода;Порушення проїзду переходів
субота;Галицький;Франка І.;зіткнення бокове;недодержання дистанції;2;49.832661;24.033805;1;0;1;0;0;2020;11;5;16;Львів;Зіткнення автомобілів;Недотримання дистанції
вівторок;Личаківський;Бігова;наїзд на пішохода - пішохід рухався у попутному напрямку;перевищення безпечної швидкості,недодержання дистанції;2;49.84066;24.092181;1;0;1;0;0;2020;11;1;15;Львів;Наїзд на пішохода;Перевищення швидкості
понеділок;Залізничний;Кульпарківська;зіткнення бокове;недодержання дистанції;3;49.816074;23.983229;2;0;1;0;0;2020;11;0;10;Львів;Зіткнення автомобілів;Недотримання дистанції
четвер;Залізничний;Городоцька;наїзд на пішохода - пішохід рухався у зустрічному напрямку;перехід у невстановленому місці;2;49.821179;23.916314;1;0;1;0;0;2020;11;3;18;Львів;Наїзд на пішохода;Інше
четвер;Шевченківський;Миколайчука І.;наїзд на пішохода - пішохід рухався у зустрічному напрямку;порушення правил маневрування;3;49.868609;24.043413;1;0;2;0;0;2020;11;3;18;Львів;Наїзд на пішохода;Порушення маневрування
понеділок;Сихівський;Стрийська;перекидання тз;порушення правил маневрування;1;49.788666;24.018028;0;0;1;0;0;2020;11;0;16;Львів;Перекидання;Порушення маневрування
четвер;Франківський;Наукова;наїзд на пішохода - пішохід рухався у попутному напрямку;порушення правил проїзду пішохідних переходів;2;49.802928;24.006374;1;0;1;0;0;2020;11;3;15;Львів;Наїзд на пішохода;Порушення проїзду переходів
понеділок;Франківський;Володимира Великого;наїзд на пішохода;перехід у невстановленому місці;2;49.807115;24.016435;1;1;0;0;0;2020;11;0;19;Львів;Наїзд на пішохода;Інше
субота;Сихівський;Хуторівка;наїзд на велосипедиста - велосипедист рухався у зустрічному напрямку;порушення правил маневрування;2;49.801915;24.020984;1;0;1;0;0;2020;11;5;11;Львів;Наїзд на велосипедиста;Порушення маневрування
понеділок;Шевченківський;Замарстинівська;наїзд на пішохода - пішохід рухався у попутному напрямку;порушення правил проїзду пішохідних переходів;2;49.85385;24.028419;1;0;1;0;0;2020;11;0;20;Львів;Наїзд на пішохода;Порушення проїзду переходів
четвер;Шевченківський;Панча П.;зіткнення бокове;порушення правил проїзду перехресть;3;49.861642;24.007831;1;0;2;0;0;2020;11;3;16;Львів;Зіткнення автомобілів;Порушення проїзду перехресть
понеділок;Франківський;Наукова;наїзд на пішохода;порушення правил проїзду пішохідних переходів;2;49.804777;23.994654;1;0;1;0;0;2020;11;0;20;Львів;Наїзд на пішохода;Порушення проїзду переходів
середа;Шевченківський;Липинського В.;зіткнення бокове;порушення правил маневрування,недодержання дистанції;5;49.864885;24.048573;4;0;1;0;0;2020;11;2;10;Львів;Зіткнення автомобілів;Порушення маневрування
понеділок;Шевченківський;Хмельницького Б.;наїзд на пішохода;перевищення безпечної швидкості,порушення правил проїзду пішохідних переходів;2;49.851996;24.032115;1;0;1;0;0;2020;11;0;9;Львів;Наїзд на пішохода;Перевищення швидкості
понеділок;Шевченківський;Тунельна;зіткнення бокове;перевищення безпечної швидкості,порушення правил маневрування;2;49.864114;24.004671;0;1;1;0;0;2020;11;0;10;Львів;Зіткнення автомобілів;Порушення маневрування
п'ятниця;Сихівський;Червоної Калини, просп.;наїзд на пішохода - пішохід рухався у попутному напрямку;перехід у невстановленому місці;2;49.796288;24.051325;1;0;1;0;0;2020;11;4;21;Львів;Наїзд на пішохода;Інше
четвер;Шевченківський;Чигиринська;падіння пасажира;порушення правил маневрування;2;49.870545;24.054619;1;1;0;0;0;2020;11;3;17;Львів;Падіння пасажира;Порушення маневрування
четвер;Галицький;Зелена;наїзд на пішохода - пішохід рухався у зустрічному напрямку;перевищення безпечної швидкості;2;49.823484;24.052393;1;0;1;0;0;2020;11;3;7;Львів;Наїзд на пішохода;Перевищення швидкості
п'ятниця;Франківський;Горбачевського І.;зіткнення бокове;порушення правил маневрування;2;49.827522;24.010727;1;0;1;0;0;2020;11;4;23;Львів;Зіткнення автомобілів;Порушення маневрування
середа;Сихівський;Хуторівка;зіткнення бокове;перевищення безпечної швидкості,порушення правил маневрування,порушення правил проїзду перехресть;4;49.800713;24.021113;1;0;3;0;0;2020;11;2;16;Львів;Зіткнення автомобілів;Порушення маневрування
четвер;Галицький;Куліша П.;наїзд на пішохода - пішохід рухався у попутному напрямку;порушення правил маневрування;2;49.847465;24.02424;1;0;1;0;0;2020;11;3;21;Львів;Наїзд на пішохода;Порушення маневрування
п'ятниця;Франківський;Чупринки Т., ген.;наїзд на інші види перешкод;перевищення безпечної швидкості,недодержання дистанції;1;49.82972;24.007477;0;0;1;0;0;2020;11;4;23;Львів;Наїзд на перешкоду;Перевищення швидкості
п'ятниця;Сихівський;Червоної Калини, просп.;наїзд на пішохода - пішохід рухався у зустрічному напрямку;неочікуваний вихід на проїзну частину,пішоходи невиконання вимог сигналів регулювання;2;49.79902;24.049169;1;0;1;0;0;2020;11;4;23;Львів;Наїзд на пішохода;Інше
понеділок;Франківський;Княгині Ольги;наїзд на пішохода - пішохід рухався у попутному напрямку;порушення правил проїзду пішохідних переходів;2;49.823057;24.007632;1;0;1;0;0;2020;11;0;14;Львів;Наїзд на пішохода;Порушення проїзду переходів
середа;Залізничний;Шевченка Т.;наїзд на пішохода - пішохід рухався у зустрічному напрямку;порушення правил маневрування;2;49.847371;24.002198;1;0;1;0;0;2020;11;2;8;Львів;Наїзд на пішохода;Порушення маневрування
п'ятниця;Галицький;Свободи, просп.;наїзд на пішохода;невиконання вимог сигналів регулювання;3;49.841158;24.0274;2;0;1;0;0;2020;11;4;18;Львів;Наїзд на пішохода;Інше
субота;Шевченківський;Хімічна;зіткнення бокове;перевищення безпечної швидкості,недодержання дистанції;3;49.853646;24.023173;2;0;1;0;0;2020;11;5;20;Львів;Зіткнення автомобілів;Перевищення швидкості
п'ятниця;Залізничний;Суботівська;наїзд на пішохода - пішохід рухався у попутному напрямку;порушення правил маневрування;2;49.847766;23.966069;1;0;1;0;0;2020;11;4;13;Львів;Наїзд на пішохода;Порушення маневрування
понеділок;Личаківський;Хмельницького Б.;наїзд на пішохода - пішохід рухався у зустрічному напрямку;порушення правил маневрування;2;49.859332;24.048386;1;0;1;0;0;2020;11;0;9;Львів;Наїзд на пішохода;Порушення маневрування
п'ятниця;Личаківський;Личаківська;зіткнення бокове;перевищення безпечної швидкості,невиконання вимог сигналів регулювання;2;49.837543;24.060643;1;0;1;0;0;2020;11;4;22;Львів;Зіткнення автомобілів;Перевищення швидкості
середа;Сихівський;Хуторівка;наїзд на пішохода - пішохід рухався у попутному напрямку;порушення правил маневрування;2;49.800118;24.035468;1;0;1;0;0;2020;11;2;10;Львів;Наїзд на пішохода;Порушення маневрування
вівторок;Франківський;Симоненка В.;наїзд на пішохода - пішохід рухався у попутному напрямку;перехід у невстановленому місці;2;49.808718;23.987682;1;0;1;0;0;2020;12;1;16;Львів;Наїзд на пішохода;Інше
субота;Сихівський;Кавалерідзе І.;наїзд на пішохода - пішохід рухався у зустрічному напрямку;порушення правил маневрування;2;49.794054;24.06435;1;0;1;0;0;2020;11;5;13;Львів;Наїзд на пішохода;Порушення маневрування
субота;Залізничний;Копистинського Т.;наїзд на інші види перешкод;перевищення безпечної швидкості,недодержання дистанції;1;49.828952;23.919712;0;0;1;0;0;2020;11;5;10;Львів;Наїзд на перешкоду;Перевищення швидкості
субота;Сихівський;Зелена;наїзд на пішохода;порушення правил проїзду пішохідних переходів;2;49.787373;24.075253;1;0;1;0;0;2020;11;5;11;Львів;Наїзд на пішохода;Порушення проїзду переходів
вівторок;Сихівський;Сихівська;наїзд на пішохода - пішохід рухався у попутному напрямку;порушення правил проїзду пішохідних переходів;2;49.795218;24.064221;1;0;1;0;0;2020;12;1;23;Львів;Наїзд на пішохода;Порушення проїзду переходів
середа;Галицький;Бенедиктовича Ю.;падіння пасажира;порушення правил маневрування;2;49.842224;24.015598;1;0;1;0;0;2020;11;2;15;Львів;Падіння пасажира;Порушення маневрування
середа;Шевченківський;Шевченка Т.;наїзд на велосипедиста - велосипедист рухався у зустрічному напрямку;порушення правил проїзду перехресть;2;49.861258;23.967463;1;0;1;0;0;2020;11;2;9;Львів;Наїзд на велосипедиста;Порушення проїзду перехресть
понеділок;Залізничний;Любінська;наїзд на пішохода - пішохід рухався у попутному напрямку;пішоходи невиконання вимог сигналів регулювання;2;49.8241;23.977253;1;0;1;0;0;2020;11;0;16;Львів;Наїзд на пішохода;Інше
вівторок;Залізничний;Кульпарківська;зіткнення бокове;порушення правил маневрування,порушення правил проїзду перехресть;2;49.802766;23.980687;1;0;1;0;0;2020;11;1;23;Львів;Зіткнення автомобілів;Порушення маневрування
неділя;Залізничний;Суботівська;наїзд на пішохода;перевищення безпечної швидкості,недодержання дистанції;2;49.845455;23.966396;1;0;1;0;0;2020;11;6;18;Львів;Наїзд на пішохода;Перевищення швидкості
неділя;Шевченківський;Шевченка Т.;наїзд на інші види перешкод;перевищення безпечної швидкості,керування транспортним засобом у нетверезому стані;2;49.871711;23.942454;0;0;2;0;0;2020;11;6;19;Львів;Наїзд на перешкоду;Перевищення швидкості
середа;Шевченківський;Чорновола В., просп.;наїзд на пішохода - пішохід рухався у попутному напрямку;неочікуваний вихід на проїзну частину;2;49.865324;24.015695;1;0;1;0;0;2020;11;2;19;Львів;Наїзд на пішохода;Інше
четвер;Личаківський;Конопницької М.;наїзд на пішохода - на регульованому пішохідному переході;порушення правил маневрування;2;49.835097;24.038644;1;0;1;0;1;2020;11;3;19;Львів;Наїзд на пішохода;Порушення маневрування
п'ятниця;Франківський;Терлецького О.;наїзд на пішохода;перехід у невстановленому місці;2;49.829291;23.974394;1;0;1;0;0;2020;11;4;18;Львів;Наїзд на пішохода;Інше
п'ятниця;Залізничний;Виговського І.;наїзд на транспортний засіб, що стоїть - по ходу руху;перевищення безпечної швидкості;2;49.815274;23.974544;1;0;1;0;0;2020;11;4;2;Львів;Інше;Перевищення швидкості
понеділок;Галицький;Городоцька;наїзд на пішохода - пішохід рухався у попутному напрямку;перевищення безпечної швидкості,недодержання дистанції;3;49.838626;24.008056;2;0;1;0;0;2020;11;0;17;Львів;Наїзд на пішохода;Перевищення швидкості
неділя;Залізничний;Городоцька;наїзд на пішохода - пішохід рухався у попутному напрямку;порушення правил проїзду пішохідних переходів;2;49.824339;23.933721;1;0;0;1;0;2020;11;6;19;Львів;Наїзд на пішохода;Порушення проїзду переходів
четвер;Залізничний;Головатого А.;наїзд на пішохода - пішохід рухався у попутному напрямку;недодержання дистанції;2;49.825982;23.967748;1;0;1;0;0;2020;11;3;19;Львів;Наїзд на пішохода;Недотримання дистанції
п'ятниця;Шевченківський;Варшавська;наїзд на пішохода;керування транспортним засобом у нетверезому стані,порушення правил проїзду пішохідних переходів;2;49.867105;24.015641;1;0;0;1;1;2020;11;4;19;Львів;Наїзд на пішохода;Порушення проїзду переходів
понеділок;Франківський;Городоцька;падіння пасажира;порушення правил маневрування;2;49.835346;23.994688;1;0;1;0;0;2020;11;0;23;Львів;Падіння пасажира;Порушення маневрування
п'ятниця;Сихівський;Хуторівка;наїзд на опори (леп, телефонних та телеграфних ліній, рекламоносіїв, щогли антен моб. зв'язку, тощо);порушення правил маневрування,перевищення безпечної швидкості;1;49.801478;24.021338;0;1;0;0;0;2020;11;4;1;Львів;Інше;Порушення маневрування
неділя;Франківський;Кульпарківська;наїзд на пішохода - пішохід рухався у попутному напрямку;порушення правил маневрування;2;49.831218;23.991233;1;0;1;0;0;2020;11;6;11;Львів;Наїзд на пішохода;Порушення маневрування
субота;Галицький;Огієнка І.;наїзд на інші види перешкод;перевищення безпечної швидкості;1;49.842743;24.018581;0;0;1;0;0;2020;11;5;19;Львів;Наїзд на перешкоду;Перевищення швидкості
п'ятниця;Личаківський;Хмельницького Б.;наїзд на пішохода - пішохід рухався у попутному напрямку;порушення правил проїзду пішохідних переходів;2;49.873038;24.060407;1;0;1;0;0;2020;11;4;3;Львів;Наїзд на пішохода;Порушення проїзду переходів
вівторок;Шевченківський;Липинського В.;зіткнення бокове;перевищення безпечної швидкості;2;49.858336;24.023677;1;0;1;0;0;2020;12;1;22;Львів;Зіткнення автомобілів;Перевищення швидкості
понеділок;Шевченківський;Хмельницького Б.;наїзд на інші види перешкод;перевищення безпечної швидкості;1;49.880018;24.061577;0;0;1;0;0;2020;12;0;23;Передмістя;Наїзд на перешкоду;Перевищення швидкості
субота;Сихівський;Зелена;наїзд на пішохода - пішохід рухався у попутному напрямку;неочікуваний вихід на проїзну частину,керування транспортним засобом у нетверезому стані;2;49.787225;24.07561;1;0;1;0;0;2020;12;5;15;Львів;Наїзд на пішохода;П'яне водіння
субота;Галицький;Дорошенка П.;наїзд на пішохода - пішохід рухався у попутному напрямку;перехід у невстановленому місці;2;49.839823;24.02696;1;0;1;0;0;2020;12;5;11;Львів;Наїзд на пішохода;Інше
субота;Личаківський;Личаківська;наїзд на пішохода - пішохід рухався у попутному напрямку;пішоходи невиконання вимог сигналів регулювання;2;49.840473;24.04712;1;0;1;0;0;2020;12;5;10;Львів;Наїзд на пішохода;Інше
четвер;Франківський;Княгині Ольги;наїзд на пішохода - пішохід рухався у попутному напрямку;порушення правил проїзду пішохідних переходів;2;49.812449;23.999875;1;0;1;0;0;2020;12;3;21;Львів;Наїзд на пішохода;Порушення проїзду переходів
п'ятниця;Франківський;Окружна;наїзд на пішохода - пішохід рухався у попутному напрямку;порушення правил проїзду пішохідних переходів;2;49.827048;23.98279;1;0;1;0;0;2020;12;4;20;Львів;Наїзд на пішохода;Порушення проїзду переходів
вівторок;Франківський;Героїв Майдану;зіткнення бокове;недодержання дистанції;4;49.829547;24.017975;3;0;1;0;0;2020;12;1;17;Львів;Зіткнення автомобілів;Недотримання дистанції
п'ятниця;Галицький;Городоцька;наїзд на пішохода;порушення правил проїзду пішохідних переходів;2;49.83865;24.008152;1;0;1;0;0;2020;12;4;14;Львів;Наїзд на пішохода;Порушення проїзду переходів
середа;Франківський;Володимира Великого;падіння пасажира;порушення правил перевезення пасажирів;2;49.810393;23.999226;1;0;1;0;0;2020;12;2;10;Львів;Падіння пасажира;Інше
субота;Залізничний;Кульпарківська;зіткнення бокове;порушення правил маневрування;3;49.802915;23.980681;1;0;2;0;0;2020;12;5;0;Львів;Зіткнення автомобілів;Порушення маневрування
субота;Галицький;Митрополита Андрея;зіткнення бокове;перевищення безпечної швидкості,недодержання дистанції;4;49.836488;24.010674;2;0;2;0;0;2020;12;5;18;Львів;Зіткнення автомобілів;Перевищення швидкості
понеділок;Личаківський;Богданівська;наїзд на пішохода - пішохід рухався у зустрічному напрямку;перевищення безпечної швидкості;2;49.855562;24.00764;1;0;0;1;0;2020;12;0;7;Львів;Наїзд на пішохода;Перевищення швидкості
вівторок;Франківський;Трускавецька;наїзд на транспортний засіб, що стоїть - по ходу руху;недодержання дистанції;2;49.797898;24.004869;1;0;1;0;0;2020;12;1;18;Львів;Інше;Недотримання дистанції
вівторок;Франківський;Коновальця Є.;наїзд на пішохода - пішохід рухався у попутному напрямку;порушення правил проїзду пішохідних переходів;2;49.828581;24.000347;1;0;1;0;0;2020;12;1;18;Львів;Наїзд на пішохода;Порушення проїзду переходів
вівторок;Сихівський;Хуторівка;наїзд на пішохода - пішохід рухався у попутному напрямку;перехід у невстановленому місці;2;49.799695;24.026906;1;0;0;1;0;2020;12;1;10;Львів;Наїзд на пішохода;Інше
понеділок;Сихівський;Угорська;наїзд на пішохода - пішохід рухався у попутному напрямку;порушення правил маневрування;2;49.810594;24.045033;1;1;0;0;0;2020;12;0;18;Львів;Наїзд на пішохода;Порушення маневрування
п'ятниця;Франківський;Городоцька;наїзд на інші види перешкод;перевищення безпечної швидкості;1;49.832322;23.979254;0;0;0;1;0;2020;12;4;0;Львів;Наїзд на перешкоду;Перевищення швидкості
вівторок;Личаківський;Мечникова І.;наїзд на пішохода - пішохід рухався у попутному напрямку;порушення правил маневрування;2;49.838081;24.054936;1;0;1;0;0;2020;12;1;14;Львів;Наїзд на пішохода;Порушення маневрування
середа;Франківський;Володимира Великого;наїзд на пішохода - пішохід рухався у попутному напрямку;порушення правил проїзду пішохідних переходів,керування транспортним засобом у нетверезому стані;2;49.810989;23.989946;1;0;1;0;0;2020;12;2;19;Львів;Наїзд на пішохода;Порушення проїзду переходів
субота;Шевченківський;Липинського В.;падіння пасажира;порушення правил перевезення пасажирів;2;49.86188;24.029385;1;0;1;0;0;2020;12;5;11;Львів;Падіння пасажира;Інше
п'ятниця;Залізничний;Городоцька;зіткнення бокове;перевищення безпечної швидкості,недодержання дистанції;3;49.826024;23.929886;1;0;2;0;0;2020;12;4;16;Львів;Зіткнення автомобілів;Перевищення швидкості
п'ятниця;Залізничний;Городоцька;наїзд на інші види перешкод;перевищення безпечної швидкості;4;49.82763;23.949509;2;0;2;0;0;2020;12;4;15;Львів;Наїзд на перешкоду;Перевищення швидкості
п'ятниця;Галицький;Вітовського Д.;наїзд на пішохода - пішохід рухався у попутному напрямку;порушення правил проїзду пішохідних переходів;2;49.83019;24.023763;1;0;1;0;0;2020;12;4;15;Львів;Наїзд на пішохода;Порушення проїзду переходів
субота;Сихівський;Червоної Калини, просп.;падіння пасажира;порушення правил перевезення пасажирів;2;49.789622;24.060026;1;1;0;0;0;2020;12;5;17;Львів;Падіння пасажира;Інше
п'ятниця;Франківський;Наукова;наїзд на пішохода - пішохід рухався у попутному напрямку;порушення правил проїзду пішохідних переходів;2;49.805993;23.984849;1;0;1;0;0;2020;12;4;10;Львів;Наїзд на пішохода;Порушення проїзду переходів
середа;Франківський;Стрийська;зіткнення бокове;перевищення безпечної швидкості,недодержання дистанції;2;49.819905;24.020276;1;0;1;0;0;2020;12;2;18;Львів;Зіткнення автомобілів;Перевищення швидкості
понеділок;Шевченківський;Шевченка Т.;наїзд на пішохода - пішохід рухався у попутному напрямку;перехід у невстановленому місці,порушення правил маневрування;2;49.853348;23.987601;1;0;1;0;0;2020;12;0;0;Львів;Наїзд на пішохода;Порушення маневрування
середа;Шевченківський;Шевченка Т.;наїзд на пішохода - на регульованому пішохідному переході;порушення правил маневрування,порушення правил проїзду пішохідних переходів;2;49.849315;23.995847;1;0;1;0;1;2020;11;2;13;Львів;Наїзд на пішохода;Порушення маневрування
понеділок;Галицький;Соборна, пл.;наїзд на пішохода - пішохід рухався у попутному напрямку;порушення правил проїзду пішохідних переходів;2;49.838418;24.034572;1;0;1;0;0;2020;12;0;12;Львів;Наїзд на пішохода;Порушення проїзду переходів
неділя;Шевченківський;Шевченка Т.;зіткнення бокове;порушення правил маневрування;2;49.851232;23.991582;1;0;1;0;0;2020;12;6;16;Львів;Зіткнення автомобілів;Порушення маневрування
понеділок;Франківський;Володимира Великого;зіткнення бокове;перевищення безпечної швидкості,недодержання дистанції,керування транспортним засобом у нетверезому стані;5;49.807866;24.017878;3;0;2;0;0;2020;12;0;18;Львів;Зіткнення автомобілів;Перевищення швидкості
середа;Франківський;Стрийська;зіткнення з задньою частиною тз;недодержання дистанції;3;49.798795;24.017133;2;0;1;0;0;2020;11;2;19;Львів;Зіткнення автомобілів;Недотримання дистанції
понеділок;Франківський;Кульпарківська;наїзд на пішохода - пішохід рухався у попутному напрямку;порушення правил проїзду пішохідних переходів;2;49.801222;23.980365;1;0;1;0;0;2020;12;0;20;Львів;Наїзд на пішохода;Порушення проїзду переходів
середа;Галицький;Чорновола В., просп.;падіння пасажира;порушення правил перевезення пасажирів;2;49.846629;24.025604;1;0;1;0;0;2020;12;2;13;Львів;Падіння пасажира;Інше
субота;Галицький;Чорновола В., просп.;наїзд на пішохода - на регульованому пішохідному переході;перевищення безпечної швидкості;2;49.850512;24.024439;1;0;1;0;1;2020;11;5;6;Львів;Наїзд на пішохода;Перевищення швидкості
середа;Шевченківський;Золота;наїзд на пішохода - пішохід рухався у попутному напрямку;порушення правил проїзду пішохідних переходів;2;49.849675;24.005658;1;0;0;1;0;2020;12;2;9;Львів;Наїзд на пішохода;Порушення проїзду переходів
вівторок;Личаківський;Кривоноса М.;зіткнення бокове;перевищення безпечної швидкості;2;49.845572;24.040877;1;0;1;0;0;2020;12;1;13;Львів;Зіткнення автомобілів;Перевищення швидкості
субота;Франківський;Наукова;наїзд на пішохода - пішохід рухався у попутному напрямку;перехід у невстановленому місці;2;49.805076;23.996147;1;0;1;0;0;2020;12;5;20;Львів;Наїзд на пішохода;Інше
четвер;Галицький;Торгова;наїзд на пішохода - пішохід переходив дорогу поза межами піш.переходу;перехід у невстановленому місці;2;49.844735;24.02732;1;0;1;0;0;2020;12;3;11;Львів;Наїзд на пішохода;Інше
середа;Шевченківський;Шевченка Т.;зіткнення бокове;недодержання дистанції,порушення правил маневрування,керування транспортним засобом у нетверезому стані;2;49.871925;23.942562;1;0;1;0;0;2020;12;2;18;Львів;Зіткнення автомобілів;Порушення маневрування
середа;Галицький;Рутковича І.;наїзд на пішохода - пішохід рухався у попутному напрямку;порушення правил проїзду пішохідних переходів;2;49.827706;24.032636;1;0;1;0;0;2020;12;2;15;Львів;Наїзд на пішохода;Порушення проїзду переходів
неділя;Шевченківський;Винниця;наїзд на транспортний засіб, що стоїть - по ходу руху;недодержання дистанції;3;49.865902;23.976513;2;0;1;0;0;2020;12;6;12;Львів;Інше;Недотримання дистанції
вівторок;Шевченківський;Замарстинівська;наїзд на пішохода - на регульованому пішохідному переході;недодержання дистанції;2;49.867925;24.023677;1;0;1;0;0;2020;12;1;9;Львів;Наїзд на пішохода;Недотримання дистанції
четвер;Галицький;Чорновола В., просп.;зіткнення бокове;порушення правил маневрування;3;49.846202;24.024889;2;0;1;0;0;2020;12;3;17;Львів;Зіткнення автомобілів;Порушення маневрування
понеділок;Сихівський;Хоткевича Г.;зіткнення бокове;перевищення безпечної швидкості,невиконання вимог сигналів регулювання;3;49.796309;24.053235;2;0;1;0;0;2020;10;0;8;Львів;Зіткнення автомобілів;Перевищення швидкості
п'ятниця;Галицький;Князя Романа;наїзд на пішохода - пішохід рухався у попутному напрямку;порушення правил маневрування;2;49.838304;24.032346;1;0;1;0;0;2020;10;4;15;Львів;Наїзд на пішохода;Порушення маневрування
четвер;Залізничний;Повітряна;зіткнення бокове;порушення правил маневрування;2;49.844805;23.977527;1;0;1;0;0;2020;10;3;21;Львів;Зіткнення автомобілів;Порушення маневрування
четвер;Франківський;Сахарова А., акад.;наїзд на пішохода - стояв на проїздній частині;порушення правил маневрування;2;49.827567;24.010888;1;0;1;0;0;2020;10;3;20;Львів;Наїзд на пішохода;Порушення маневрування
п'ятниця;Франківський;Кульпарківська;наїзд на пішохода - пішохід рухався у зустрічному напрямку;невиконання вимог сигналів регулювання;2;49.817572;23.988862;1;0;1;0;0;2020;10;4;7;Львів;Наїзд на пішохода;Інше
четвер;Франківський;Городоцька;зіткнення бокове;перевищення безпечної швидкості;2;49.83591;23.997949;1;0;1;0;0;2020;10;3;14;Львів;Зіткнення автомобілів;Перевищення швидкості
субота;Залізничний;Повітряна;наїзд на інші види перешкод;перевищення безпечної швидкості;1;49.845189;23.977184;0;1;0;0;0;2020;10;5;13;Львів;Наїзд на перешкоду;Перевищення швидкості
середа;Шевченківський;Мурована;наїзд на пішохода - пішохід рухався у зустрічному напрямку;порушення правил маневрування;2;49.876564;24.06111;1;0;1;0;0;2020;10;2;16;Львів;Наїзд на пішохода;Порушення маневрування
четвер;Галицький;Гонти І.;наїзд на пішохода - пішохід рухався у зустрічному напрямку;порушення правил маневрування;2;49.844573;24.030957;1;0;1;0;0;2020;10;3;10;Львів;Наїзд на пішохода;Порушення маневрування
п'ятниця;Залізничний;Смотрицького М.;наїзд на велосипедиста - велосипедист рухався у зустрічному напрямку;порушення правил маневрування;2;49.812179;23.982232;1;0;1;0;1;2020;10;4;12;Львів;Наїзд на велосипедиста;Порушення маневрування
субота;Галицький;Старий Ринок, пл.;зіткнення бокове;порушення правил проїзду перехресть;2;49.846631;24.029915;1;0;1;0;1;2020;10;5;20;Львів;Зіткнення автомобілів;Порушення проїзду перехресть
понеділок;Франківський;Котка Д.;наїзд на пішохода - пішохід рухався у зустрічному напрямку;перевищення безпечної швидкості,порушення правил проїзду пішохідних переходів;2;49.822508;24.006425;1;0;0;1;1;2020;10;0;13;Львів;Наїзд на пішохода;Перевищення швидкості
вівторок;Личаківський;Пасічна;наїзд на пішохода - стояв на проїздній частині;неочікуваний вихід на проїзну частину;2;49.834318;24.068347;1;0;1;0;0;2020;10;1;19;Львів;Наїзд на пішохода;Інше
понеділок;Сихівський;Сихівська;зіткнення бокове;перевищення безпечної швидкості,недодержання дистанції;4;49.798639;24.070787;3;0;1;0;1;2020;10;0;13;Львів;Зіткнення автомобілів;Перевищення швидкості
четвер;Франківський;Городоцька;перекидання тз;перевищення безпечної швидкості;2;49.835893;23.997928;1;0;1;0;0;2020;10;3;14;Львів;Перекидання;Перевищення швидкості
вівторок;Залізничний;Патона Є.;зіткнення бокове;порушення правил проїзду перехресть;2;49.822805;23.963998;1;0;1;0;0;2020;10;1;10;Львів;Зіткнення автомобілів;Порушення проїзду перехресть
п'ятниця;Личаківський;Пасічна;падіння пасажира;порушення правил маневрування;2;49.826512;24.072397;1;0;1;0;0;2020;10;4;15;Львів;Падіння пасажира;Порушення маневрування
п'ятниця;Галицький;Руставелі Ш.;падіння пасажира;порушення правил маневрування;2;49.829706;24.032271;1;0;1;0;0;2020;10;4;17;Львів;Падіння пасажира;Порушення маневрування