accidentDay;district;streetName;accidentType;mainAccidentCause;totalParticipantsAmount;latitude;longitude;Count_Без ушкоджень;Count_Загинув;Count_Легко травмований;Count_Тяжко травмований;Is_Intersection;Year;Month;DayOfWeek;Hour;settlement_grouped;Simple_Type;Simple_Cause
вівторок;Шевченківський;Мазепи І., гетьм.;зіткнення бокове;перевищення безпечної швидкості,недодержання дистанції;2;49.871897;24.037657;1;0;1;0;0;2020;10;1;11;Львів;Зіткнення автомобілів;Перевищення швидкості
четвер;Галицький;Під Дубом;наїзд на пішохода - пішохід рухався у зустрічному напрямку;порушення правил маневрування;2;49.850498;24.022653;1;0;1;0;0;2020;10;3;23;Львів;Наїзд на пішохода;Порушення маневрування
п'ятниця;Личаківський;Бігова;зіткнення бокове;перевищення безпечної швидкості,недодержання дистанції,керування транспортним засобом у нетверезому стані;3;49.840639;24.092202;2;0;1;0;0;2020;10;4;19;Львів;Зіткнення автомобілів;Перевищення швидкості
субота;Залізничний;Любінська;зіткнення бокове;перевищення безпечної швидкості,порушення правил проїзду перехресть;2;49.820639;23.968885;1;0;1;0;0;2020;10;5;10;Львів;Зіткнення автомобілів;Перевищення швидкості
понеділок;Франківський;Городоцька;зіткнення бокове;перевищення безпечної швидкості,керування транспортним засобом у нетверезому стані;2;49.832346;23.977886;1;0;1;0;0;2020;10;0;22;Львів;Зіткнення автомобілів;Перевищення швидкості
п'ятниця;Галицький;Франка І.;наїзд на пішохода - стояв на проїздній частині;перевищення безпечної швидкості;2;49.832608;24.033877;1;0;1;0;0;2020;10;4;8;Львів;Наїзд на пішохода;Перевищення швидкості
понеділок;Сихівський;Стрийська;наїзд на пішохода - пішохід рухався у зустрічному напрямку;перевищення безпечної швидкості,недодержання дистанції;2;49.804781;24.018661;1;0;1;0;0;2020;10;0;15;Львів;Наїзд на пішохода;Перевищення швидкості
вівторок;Личаківський;Кукурудзяна;наїзд на пішохода - пішохід рухався у попутному напрямку;перевищення безпечної швидкості;2;49.862745;24.05662;1;1;0;0;0;2020;10;1;22;Львів;Наїзд на пішохода;Перевищення швидкості
четвер;Сихівський;Мікльоша К.;наїзд на транспортний засіб, що стоїть - по ходу руху;порушення правил проїзду перехресть;3;49.7837218;24.0141834;2;0;1;0;1;2020;10;3;18;Львів;Інше;Порушення проїзду перехресть
п'ятниця;Франківський;Кульпарківська;зіткнення бокове;недодержання дистанції,перевищення безпечної швидкості;3;49.803898;23.980923;2;0;1;0;0;2020;10;4;21;Львів;Зіткнення автомобілів;Перевищення швидкості
неділя;Сихівський;Сихівська;зіткнення бокове;порушення правил маневрування,порушення правил проїзду перехресть;3;49.79455;24.064119;1;0;2;0;1;2020;10;6;18;Львів;Зіткнення автомобілів;Порушення маневрування
субота;Франківський;Стрийська;зіткнення бокове;перевищення безпечної швидкості;2;49.816146;24.019954;1;0;1;0;0;2020;10;5;22;Львів;Зіткнення автомобілів;Перевищення швидкості
вівторок;Сихівський;Стрийська;наїзд на пішохода - пішохід рухався у зустрічному напрямку;неочікуваний вихід на проїзну частину,невиконання вимог сигналів регулювання;2;49.801894;24.018002;1;0;1;0;1;2020;10;1;12;Львів;Наїзд на пішохода;Інше
п'ятниця;Сихівський;Червоної Калини, просп.;наїзд на велосипедиста - велосипедист рухався у зустрічному напрямку;порушення правил маневрування;2;49.788607;24.058294;1;0;1;0;0;2020;10;4;15;Львів;Наїзд на велосипедиста;Порушення маневрування
п'ятниця;Франківський;Городоцька;наїзд на пішохода - пішохід рухався у зустрічному напрямку;порушення правил маневрування;2;49.836969;24.003378;1;0;1;0;0;2020;10;4;19;Львів;Наїзд на пішохода;Порушення маневрування
неділя;Шевченківський;Миколайчука І.;зіткнення бокове;порушення правил маневрування;2;49.866787;24.043976;1;0;1;0;1;2020;10;6;18;Львів;Зіткнення автомобілів;Порушення маневрування
неділя;Сихівський;Стрийська;зіткнення бокове;невиконання вимог сигналів регулювання;2;49.795443;24.01666;1;0;1;0;0;2020;10;6;21;Львів;Зіткнення автомобілів;Інше
неділя;Франківський;Кульпарківська;зіткнення бокове;невиконання вимог сигналів регулювання;2;49.821421;23.988669;1;0;1;0;1;2020;10;6;20;Львів;Зіткнення автомобілів;Інше
четвер;Личаківський;Вашингтона Дж.;падіння пасажира;порушення правил маневрування;2;49.815973;24.062154;1;0;1;0;0;2020;10;3;16;Львів;Падіння пасажира;Порушення маневрування
середа;Франківський;Боберського І.;зіткнення бокове;порушення правил маневрування;2;49.831962;23.992875;1;0;1;0;0;2020;10;2;17;Львів;Зіткнення автомобілів;Порушення маневрування
п'ятниця;Шевченківський;Жовківська;зіткнення бокове;перевищення безпечної швидкості,порушення правил маневрування;4;49.8561;24.0357;1;0;3;0;0;2020;10;4;8;Львів;Зіткнення автомобілів;Порушення маневрування
вівторок;Залізничний;Патона Є.;наїзд на пішохода - пішохід рухався у зустрічному напрямку;порушення правил маневрування;2;49.823107;23.960822;1;0;1;0;0;2020;10;1;22;Львів;Наїзд на пішохода;Порушення маневрування
понеділок;Франківський;Пулюя І.;наїзд на пішохода - пішохід рухався у попутному напрямку;перевищення безпечної швидкості,керування транспортним засобом у нетверезому стані;2;49.802015;23.985397;1;0;1;0;0;2020;10;0;19;Львів;Наїзд на пішохода;Перевищення швидкості
четвер;Личаківський;Пасічна;наїзд на пішохода - на регульованому пішохідному переході;порушення правил маневрування;2;49.814899;24.079965;1;0;1;0;0;2020;10;3;17;Львів;Наїзд на пішохода;Порушення маневрування
понеділок;Личаківський;Зелена;зіткнення бокове;перевищення безпечної швидкості,виїзд на смугу зустрічного руху;5;49.827073;24.043772;3;0;2;0;0;2020;10;0;14;Львів;Зіткнення автомобілів;Перевищення швидкості
п'ятниця;Галицький;Коперника М.;наїзд на пішохода - пішохід рухався у зустрічному напрямку;порушення правил проїзду пішохідних переходів;2;49.835955;24.022427;1;0;1;0;0;2020;10;4;12;Львів;Наїзд на пішохода;Порушення проїзду переходів
середа;Франківський;Княгині Ольги;наїзд на велосипедиста - велосипедист рухався у зустрічному напрямку;порушення правил проїзду перехресть;2;49.820847;24.005299;1;0;1;0;1;2020;10;2;15;Львів;Наїзд на велосипедиста;Порушення проїзду перехресть
п'ятниця;Франківський;Героїв Майдану;зіткнення бокове;порушення правил маневрування,перевищення безпечної швидкості;3;49.82519;24.020941;1;0;2;0;1;2020;10;4;4;Львів;Зіткнення автомобілів;Порушення маневрування
вівторок;Франківський;Наукова;наїзд на пішохода - пішохід рухався у попутному напрямку;неочікуваний вихід на проїзну частину;2;49.803026;23.996962;1;0;1;0;0;2020;12;1;10;Львів;Наїзд на пішохода;Інше
понеділок;Сихівський;Манастирського А.;наїзд на пішохода - на нерегульованому пішохідному переході;порушення правил маневрування;2;49.79876066;24.06052232;1;0;1;0;0;2020;12;0;13;Львів;Наїзд на пішохода;Порушення маневрування
понеділок;Галицький;Митрополита Андрея;наїзд на пішохода - пішохід рухався у попутному напрямку;порушення правил маневрування;2;49.83646;24.010556;1;0;1;0;0;2020;12;0;22;Львів;Наїзд на пішохода;Порушення маневрування
понеділок;Сихівський;Стрийська;наїзд на пішохода - на нерегульованому пішохідному переході;порушення правил проїзду пішохідних переходів;2;49.801863;24.018066;1;0;1;0;0;2020;12;0;18;Львів;Наїзд на пішохода;Порушення проїзду переходів
середа;Шевченківський;Варшавська;наїзд на пішохода - на нерегульованому пішохідному переході;порушення правил проїзду пішохідних переходів;2;49.865362;24.010561;1;0;1;0;0;2020;12;2;23;Львів;Наїзд на пішохода;Порушення проїзду переходів
середа;Личаківський;Личаківська;падіння пасажира;порушення правил перевезення пасажирів;2;49.838571;24.055574;1;0;1;0;0;2020;12;2;17;Львів;Падіння пасажира;Інше
вівторок;Шевченківський;Клепарівська;наїзд на пішохода - пішохід рухався у попутному напрямку;порушення правил проїзду пішохідних переходів;2;49.849063;24.015185;1;0;1;0;0;2020;12;1;13;Львів;Наїзд на пішохода;Порушення проїзду переходів
середа;Шевченківський;Липинського В.;зіткнення бокове;порушення правил маневрування,порушення правил проїзду перехресть;4;49.86012;24.026992;3;0;1;0;0;2020;12;2;13;Львів;Зіткнення автомобілів;Порушення маневрування
понеділок;Шевченківський;О. Омеляна Ковча;зіткнення бокове;перевищення безпечної швидкості,керування транспортним засобом у нетверезому стані;3;49.859276;23.98706;2;0;1;0;0;2020;12;0;14;Львів;Зіткнення автомобілів;Перевищення швидкості
понеділок;Франківський;Рудницького С., акад.;наїзд на пішохода - на нерегульованому пішохідному переході;порушення правил маневрування;2;49.823792;23.994066;1;0;1;0;0;2020;12;0;14;Львів;Наїзд на пішохода;Порушення маневрування
четвер;Шевченківський;Тичини П.;наїзд на пішохода - на регульованому пішохідному переході;порушення правил маневрування;2;49.866351;24.034905;1;0;1;0;0;2020;12;3;17;Львів;Наїзд на пішохода;Порушення маневрування
вівторок;Сихівський;Зелена;зіткнення бокове;порушення правил маневрування;2;49.806402;24.063701;1;0;1;0;0;2020;12;1;11;Львів;Зіткнення автомобілів;Порушення маневрування
понеділок;Франківський;Рубчака І.;зіткнення бокове;порушення правил проїзду перехресть;5;49.806069;24.01364;2;0;3;0;0;2020;12;0;18;Львів;Зіткнення автомобілів;Порушення проїзду перехресть
понеділок;Шевченківський;Панча П.;зіткнення лобове;порушення правил маневрування;3;49.861839;24.017369;2;0;1;0;0;2020;12;0;18;Львів;Зіткнення автомобілів;Порушення маневрування
четвер;Сихівський;Хуторівка;зіткнення бокове;перевищення безпечної швидкості,керування транспортним засобом у нетверезому стані;4;49.801267;24.026279;2;0;2;0;0;2020;12;3;20;Львів;Зіткнення автомобілів;Перевищення швидкості
понеділок;Личаківський;Глинянський Тракт;наїзд на транспортний засіб, що стоїть - по ходу руху;порушення правил маневрування;2;49.840505;24.092444;1;0;1;0;0;2020;12;0;1;Львів;Інше;Порушення маневрування
неділя;Галицький;Франка І.;наїзд на пішохода - пішохід рухався у попутному напрямку;порушення правил проїзду пішохідних переходів;2;49.834799;24.034374;1;0;1;0;0;2021;2;6;12;Львів;Наїзд на пішохода;Порушення проїзду переходів
четвер;Франківський;Володимира Великого;наїзд на пішохода - пішохід рухався у попутному напрямку;перехід у невстановленому місці;2;49.810781;23.995535;1;0;1;0;0;2021;2;3;14;Львів;Наїзд на пішохода;Інше
середа;Залізничний;Яворницького Д.;зіткнення бокове;порушення правил проїзду перехресть;3;49.824058;23.977318;1;0;2;0;0;2021;2;2;22;Львів;Зіткнення автомобілів;Порушення проїзду перехресть
субота;Галицький;Городоцька;наїзд на пішохода - пішохід рухався у попутному напрямку;перевищення безпечної швидкості,недодержання дистанції;2;49.839792;24.01444;1;0;1;0;0;2021;1;5;21;Львів;Наїзд на пішохода;Перевищення швидкості
середа;Сихівський;Вернадського В.;наїзд на пішохода - пішохід рухався у попутному напрямку;порушення правил маневрування;2;49.78161;24.05574;1;0;1;0;0;2021;2;2;13;Львів;Наїзд на пішохода;Порушення маневрування
неділя;Франківський;Горбачевського І.;наїзд на пішохода - пішохід рухався у попутному напрямку;перехід у невстановленому місці;2;49.828782;24.009612;1;0;1;0;0;2021;2;6;22;Львів;Наїзд на пішохода;Інше
середа;Франківський;Княгині Ольги;наїзд на пішохода;порушення правил проїзду пішохідних переходів;3;49.825384;24.008598;2;0;1;0;0;2021;2;2;19;Львів;Наїзд на пішохода;Порушення проїзду переходів
понеділок;Галицький;Хотинська;наїзд на пішохода - пішохід рухався у попутному напрямку;порушення правил проїзду пішохідних переходів;2;49.837477;24.00502;1;0;1;0;0;2021;2;0;21;Львів;Наїзд на пішохода;Порушення проїзду переходів
середа;Личаківський;Богданівська;зіткнення бокове;порушення правил маневрування;2;49.857187;24.073947;1;1;0;0;0;2021;1;2;17;Львів;Зіткнення автомобілів;Порушення маневрування
неділя;Залізничний;Городоцька;зіткнення бокове;порушення правил проїзду перехресть;4;49.826439;23.947111;2;0;2;0;0;2021;2;6;13;Львів;Зіткнення автомобілів;Порушення проїзду перехресть
понеділок;Залізничний;Суботівська;наїзд на пішохода - пішохід рухався у попутному напрямку;порушення правил проїзду пішохідних переходів;2;49.841747;23.967576;1;0;1;0;0;2021;2;0;8;Львів;Наїзд на пішохода;Порушення проїзду переходів
неділя;Личаківський;Хмельницького Б.;зіткнення бокове;перевищення безпечної швидкості,недодержання дистанції;4;49.869553;24.057001;3;0;1;0;0;2021;2;6;7;Львів;Зіткнення автомобілів;Перевищення швидкості
понеділок;Шевченківський;Чорновола В., просп.;наїзд на пішохода - пішохід рухався у попутному напрямку;порушення правил проїзду пішохідних переходів;2;49.85403;24.022642;1;0;1;0;0;2021;2;0;17;Львів;Наїзд на пішохода;Порушення проїзду переходів
середа;Сихівський;Стрийська;зіткнення бокове;перевищення безпечної швидкості,недодержання дистанції;3;49.791163;24.015722;2;0;1;0;0;2021;2;2;19;Львів;Зіткнення автомобілів;Перевищення швидкості
вівторок;Личаківський;Зелена;зіткнення бокове;порушення правил маневрування;3;49.822221;24.054565;2;0;1;0;0;2021;2;1;20;Львів;Зіткнення автомобілів;Порушення маневрування
субота;Шевченківський;Промислова;зіткнення бокове;порушення правил маневрування,порушення правил проїзду перехресть;3;49.865224;24.04433;2;0;1;0;0;2021;1;5;7;Львів;Зіткнення автомобілів;Порушення маневрування
середа;Франківський;Наукова;наїзд на пішохода - пішохід рухався у попутному напрямку;порушення правил маневрування;2;49.804435;23.992124;1;0;1;0;0;2021;2;2;19;Львів;Наїзд на пішохода;Порушення маневрування
понеділок;Шевченківський;Мазепи І., гетьм.;зіткнення бокове;керування транспортним засобом у нетверезому стані,перевищення безпечної швидкості,недодержання дистанції;3;49.832083;23.892404;2;0;1;0;0;2021;2;0;0;Львів;Зіткнення автомобілів;Перевищення швидкості
четвер;Залізничний;Городоцька;зіткнення з задньою частиною тз;порушення правил маневрування;2;49.836536;24.000428;1;0;1;0;0;2021;2;3;6;Львів;Зіткнення автомобілів;Порушення маневрування
п'ятниця;Личаківський;Лисенка М.;зіткнення з задньою частиною тз;порушення правил маневрування,перевищення безпечної швидкості,недодержання дистанції;3;49.841944;24.045489;2;0;1;0;0;2021;2;4;9;Львів;Зіткнення автомобілів;Порушення маневрування
п'ятниця;Франківський;Кобилиці Л.;зіткнення бокове;порушення правил маневрування,порушення правил проїзду перехресть;2;49.816873;23.998169;1;0;1;0;0;2021;1;4;15;Львів;Зіткнення автомобілів;Порушення маневрування
субота;Залізничний;Садова;зіткнення бокове;порушення правил маневрування,порушення правил проїзду перехресть,невиконання вимог сигналів регулювання;3;49.82147;23.988605;1;0;2;0;1;2021;2;5;23;Львів;Зіткнення автомобілів;Порушення маневрування
п'ятниця;Залізничний;Городоцька;наїзд на пішохода;перевищення безпечної швидкості,порушення правил проїзду пішохідних переходів;2;49.836228;23.998448;1;0;1;0;0;2021;2;4;16;Львів;Наїзд на пішохода;Перевищення швидкості
п'ятниця;Сихівський;Гориня М.;наїзд на транспортний засіб, що стоїть - по ходу руху;перевищення безпечної швидкості,керування транспортним засобом у нетверезому стані;1;49.78923;24.05554;0;0;1;0;0;2021;4;4;22;Львів;Інше;Перевищення швидкості
п'ятниця;Шевченківський;Липинського В.;наїзд на пішохода - пішохід рухався у попутному напрямку;порушення правил маневрування;2;49.864432;24.041508;1;0;1;0;0;2021;4;4;12;Львів;Наїзд на пішохода;Порушення маневрування
понеділок;Франківський;Сахарова А., акад.;зіткнення з задньою частиною тз;перевищення безпечної швидкості,недодержання дистанції;3;49.829035;24.012927;2;0;1;0;0;2021;4;0;15;Львів;Зіткнення автомобілів;Перевищення швидкості
вівторок;Шевченківський;Порічкова;наїзд на інші види перешкод;перевищення безпечної швидкості;1;49.867717;23.961005;0;1;0;0;0;2021;4;1;1;Львів;Наїзд на перешкоду;Перевищення швидкості
середа;Личаківський;Личаківська;наїзд на велосипедиста - поза межами велосипедної доріжки;порушення правил маневрування;2;49.798706;24.071113;1;0;1;0;0;2021;3;2;16;Львів;Наїзд на велосипедиста;Порушення маневрування
неділя;Галицький;Чорновола В., просп.;наїзд на інші види перешкод;недодержання дистанції,перевищення безпечної швидкості;4;49.847015;24.025662;2;0;2;0;0;2021;3;6;9;Львів;Наїзд на перешкоду;Перевищення швидкості
середа;Залізничний;Кульпрківська;падіння пасажира;порушення правил перевезення пасажирів;2;49.819386;23.987896;1;0;1;0;0;2021;4;2;17;Львів;Падіння пасажира;Інше
вівторок;Сихівський;Чмоли І.;зіткнення бокове;перевищення безпечної швидкості,недодержання дистанції;3;49.814859;24.024015;1;0;2;0;0;2021;3;1;17;Львів;Зіткнення автомобілів;Перевищення швидкості
четвер;Залізничний;Білогорща;наїзд на інші види перешкод;керування транспортним засобом у нетверезому стані,порушення правил маневрування;2;49.844441;23.947915;1;0;1;0;0;2021;4;3;11;Львів;Наїзд на перешкоду;Порушення маневрування
четвер;Шевченківський;Грінченка Б.;наїзд на велосипедиста - поза межами велосипедної доріжки;перевищення безпечної швидкості;2;49.795356;24.054246;1;0;1;0;0;2021;4;3;7;Львів;Наїзд на велосипедиста;Перевищення швидкості
понеділок;Шевченківський;Чорновола В., просп.;наїзд на велосипедиста - поза межами велосипедної доріжки;недодержання дистанції;2;49.852518;24.023629;1;0;1;0;0;2021;4;0;18;Львів;Наїзд на велосипедиста;Недотримання дистанції
п'ятниця;Шевченківський;Липинського В.;наїзд на пішохода - на нерегульованому пішохідному переході;порушення правил проїзду пішохідних переходів;2;49.856765;24.022079;1;1;0;0;0;2021;4;4;6;Львів;Наїзд на пішохода;Порушення проїзду переходів
четвер;Галицький;Ковжуна П.;зіткнення бокове;порушення правил проїзду перехресть;2;49.83756;24.029793;0;0;2;0;1;2021;4;3;14;Львів;Зіткнення автомобілів;Порушення проїзду перехресть
четвер;Галицький;Стуса В.;зіткнення бокове;порушення правил маневрування;2;49.823266;24.038313;1;1;0;0;0;2021;4;3;17;Львів;Зіткнення автомобілів;Порушення маневрування
вівторок;Залізничний;Кульчицької О.;наїзд на пішохода - пішохід рухався у зустрічному напрямку;неочікуваний вихід на проїзну частину;2;49.817493;23.973268;1;0;1;0;0;2021;4;1;19;Львів;Наїзд на пішохода;Інше
неділя;Галицький;Свободи, просп.;наїзд на пішохода - пішохід рухався у попутному напрямку;порушення правил маневрування;2;49.842134;24.026842;1;0;1;0;0;2021;4;6;19;Львів;Наїзд на пішохода;Порушення маневрування
середа;Шевченківський;Чорновола В., просп.;наїзд на інші види перешкод;порушення правил маневрування;1;49.859722;24.019831;0;0;0;1;0;2021;4;2;18;Львів;Наїзд на перешкоду;Порушення маневрування
середа;Шевченківський;Городоцька;наїзд на пішохода - пішохід рухався у зустрічному напрямку;порушення правил проїзду пішохідних переходів;2;49.842791;24.017165;1;0;1;0;0;2021;4;2;14;Львів;Наїзд на пішохода;Порушення проїзду переходів
четвер;Залізничний;Виговського І.;наїзд на пішохода - пішохід рухався у попутному напрямку;порушення правил проїзду пішохідних переходів;2;49.812726;23.98213;1;0;1;0;0;2021;4;3;15;Львів;Наїзд на пішохода;Порушення проїзду переходів
четвер;Сихівський;Хуторівка;наїзд на пішохода - пішохід рухався у попутному напрямку;перехід у невстановленому місці;2;49.799695;24.02689;1;0;1;0;0;2021;4;3;0;Львів;Наїзд на пішохода;Інше
вівторок;Галицький;Під Дубом;наїзд на пішохода - пішохід на тротуарі чи велосипедній доріжці;перевищення безпечної швидкості;3;49.850481;24.022899;2;0;0;1;0;2021;4;1;18;Львів;Наїзд на пішохода;Перевищення швидкості
середа;Франківський;Княгині Ольги;наїзд на пішохода - пішохід рухався у попутному напрямку;пішоходи невиконання вимог сигналів регулювання;2;49.816908;24.002643;1;0;1;0;0;2021;4;2;23;Львів;Наїзд на пішохода;Інше
четвер;Личаківський;Личаківська;наїзд на пішохода - пішохід рухався у попутному напрямку;порушення правил маневрування;2;49.840425;24.044019;1;0;1;0;0;2021;4;3;19;Львів;Наїзд на пішохода;Порушення маневрування
п'ятниця;Галицький;Франка І.;падіння пасажира;порушення техніки безпеки пасажиром;2;49.842957;24.034927;1;0;1;0;0;2021;4;4;18;Львів;Падіння пасажира;Інше
вівторок;Галицький;Городоцька;наїзд на пішохода - пішохід рухався у зустрічному напрямку;порушення правил маневрування;4;49.839263;24.009697;3;0;1;0;0;2021;4;1;10;Львів;Наїзд на пішохода;Порушення маневрування
середа;Залізничний;Городоцька;зіткнення з задньою частиною тз;перевищення безпечної швидкості,недодержання дистанції,керування транспортним засобом у нетверезому стані;3;49.830681;23.966584;2;0;1;0;0;2021;4;2;0;Львів;Зіткнення автомобілів;Перевищення швидкості
четвер;Сихівський;Червоної Калини, просп.;зіткнення бокове;невиконання вимог сигналів регулювання;3;49.8372;24.0243;2;0;1;0;0;2021;4;3;22;Львів;Зіткнення автомобілів;Інше
п'ятниця;Франківський;Княгині Ольги;наїзд на пішохода - на регульованому пішохідному переході;порушення правил проїзду пішохідних переходів;3;49.825152;24.008356;1;0;2;0;0;2021;4;4;21;Львів;Наїзд на пішохода;Порушення проїзду переходів
п'ятниця;Франківський;Кульпарківська;зіткнення бокове;порушення правил проїзду перехресть;2;49.822999;23.989141;1;0;1;0;0;2021;4;4;20;Львів;Зіткнення автомобілів;Порушення проїзду перехресть
субота;Франківський;Наукова;наїзд на пішохода - пішохід рухався у зустрічному напрямку;неочікуваний вихід на проїзну частину;2;49.804819;23.987435;1;0;0;1;0;2021;4;5;12;Львів;Наїзд на пішохода;Інше
середа;Франківський;Боткіна С.;наїзд на пішохода - на нерегульованому пішохідному переході;порушення правил проїзду пішохідних переходів;2;49.813169;23.991796;1;0;1;0;0;2021;4;2;18;Львів;Наїзд на пішохода;Порушення проїзду переходів
п'ятниця;Шевченківський;Хмельницького Б.;зіткнення бокове;перевищення безпечної швидкості;3;49.878404;24.064259;1;0;2;0;0;2021;4;4;19;Львів;Зіткнення автомобілів;Перевищення швидкості
середа;Личаківський;Пасічна;наїзд на пішохода - пішохід рухався у попутному напрямку;порушення правил проїзду пішохідних переходів;2;49.830132;24.069854;1;0;1;0;0;2021;4;2;11;Львів;Наїзд на пішохода;Порушення проїзду переходів
середа;Франківський;Княгині Ольги;наїзд на пішохода - пішохід рухався у зустрічному напрямку;неочікуваний вихід на проїзну частину;2;49.816837;24.002953;1;0;1;0;0;2021;4;2;22;Львів;Наїзд на пішохода;Інше
четвер;Залізничний;Кульпарківська;наїзд на пішохода - на нерегульованому пішохідному переході;порушення правил проїзду пішохідних переходів;2;49.815419;23.984839;1;0;1;0;0;2021;4;3;22;Львів;Наїзд на пішохода;Порушення проїзду переходів
вівторок;Залізничний;Щирецька;зіткнення бокове;перевищення безпечної швидкості,порушення правил проїзду перехресть,невиконання вимог сигналів регулювання;2;49.809985;23.974357;1;0;1;0;0;2021;4;1;17;Львів;Зіткнення автомобілів;Перевищення швидкості
вівторок;Франківський;Пулюя І.;наїзд на пішохода - пішохід на тротуарі чи велосипедній доріжці;порушення правил маневрування;2;49.80108;23.990375;1;0;1;0;0;2021;4;1;20;Львів;Наїзд на пішохода;Порушення маневрування
четвер;Галицький;Святого Юра, пл.;наїзд на велосипедиста - велосипедист рухався у попутному напрямку;порушення правил проїзду пішохідних переходів,порушення правил маневрування,перевищення безпечної швидкості;2;49.836519;24.013211;1;0;1;0;0;2021;4;3;19;Львів;Наїзд на велосипедиста;Порушення маневрування
субота;Шевченківський;Шевченка Т.;зіткнення бокове;перевищення безпечної швидкості;2;49.85605;23.981057;1;0;1;0;0;2021;6;5;9;Львів;Зіткнення автомобілів;Перевищення швидкості
середа;Личаківський;Заньковецької М.;зіткнення бокове;порушення правил проїзду пішохідних переходів;2;49.840723;24.04646;0;0;2;0;0;2021;6;2;19;Львів;Зіткнення автомобілів;Порушення проїзду переходів
понеділок;Личаківський;Пасічна;наїзд на пішохода;порушення правил маневрування;2;49.824913;24.075004;1;0;1;0;0;2021;6;0;19;Львів;Наїзд на пішохода;Порушення маневрування
вівторок;Сихівський;Червоної Калини, просп.;наїзд на пішохода - пішохід рухався у попутному напрямку;порушення правил маневрування;2;49.790685;24.057409;1;0;1;0;0;2021;6;1;21;Львів;Наїзд на пішохода;Порушення маневрування
п'ятниця;Залізничний;Щирецька;наїзд на пішохода - на регульованому пішохідному переході;порушення правил проїзду пішохідних переходів;2;49.809874;23.975934;1;0;1;0;0;2021;6;4;19;Львів;Наїзд на пішохода;Порушення проїзду переходів
п'ятниця;Сихівський;Зелена;зіткнення бокове;перевищення безпечної швидкості;2;49.806786;24.060702;1;0;1;0;0;2021;6;4;15;Львів;Зіткнення автомобілів;Перевищення швидкості
понеділок;Галицький;Торгова;зіткнення бокове;керування транспортним засобом у нетверезому стані,невиконання вимог сигналів регулювання;3;49.844158;24.024659;2;0;1;0;0;2021;5;0;22;Львів;Зіткнення автомобілів;П'яне водіння
середа;Галицький;Дорошенка П.;наїзд на пішохода - пішохід рухався у зустрічному напрямку;порушення правил проїзду пішохідних переходів;2;49.83909;24.025185;1;0;1;0;0;2021;6;2;11;Львів;Наїзд на пішохода;Порушення проїзду переходів
п'ятниця;Личаківський;Яворницького Д.;наїзд на пішохода - пішохід переходив дорогу поза межами піш.переходу;перехід у невстановленому місці;2;49.815146;24.149601;1;0;1;0;0;2021;6;4;17;Львів;Наїзд на пішохода;Інше
неділя;Галицький;Франка І.;наїзд на пішохода - пішохід рухався у попутному напрямку;порушення правил маневрування;2;49.82893736;24.03231912;1;0;1;0;0;2021;6;6;16;Львів;Наїзд на пішохода;Порушення маневрування
четвер;Галицький;Шевченка Т.;наїзд на інші види перешкод;перевищення безпечної швидкості,керування транспортним засобом у нетверезому стані;2;49.842413;24.027621;1;0;1;0;0;2021;6;3;13;Львів;Наїзд на перешкоду;Перевищення швидкості
четвер;Залізничний;Городоцька;зіткнення з задньою частиною тз;недодержання дистанції;3;49.82419;23.93289;2;0;1;0;0;2021;6;3;16;Львів;Зіткнення автомобілів;Недотримання дистанції
п'ятниця;Шевченківський;Варшавська;зіткнення з задньою частиною тз;недодержання дистанції,перевищення безпечної швидкості;2;49.860635;24.008297;1;0;1;0;0;2021;6;4;11;Львів;Зіткнення автомобілів;Перевищення швидкості
неділя;Сихівський;Червоної Калини, просп.;наїзд на пішохода - пішохід рухався у попутному напрямку;порушення правил проїзду пішохідних переходів;2;49.788603;24.058224;1;0;0;1;0;2021;5;6;22;Львів;Наїзд на пішохода;Порушення проїзду переходів
неділя;Залізничний;Городоцька;зіткнення бокове;порушення правил проїзду перехресть;4;49.829498;23.960082;0;0;4;0;0;2021;6;6;12;Львів;Зіткнення автомобілів;Порушення проїзду перехресть
середа;Франківський;Княгині Ольги;наїзд на пішохода - пішохід рухався у попутному напрямку;пішоходи невиконання вимог сигналів регулювання;2;49.817327;24.003523;1;0;1;0;0;2021;6;2;11;Львів;Наїзд на пішохода;Інше
четвер;Сихівський;Навроцького В.;зіткнення бокове;порушення правил проїзду перехресть;3;49.81175;24.046047;2;0;1;0;0;2021;6;3;10;Львів;Зіткнення автомобілів;Порушення проїзду перехресть
неділя;Залізничний;Любінська;зіткнення бокове;порушення правил проїзду перехресть;3;49.823871;23.977447;2;0;1;0;0;2021;6;6;15;Львів;Зіткнення автомобілів;Порушення проїзду перехресть