accidentDay;district;streetName;accidentType;mainAccidentCause;totalParticipantsAmount;latitude;longitude;Count_Без ушкоджень;Count_Загинув;Count_Легко травмований;Count_Тяжко травмований;Is_Intersection;Year;Month;DayOfWeek;Hour;settlement_grouped;Simple_Type;Simple_Cause
четвер;Галицький;Князя Ярослава Осмомисла, пл.;зіткнення бокове;порушення правил проїзду перехресть;3;49.844571;24.029699;2;0;1;0;1;2021;6;3;4;Львів;Зіткнення автомобілів;Порушення проїзду перехресть
середа;Шевченківський;Хмельницького Б.;зіткнення бокове;порушення правил проїзду перехресть;2;49.853335;24.036557;0;0;2;0;0;2021;6;2;10;Львів;Зіткнення автомобілів;Порушення проїзду перехресть
п'ятниця;Шевченківський;Липинського В.;зіткнення бокове;перевищення безпечної швидкості;4;49.862063;24.029117;1;0;3;0;0;2021;6;4;0;Львів;Зіткнення автомобілів;Перевищення швидкості
п'ятниця;Шевченківський;Грінченка Б.;зіткнення бокове;порушення правил маневрування,перевищення безпечної швидкості;1;49.870673;24.057902;0;0;1;0;0;2021;6;4;22;Львів;Зіткнення автомобілів;Порушення маневрування
неділя;Галицький;Торгова;зіткнення бокове;порушення правил надання безперешкодного проїзду;6;49.844206;24.024648;1;0;5;0;0;2021;6;6;23;Львів;Зіткнення автомобілів;Інше
четвер;Залізничний;Городоцька;зіткнення бокове;порушення правил маневрування;3;49.827239;23.949831;2;0;1;0;0;2021;6;3;14;Львів;Зіткнення автомобілів;Порушення маневрування
четвер;Залізничний;Широка;наїзд на пішохода - стояв на проїздній частині;неочікуваний вихід на проїзну частину;2;49.841843;23.967769;1;0;1;0;0;2021;6;3;22;Львів;Наїзд на пішохода;Інше
четвер;Сихівський;Червоної Калини, просп.;зіткнення бокове;перевищення безпечної швидкості,недодержання дистанції;4;49.799134;24.049453;3;0;1;0;0;2021;6;3;17;Львів;Зіткнення автомобілів;Перевищення швидкості
неділя;Франківський;Городоцька;наїзд на пішохода - пішохід рухався у зустрічному напрямку;порушення правил проїзду пішохідних переходів;2;49.835716;23.99693;1;1;0;0;0;2021;6;6;12;Львів;Наїзд на пішохода;Порушення проїзду переходів
понеділок;Галицький;Свободи, просп.;наїзд на пішохода - пішохід на тротуарі чи велосипедній доріжці;порушення правил маневрування;2;49.843656;24.026434;1;0;1;0;0;2021;5;0;18;Львів;Наїзд на пішохода;Порушення маневрування
неділя;Галицький;Героїв Майдану;перекидання тз;перевищення безпечної швидкості;1;49.824927;24.020888;0;0;1;0;0;2021;6;6;18;Львів;Перекидання;Перевищення швидкості
четвер;Залізничний;Городоцька;зіткнення бокове;невиконання вимог сигналів регулювання;2;49.824532;23.932112;1;0;1;0;0;2021;6;3;18;Львів;Зіткнення автомобілів;Інше
четвер;Галицький;700-Річчя Львова;наїзд на пішохода - пішохід рухався у попутному напрямку;перевищення безпечної швидкості,недодержання дистанції;2;49.850146;24.024922;1;0;1;0;0;2021;6;3;14;Львів;Наїзд на пішохода;Перевищення швидкості
вівторок;Галицький;Зелена;наїзд на пішохода - пішохід рухався у попутному напрямку;порушення правил проїзду пішохідних переходів;2;49.823515;24.052264;1;0;1;0;0;2021;6;1;8;Львів;Наїзд на пішохода;Порушення проїзду переходів
вівторок;Франківський;Володимира Великого;наїзд на пішохода - пішохід рухався у попутному напрямку;порушення правил маневрування;2;49.810421;23.995836;1;0;1;0;0;2021;6;1;14;Львів;Наїзд на пішохода;Порушення маневрування
субота;Сихівський;Угорська;наїзд на пішохода - пішохід рухався у попутному напрямку;порушення правил проїзду пішохідних переходів;2;49.810518;24.045226;1;0;1;0;0;2021;6;5;17;Львів;Наїзд на пішохода;Порушення проїзду переходів
п'ятниця;Галицький;Кривоноса М.;наїзд на інші види перешкод;перевищення безпечної швидкості,керування транспортним засобом у нетверезому стані;4;49.844936;24.038547;0;0;4;0;0;2021;6;4;4;Львів;Наїзд на перешкоду;Перевищення швидкості
п'ятниця;Шевченківський;Плужника Є.;наїзд на пішохода - пішохід переходив дорогу поза межами піш.переходу;перехід у невстановленому місці;2;49.864728;24.009466;1;0;1;0;0;2021;6;4;18;Львів;Наїзд на пішохода;Інше
четвер;Галицький;Міцкевича А., пл.;наїзд на інші види перешкод;порушення правил утримання автодоріг та вулиць;4;49.839602;24.030018;2;0;2;0;0;2021;6;3;16;Львів;Наїзд на перешкоду;Інше
субота;Личаківський;Польова;зіткнення бокове;порушення правил проїзду перехресть;2;49.860086;24.0622887;1;0;1;0;0;2021;6;5;6;Львів;Зіткнення автомобілів;Порушення проїзду перехресть
понеділок;Залізничний;Левандівська;наїзд на інші види перешкод;управління несправним транспортним засобом;7;49.842667;23.979662;1;0;6;0;0;2021;6;0;6;Львів;Наїзд на перешкоду;Інше
четвер;Франківський;Городоцька;наїзд на пішохода - пішохід рухався у попутному напрямку;порушення правил проїзду пішохідних переходів;2;49.831692;23.975687;1;0;1;0;0;2021;6;3;8;Львів;Наїзд на пішохода;Порушення проїзду переходів
неділя;Франківський;Пасічна;перекидання тз;порушення правил маневрування;1;49.822639;24.013032;0;0;1;0;0;2021;6;6;22;Львів;Перекидання;Порушення маневрування
вівторок;Франківський;Пулюя І.;наїзд на транспортний засіб, що стоїть - по ходу руху;порушення правил маневрування;3;49.800208;23.988071;2;0;1;0;0;2021;6;1;23;Львів;Інше;Порушення маневрування
неділя;Галицький;Галицька, пл.;падіння пасажира;перевищення безпечної швидкості;2;49.839268;24.03258;1;0;1;0;0;2021;6;6;15;Львів;Падіння пасажира;Перевищення швидкості
середа;Личаківський;Глинянський Тракт;наїзд на пішохода - пішохід рухався у попутному напрямку;перехід у невстановленому місці;2;49.837041;24.073845;1;0;1;0;0;2021;6;2;18;Львів;Наїзд на пішохода;Інше
понеділок;Франківський;Княгині Ольги;зіткнення з задньою частиною тз;недодержання дистанції;3;49.813426;24.000589;2;0;1;0;0;2021;6;0;18;Львів;Зіткнення автомобілів;Недотримання дистанції
субота;Залізничний;Кульпарківська;наїзд на інші види перешкод;недодержання дистанції;3;49.803151;23.980778;2;0;1;0;0;2021;6;5;18;Львів;Наїзд на перешкоду;Недотримання дистанції
середа;Франківський;Любінська;зіткнення з задньою частиною тз;порушення правил проїзду перехресть;3;49.829021;23.987258;2;0;1;0;1;2021;6;2;16;Львів;Зіткнення автомобілів;Порушення проїзду перехресть
п'ятниця;Личаківський;Богданівська;зіткнення бокове;перевищення безпечної швидкості,порушення правил маневрування;3;49.84595;24.084629;2;0;1;0;0;2021;6;4;18;Львів;Зіткнення автомобілів;Порушення маневрування
п'ятниця;Личаківський;Пластова;зіткнення бокове;порушення правил маневрування;2;49.862776;24.067563;1;0;1;0;0;2021;6;4;8;Львів;Зіткнення автомобілів;Порушення маневрування
понеділок;Шевченківський;Миколайчука І.;наїзд на пішохода - пішохід рухався у попутному напрямку;порушення правил маневрування;2;49.869674;24.043069;1;0;1;0;0;2021;6;0;7;Львів;Наїзд на пішохода;Порушення маневрування
субота;Франківський;Мельника А.;наїзд на пішохода - пішохід рухався у зустрічному напрямку;порушення правил маневрування;2;49.831391;24.003078;1;0;1;0;0;2021;6;5;12;Львів;Наїзд на пішохода;Порушення маневрування
субота;Залізничний;Городоцька;зіткнення бокове;перевищення безпечної швидкості;2;49.824872;23.90992;1;0;1;0;0;2021;6;5;18;Львів;Зіткнення автомобілів;Перевищення швидкості
субота;Галицький;Святого Юра, пл.;наїзд на інші види перешкод;перевищення безпечної швидкості;1;49.837318;24.012519;0;0;1;0;0;2021;6;5;0;Львів;Наїзд на перешкоду;Перевищення швидкості
четвер;Галицький;Гашека Я.;наїзд на пішохода - пішохід рухався у попутному напрямку;порушення правил маневрування;2;49.839387;24.029658;1;0;1;0;0;2021;6;3;10;Львів;Наїзд на пішохода;Порушення маневрування
п'ятниця;Франківський;Городоцька;наїзд на пішохода - пішохід переходив дорогу поза межами піш.переходу;перехід у невстановленому місці;2;49.835692;23.996876;1;0;0;1;0;2021;6;4;7;Львів;Наїзд на пішохода;Інше
понеділок;Личаківський;Пасічна;наїзд на пішохода - пішохід рухався у зустрічному напрямку;порушення правил маневрування;2;49.826034;24.073244;1;0;1;0;0;2021;6;0;20;Львів;Наїзд на пішохода;Порушення маневрування
понеділок;Личаківський;Пасічна;наїзд на велосипедиста - велосипедист рухався у попутному напрямку;недодержання дистанції;2;49.821677;24.075379;1;0;1;0;0;2021;6;0;14;Львів;Наїзд на велосипедиста;Недотримання дистанції
п'ятниця;Личаківський;Личаківська;падіння пасажира;порушення правил маневрування;2;49.839743;24.050258;1;0;1;0;0;2021;6;4;13;Львів;Падіння пасажира;Порушення маневрування
неділя;Франківський;Тролейбусна;наїзд на транспортний засіб, що стоїть - по ходу руху;керування транспортним засобом у нетверезому стані,перевищення безпечної швидкості,недодержання дистанції;4;49.804539;24.006715;1;0;3;0;0;2021;6;6;16;Львів;Інше;Перевищення швидкості
середа;Личаківський;Пасічна;падіння пасажира;порушення техніки безпеки пасажиром;2;49.820947;24.07568;1;0;1;0;0;2021;5;2;14;Львів;Падіння пасажира;Інше
середа;Сихівський;Луганська;зіткнення з задньою частиною тз;перевищення безпечної швидкості,порушення правил утримання автодоріг та вулиць;2;49.807191;24.057451;1;1;0;0;0;2021;6;2;12;Львів;Зіткнення автомобілів;Перевищення швидкості
п'ятниця;Сихівський;Зелена;наїзд на пішохода - пішохід переходив дорогу поза межами піш.переходу;порушення правил маневрування;2;49.816807;24.059227;1;0;1;0;0;2021;5;4;20;Львів;Наїзд на пішохода;Порушення маневрування
субота;Личаківський;Керченська;наїзд на транспортний засіб, що стоїть - по ходу руху;перевищення безпечної швидкості,недодержання дистанції;2;49.82329;24.053498;1;0;1;0;0;2021;6;5;15;Львів;Інше;Перевищення швидкості
середа;Залізничний;Авіаційна;наїзд на пішохода - пішохід рухався у зустрічному напрямку;порушення правил маневрування;2;49.825062;23.939869;1;1;0;0;0;2021;6;2;0;Львів;Наїзд на пішохода;Порушення маневрування
четвер;Залізничний;Левандівська;зіткнення бокове;порушення правил маневрування;2;49.844479;23.983814;1;0;1;0;0;2021;6;3;22;Львів;Зіткнення автомобілів;Порушення маневрування
середа;Шевченківський;Шевченка Т.;наїзд на пішохода - пішохід рухався у зустрічному напрямку;порушення правил проїзду перехресть,порушення правил проїзду пішохідних переходів;2;49.844376;24.011242;1;0;1;0;0;2021;8;2;8;Львів;Наїзд на пішохода;Порушення проїзду перехресть
неділя;Сихівський;Зелена;зіткнення з задньою частиною тз;недодержання дистанції;3;49.79838;24.071082;2;0;1;0;0;2021;8;6;20;Львів;Зіткнення автомобілів;Недотримання дистанції
середа;Шевченківський;Яблонської С.;наїзд на пішохода - пішохід рухався у попутному напрямку;порушення правил проїзду пішохідних переходів,перевищення безпечної швидкості;2;49.85366;24.028194;1;0;1;0;0;2021;8;2;20;Львів;Наїзд на пішохода;Перевищення швидкості
четвер;Сихівський;Стрийська;наїзд на пішохода - пішохід рухався у попутному напрямку;порушення правил проїзду пішохідних переходів;2;49.792984;24.015791;1;0;1;0;0;2021;7;3;18;Львів;Наїзд на пішохода;Порушення проїзду переходів
понеділок;Сихівський;Червоної Калини, просп.;зіткнення з задньою частиною тз;керування транспортним засобом у нетверезому стані,перевищення безпечної швидкості,недодержання дистанції;3;49.797683;24.051733;2;0;1;0;0;2021;8;0;23;Львів;Зіткнення автомобілів;Перевищення швидкості
четвер;Залізничний;Шевченка Т.;наїзд на інші види перешкод;перевищення безпечної швидкості;1;49.858087;23.974668;0;0;1;0;0;2021;7;3;20;Львів;Наїзд на перешкоду;Перевищення швидкості
понеділок;Шевченківський;Чорновола В., просп.;наїзд на пішохода - пішохід рухався у зустрічному напрямку;недодержання дистанції;2;49.857589;24.020952;1;0;1;0;0;2021;8;0;18;Львів;Наїзд на пішохода;Недотримання дистанції
понеділок;Залізничний;Чернівецька;зіткнення бокове;недодержання дистанції,порушення правил маневрування;2;49.837488;24.001377;1;0;1;0;0;2021;8;0;17;Львів;Зіткнення автомобілів;Порушення маневрування
четвер;Залізничний;Любінська;зіткнення бокове;порушення правил проїзду перехресть;2;49.824058;23.977275;1;0;1;0;0;2021;8;3;21;Львів;Зіткнення автомобілів;Порушення проїзду перехресть
четвер;Залізничний;Білогорща;наїзд на інші види перешкод;перевищення безпечної швидкості;1;49.843795;23.951708;0;0;1;0;0;2021;8;3;0;Львів;Наїзд на перешкоду;Перевищення швидкості
вівторок;Галицький;Городоцька;наїзд на пішохода - пішохід рухався у попутному напрямку;порушення правил маневрування;2;49.844563;24.025201;1;0;1;0;0;2021;8;1;17;Львів;Наїзд на пішохода;Порушення маневрування
неділя;Сихівський;Червоної Калини, просп.;наїзд на пішохода - пішохід рухався у зустрічному напрямку;неочікуваний вихід на проїзну частину;2;49.796201;24.053493;1;0;1;0;0;2021;8;6;4;Львів;Наїзд на пішохода;Інше
п'ятниця;Шевченківський;Тичини П.;наїзд на пішохода - пішохід рухався у попутному напрямку;порушення правил маневрування;2;49.868433;24.034165;1;0;1;0;0;2021;8;4;18;Львів;Наїзд на пішохода;Порушення маневрування
субота;Франківський;Кульпарківська;зіткнення бокове;порушення правил маневрування,перевищення безпечної швидкості,недодержання дистанції;4;49.810414;23.983004;3;0;1;0;0;2021;7;5;20;Львів;Зіткнення автомобілів;Порушення маневрування
вівторок;Залізничний;Збиральна;зіткнення бокове;порушення правил проїзду перехресть;2;49.825709;23.928845;1;0;1;0;0;2021;8;1;18;Львів;Зіткнення автомобілів;Порушення проїзду перехресть
понеділок;Шевченківський;Промислова;наїзд на пішохода - пішохід рухався у попутному напрямку;порушення правил маневрування;2;49.860832;24.043279;1;0;1;0;0;2021;8;0;17;Львів;Наїзд на пішохода;Порушення маневрування
п'ятниця;Личаківський;Личаківська;зіткнення бокове;порушення правил маневрування;2;49.840145;24.042882;1;0;1;0;0;2021;7;4;18;Львів;Зіткнення автомобілів;Порушення маневрування
п'ятниця;Шевченківський;Миколайчука І.;наїзд на пішохода - пішохід рухався у зустрічному напрямку;перевищення безпечної швидкості,недодержання дистанції;2;49.877823;24.038419;1;0;1;0;0;2021;7;4;10;Львів;Наїзд на пішохода;Перевищення швидкості
четвер;Личаківський;Пасічна;зіткнення з задньою частиною тз;порушення правил проїзду перехресть;2;49.81652;24.077375;0;0;2;0;1;2021;8;3;11;Львів;Зіткнення автомобілів;Порушення проїзду перехресть
субота;Сихівський;Зелена;наїзд на пішохода - пішохід рухався у зустрічному напрямку;порушення правил проїзду пішохідних переходів;2;49.802424;24.067242;1;0;0;1;0;2021;7;5;15;Львів;Наїзд на пішохода;Порушення проїзду переходів
середа;Сихівський;Луганська;зіткнення бокове;перевищення безпечної швидкості,недодержання дистанції;2;49.80915;24.042141;1;0;1;0;0;2021;8;2;13;Львів;Зіткнення автомобілів;Перевищення швидкості
п'ятниця;Галицький;Городоцька;наїзд на пішохода - пішохід рухався у зустрічному напрямку;недодержання дистанції;2;49.837325;24.004569;1;0;1;0;0;2021;8;4;20;Львів;Наїзд на пішохода;Недотримання дистанції
четвер;Шевченківський;Брюховицька;наїзд на інші види перешкод;перевищення безпечної швидкості;2;49.864546;23.969073;1;0;1;0;0;2021;8;3;15;Львів;Наїзд на перешкоду;Перевищення швидкості
неділя;Франківський;Музики Я.;зіткнення бокове;порушення правил проїзду перехресть;2;49.815205;23.995514;1;0;1;0;1;2021;8;6;11;Львів;Зіткнення автомобілів;Порушення проїзду перехресть
неділя;Залізничний;Городоцька;зіткнення з задньою частиною тз;перевищення безпечної швидкості,недодержання дистанції;4;49.835609;23.99265;2;0;2;0;0;2021;8;6;23;Львів;Зіткнення автомобілів;Перевищення швидкості
понеділок;Шевченківський;Бетховена Л.;наїзд на пішохода - пішохід рухався у попутному напрямку;порушення правил маневрування;2;49.863564;24.033258;1;0;1;0;0;2021;8;0;17;Львів;Наїзд на пішохода;Порушення маневрування
вівторок;Шевченківський;Липинського В.;наїзд на пішохода - пішохід рухався у зустрічному напрямку;порушення правил проїзду пішохідних переходів;2;49.862264;24.029567;1;0;1;0;0;2021;8;1;16;Львів;Наїзд на пішохода;Порушення проїзду переходів
четвер;Личаківський;Личаківська;наїзд на пішохода - пішохід рухався у попутному напрямку;перехід у невстановленому місці;2;49.835803;24.069639;1;0;1;0;0;2021;8;3;18;Львів;Наїзд на пішохода;Інше
вівторок;Шевченківський;Величковського І.;зіткнення з задньою частиною тз;порушення правил проїзду перехресть;3;49.872843;23.928656;1;0;2;0;1;2021;8;1;19;Львів;Зіткнення автомобілів;Порушення проїзду перехресть
вівторок;Залізничний;Петлюри С.;зіткнення з задньою частиною тз;порушення правил проїзду перехресть,перевищення безпечної швидкості,недодержання дистанції;2;49.823948;23.977468;1;0;1;0;1;2021;8;1;18;Львів;Зіткнення автомобілів;Перевищення швидкості
четвер;Шевченківський;Шевченка Т.;наїзд на пішохода - пішохід рухався у попутному напрямку;перехід у невстановленому місці;2;49.870158;23.948044;1;0;1;0;0;2021;8;3;16;Львів;Наїзд на пішохода;Інше
середа;Залізничний;Широка;наїзд на пішохода - пішохід рухався у зустрічному напрямку;порушення правил проїзду пішохідних переходів;2;49.842003;23.96969;1;0;1;0;0;2021;8;2;19;Львів;Наїзд на пішохода;Порушення проїзду переходів
вівторок;Залізничний;Збиральна;наїзд на пішохода - пішохід рухався у попутному напрямку;порушення правил маневрування;2;49.82573;23.929113;1;0;1;0;0;2021;8;1;20;Львів;Наїзд на пішохода;Порушення маневрування
п'ятниця;Франківський;Княгині Ольги;наїзд на пішохода - на регульованому пішохідному переході;порушення правил проїзду пішохідних переходів;2;49.826093;24.009861;1;0;1;0;0;2021;8;4;16;Львів;Наїзд на пішохода;Порушення проїзду переходів
вівторок;Сихівський;Стуса В.;наїзд на пішохода - пішохід рухався у попутному напрямку;перехід у невстановленому місці;2;49.817385;24.044781;1;0;1;0;0;2021;7;1;22;Львів;Наїзд на пішохода;Інше
понеділок;Сихівський;Сихівська;наїзд на пішохода - пішохід рухався у попутному напрямку;перехід у невстановленому місці,порушення правил маневрування;2;49.79599;24.071753;1;0;1;0;0;2021;7;0;15;Львів;Наїзд на пішохода;Порушення маневрування
п'ятниця;Залізничний;Залізнична;зіткнення бокове;недодержання дистанції;2;49.836882;24.002584;1;0;1;0;0;2021;8;4;17;Львів;Зіткнення автомобілів;Недотримання дистанції
четвер;Франківський;Городоцька;падіння пасажира;порушення правил перевезення пасажирів;2;49.835609;23.997005;1;0;1;0;0;2021;8;3;19;Львів;Падіння пасажира;Інше
субота;Галицький;Шевченка Т.;наїзд на пішохода - пішохід рухався у зустрічному напрямку;порушення правил проїзду пішохідних переходів;2;49.842982;24.015507;1;0;1;0;0;2021;8;5;12;Львів;Наїзд на пішохода;Порушення проїзду переходів
четвер;Залізничний;Чернівецька;падіння пасажира;порушення правил перевезення пасажирів;2;49.837508;24.001307;1;0;0;1;0;2021;8;3;19;Львів;Падіння пасажира;Інше
неділя;Личаківський;Личаківська;наїзд на пішохода - пішохід рухався у попутному напрямку;порушення правил проїзду пішохідних переходів;2;49.839954;24.039583;1;0;1;0;0;2021;8;6;19;Львів;Наїзд на пішохода;Порушення проїзду переходів
субота;Франківський;Коновальця Є.;зіткнення бокове;порушення правил проїзду перехресть;1;49.827609;23.998389;0;0;1;0;0;2021;7;5;10;Львів;Зіткнення автомобілів;Порушення проїзду перехресть
понеділок;Франківський;Наукова;зіткнення бокове;перевищення безпечної швидкості,недодержання дистанції;2;49.802216;24.007385;1;0;1;0;0;2021;8;0;14;Львів;Зіткнення автомобілів;Перевищення швидкості
п'ятниця;Галицький;Митрополита Андрея;наїзд на транспортний засіб, що стоїть - по ходу руху;перевищення безпечної швидкості;2;49.836477;24.010416;0;0;2;0;0;2021;8;4;4;Львів;Інше;Перевищення швидкості
неділя;Галицький;Замарстинівська;наїзд на пішохода - пішохід рухався у попутному напрямку;неочікуваний вихід на проїзну частину;2;49.84872;24.0278;1;0;1;0;0;2021;8;6;22;Львів;Наїзд на пішохода;Інше
п'ятниця;Франківський;Стрийська;наїзд на пішохода - пішохід рухався у попутному напрямку;порушення правил проїзду пішохідних переходів;2;49.792056;24.015453;1;0;1;0;0;2021;8;4;16;Львів;Наїзд на пішохода;Порушення проїзду переходів
субота;Сихівський;Червоної Калини, просп.;наїзд на транспортний засіб, що стоїть - по ходу руху;недодержання дистанції,перевищення безпечної швидкості;2;49.789951;24.058696;1;0;1;0;0;2021;8;5;19;Львів;Інше;Перевищення швидкості
середа;Шевченківський;Замарстинівська;зіткнення лобове;недодержання дистанції;2;49.885123;23.993196;1;1;0;0;0;2021;8;2;0;Львів;Зіткнення автомобілів;Недотримання дистанції
п'ятниця;Шевченківський;Кульпарківська;наїзд на велосипедиста - на велосипедній доріжці;порушення правил проїзду пішохідних переходів,порушення правил маневрування;2;49.880518;23.981384;1;0;1;0;0;2021;8;4;13;Львів;Наїзд на велосипедиста;Порушення маневрування
неділя;Личаківський;Личаківська;зіткнення з задньою частиною тз;недодержання дистанції;3;49.839834;24.049072;2;0;1;0;0;2021;8;6;16;Львів;Зіткнення автомобілів;Недотримання дистанції
середа;Шевченківський;Липинського В.;зіткнення бокове;виїзд на смугу зустрічного руху,керування транспортним засобом у нетверезому стані;2;49.864692;24.04011;1;0;1;0;0;2021;7;2;11;Львів;Зіткнення автомобілів;П'яне водіння
вівторок;Франківський;Бойчука М.;наїзд на пішохода - пішохід рухався у зустрічному напрямку;порушення правил маневрування;2;49.813273;23.995369;1;0;1;0;0;2021;8;1;13;Львів;Наїзд на пішохода;Порушення маневрування
середа;Сихівський;Зелена;наїзд на пішохода - пішохід рухався у попутному напрямку;перехід у невстановленому місці;2;49.785968;24.076511;1;0;0;1;0;2021;9;2;20;Львів;Наїзд на пішохода;Інше
неділя;Личаківський;Глинянський Тракт;наїзд на пішохода;порушення правил маневрування;2;49.842094;24.1021;1;0;1;0;0;2021;10;6;21;Львів;Наїзд на пішохода;Порушення маневрування
четвер;Залізничний;Патона Є.;наїзд на пішохода - пішохід рухався у попутному напрямку;порушення правил маневрування;2;49.823338;23.958757;1;0;1;0;0;2021;9;3;16;Львів;Наїзд на пішохода;Порушення маневрування
п'ятниця;Личаківський;Личаківська;наїзд на пішохода - на регульованому пішохідному переході;порушення правил проїзду пішохідних переходів;4;49.838773;24.054049;1;0;3;0;0;2021;10;4;16;Львів;Наїзд на пішохода;Порушення проїзду переходів
понеділок;Сихівський;Литвиненка С.;наїзд на пішохода - пішохід рухався у зустрічному напрямку;порушення правил маневрування;2;49.813564;24.039829;1;1;0;0;0;2021;9;0;17;Львів;Наїзд на пішохода;Порушення маневрування
четвер;Франківський;Музики Я.;зіткнення бокове;невиконання вимог сигналів регулювання;2;49.815094;23.996576;1;0;1;0;0;2021;9;3;14;Львів;Зіткнення автомобілів;Інше
середа;Сихівський;Сихівська;наїзд на пішохода - пішохід рухався у зустрічному напрямку;порушення правил маневрування;2;49.796094;24.062591;1;0;1;0;0;2021;9;2;14;Львів;Наїзд на пішохода;Порушення маневрування
субота;Залізничний;Широка;наїзд на інші види перешкод;перевищення безпечної швидкості,недодержання дистанції,керування транспортним засобом у нетверезому стані;2;49.842688;23.959905;0;0;2;0;0;2021;9;5;23;Львів;Наїзд на перешкоду;Перевищення швидкості
понеділок;Сихівський;Демнянська;наїзд на пішохода - пішохід рухався у попутному напрямку;пішоходи невиконання вимог сигналів регулювання;2;49.798123;24.028709;1;0;1;0;0;2021;9;0;16;Львів;Наїзд на пішохода;Інше
п'ятниця;Франківський;Городоцька;наїзд на пішохода - пішохід рухався у зустрічному напрямку;неочікуваний вихід на проїзну частину;2;49.833367;23.983777;1;0;1;0;0;2021;9;4;20;Львів;Наїзд на пішохода;Інше
неділя;Залізничний;Любінська;наїзд на інші види перешкод;перевищення безпечної швидкості;1;49.819992;23.965216;0;0;1;0;0;2021;9;6;12;Львів;Наїзд на перешкоду;Перевищення швидкості
четвер;Залізничний;Городоцька;наїзд на пішохода - пішохід рухався у попутному напрямку;порушення правил маневрування;2;49.821321;23.921925;1;0;1;0;0;2021;9;3;16;Львів;Наїзд на пішохода;Порушення маневрування
п'ятниця;Галицький;Свєнціцького І.;наїзд на пішохода - на нерегульованому пішохідному переході;порушення правил маневрування,порушення правил проїзду пішохідних переходів;2;49.822994;24.037498;1;0;1;0;0;2021;9;4;15;Львів;Наїзд на пішохода;Порушення маневрування
п'ятниця;Залізничний;Городоцька;наїзд на пішохода - пішохід переходив дорогу поза межами піш.переходу;порушення правил маневрування;2;49.830551;23.967752;1;0;1;0;0;2021;10;4;12;Львів;Наїзд на пішохода;Порушення маневрування
понеділок;Сихівський;Червоної Калини, просп.;наїзд на пішохода - пішохід рухався у попутному напрямку;пішоходи невиконання вимог сигналів регулювання;2;49.794986;24.056861;1;1;0;0;0;2021;10;0;21;Львів;Наїзд на пішохода;Інше
середа;Франківський;Княгині Ольги;зіткнення бокове;порушення правил проїзду пішохідних переходів;2;49.823854;24.006779;1;0;1;0;0;2021;9;2;12;Львів;Зіткнення автомобілів;Порушення проїзду переходів
четвер;Франківський;Копистинського Т.;наїзд на пішохода - пішохід рухався у зустрічному напрямку;перевищення безпечної швидкості,порушення правил проїзду пішохідних переходів,керування транспортним засобом у нетверезому стані;2;49.829194;23.988208;1;0;1;0;0;2021;9;3;23;Львів;Наїзд на пішохода;Перевищення швидкості
субота;Сихівський;Стрийська;наїзд на транспортний засіб, що стоїть - по ходу руху;перевищення безпечної швидкості,недодержання дистанції;4;49.805146;24.018821;2;0;2;0;1;2021;9;5;15;Львів;Інше;Перевищення швидкості
середа;Сихівський;Морозна;наїзд на інші види перешкод;перевищення безпечної швидкості;1;49.79545;24.069307;0;0;1;0;0;2021;9;2;20;Львів;Наїзд на перешкоду;Перевищення швидкості
середа;Шевченківський;Базарна;наїзд на пішохода - на нерегульованому пішохідному переході;порушення правил проїзду пішохідних переходів;2;49.84623;24.018683;1;0;1;0;0;2021;9;2;2;Львів;Наїзд на пішохода;Порушення проїзду переходів
середа;Шевченківський;Івана Мазепи І., гетьм.;наїзд на пішохода;порушення правил проїзду пішохідних переходів;1;49.871925;24.038708;0;0;1;0;0;2021;10;2;16;Львів;Наїзд на пішохода;Порушення проїзду переходів
понеділок;Шевченківський;Замарстинівська;наїзд на пішохода - пішохід рухався у попутному напрямку;перевищення безпечної швидкості,недодержання дистанції;2;49.854189;24.028435;1;0;1;0;0;2021;9;0;10;Львів;Наїзд на пішохода;Перевищення швидкості
п'ятниця;Шевченківський;Хмельницького Б.;зіткнення бокове;керування транспортним засобом у нетверезому стані,порушення правил проїзду пішохідних переходів;2;49.864031;24.05243;1;0;1;0;0;2021;9;4;20;Львів;Зіткнення автомобілів;Порушення проїзду переходів
четвер;Шевченківський;Хмельницького Б.;наїзд на пішохода;порушення правил маневрування,порушення правил проїзду пішохідних переходів;2;49.863986;24.052361;1;0;1;0;0;2021;10;3;8;Львів;Наїзд на пішохода;Порушення маневрування
четвер;Шевченківський;Липинського В.;наїзд на пішохода - пішохід рухався у зустрічному напрямку;порушення правил проїзду пішохідних переходів,керування транспортним засобом у нетверезому стані;2;49.862952;24.031493;1;0;1;0;0;2021;9;3;19;Львів;Наїзд на пішохода;Порушення проїзду переходів
п'ятниця;Галицький;Коперника М.;наїзд на пішохода - на регульованому пішохідному переході;порушення правил маневрування,порушення правил проїзду пішохідних переходів;2;49.836109;24.022442;1;0;1;0;0;2021;9;4;13;Львів;Наїзд на пішохода;Порушення маневрування