accidentDay;district;streetName;accidentType;mainAccidentCause;totalParticipantsAmount;latitude;longitude;Count_Без ушкоджень;Count_Загинув;Count_Легко травмований;Count_Тяжко травмований;Is_Intersection;Year;Month;DayOfWeek;Hour;settlement_grouped;Simple_Type;Simple_Cause
субота;Шевченківський;Замарстинівська;зіткнення бокове;порушення правил маневрування;3;49.856921;24.027566;2;0;1;0;0;2021;9;5;12;Львів;Зіткнення автомобілів;Порушення маневрування
середа;Залізничний;Виговського І.;наїзд на пішохода;порушення правил обгону;2;49.825321;23.967678;1;0;1;0;0;2021;10;2;7;Львів;Наїзд на пішохода;Інше
понеділок;Шевченківський;Студинського К.;наїзд на пішохода - на регульованому пішохідному переході;перевищення безпечної швидкості;2;49.879219;24.043268;1;0;1;0;0;2021;9;0;23;Львів;Наїзд на пішохода;Перевищення швидкості
вівторок;Шевченківський;Шевченка Т.;зіткнення бокове;перевищення безпечної швидкості;2;49.8435;24.013785;1;0;1;0;0;2021;10;1;14;Львів;Зіткнення автомобілів;Перевищення швидкості
четвер;Сихівський;Мирного Панаса;наїзд на велосипедиста - поза межами велосипедної доріжки;порушення правил маневрування,порушення правил проїзду перехресть;2;49.815052;24.032121;1;1;0;0;1;2021;9;3;9;Львів;Наїзд на велосипедиста;Порушення маневрування
вівторок;Франківський;Городоцька;перекидання тз;перевищення безпечної швидкості;1;49.835862;23.997788;0;0;1;0;0;2021;9;1;21;Львів;Перекидання;Перевищення швидкості
п'ятниця;Личаківський;Личаківська;зіткнення бокове;перевищення безпечної швидкості;2;49.840314;24.043552;1;0;1;0;0;2021;9;4;15;Львів;Зіткнення автомобілів;Перевищення швидкості
п'ятниця;Личаківський;Пасічна;зіткнення з задньою частиною тз;порушення правил маневрування;5;49.821718;24.073352;3;0;2;0;0;2021;10;4;7;Львів;Зіткнення автомобілів;Порушення маневрування
понеділок;Шевченківський;Липинського В.;зіткнення бокове;порушення правил маневрування;2;49.858215;24.024299;1;0;1;0;0;2021;9;0;17;Львів;Зіткнення автомобілів;Порушення маневрування
вівторок;Личаківський;Глинянський Тракт;наїзд на велосипедиста - велосипедист рухався у попутному напрямку;порушення правил маневрування;2;49.840183;24.085153;1;0;1;0;0;2021;10;1;17;Львів;Наїзд на велосипедиста;Порушення маневрування
четвер;Шевченківський;Шевченка Т.;зіткнення бокове;порушення правил маневрування;3;49.851097;23.991523;2;0;1;0;0;2021;10;3;9;Львів;Зіткнення автомобілів;Порушення маневрування
п'ятниця;Шевченківський;Шевченка Т.;наїзд на пішохода - на нерегульованому пішохідному переході;керування транспортним засобом у нетверезому стані,порушення правил проїзду пішохідних переходів;2;49.842957;24.015627;1;0;1;0;0;2021;10;4;9;Львів;Наїзд на пішохода;Порушення проїзду переходів
понеділок;Шевченківський;Мазепи І., гетьм.;зіткнення бокове;недодержання дистанції;3;49.83499;23.891396;1;0;2;0;0;2021;9;0;11;Львів;Зіткнення автомобілів;Недотримання дистанції
п'ятниця;Франківський;Житомирська;наїзд на пішохода - пішохід рухався у попутному напрямку;порушення правил проїзду пішохідних переходів;2;49.825879;23.990976;1;0;1;0;0;2021;10;4;19;Львів;Наїзд на пішохода;Порушення проїзду переходів
четвер;Франківський;Володимира Великого;наїзд на пішохода - пішохід рухався у попутному напрямку;перевищення безпечної швидкості;2;49.811719;23.986995;1;0;1;0;0;2021;9;3;20;Львів;Наїзд на пішохода;Перевищення швидкості
п'ятниця;Шевченківський;Варшавська;наїзд на пішохода - пішохід рухався у попутному напрямку;порушення правил проїзду пішохідних переходів;2;49.864813;24.007562;1;0;1;0;0;2021;10;4;22;Львів;Наїзд на пішохода;Порушення проїзду переходів
понеділок;Шевченківський;Чорновола В., просп.;зіткнення бокове;перевищення безпечної швидкості,порушення правил маневрування;4;49.853798;24.023173;0;0;4;0;1;2021;10;0;18;Львів;Зіткнення автомобілів;Порушення маневрування
вівторок;Галицький;Вітовського Д.;наїзд на велосипедиста - велосипедист рухався у зустрічному напрямку;порушення правил маневрування;2;49.831602;24.019648;1;0;1;0;0;2021;10;1;15;Львів;Наїзд на велосипедиста;Порушення маневрування
вівторок;Личаківський;Мечникова І.;зіткнення бокове;порушення правил маневрування;3;49.836861;24.054024;2;0;1;0;0;2021;10;1;18;Львів;Зіткнення автомобілів;Порушення маневрування
вівторок;Сихівський;Пасічна;наїзд на пішохода;перевищення безпечної швидкості,недодержання дистанції;2;49.813959;24.078212;1;0;1;0;0;2021;10;1;21;Львів;Наїзд на пішохода;Перевищення швидкості
середа;Личаківський;Богданівська;наїзд на велосипедиста - поза межами велосипедної доріжки;порушення правил проїзду пішохідних переходів;2;49.851156;24.078019;1;0;0;1;0;2021;9;2;9;Львів;Наїзд на велосипедиста;Порушення проїзду переходів
п'ятниця;Сихівський;Луганська;наїзд на пішохода - на регульованому пішохідному переході;порушення правил проїзду пішохідних переходів;2;49.807874;24.051515;1;0;1;0;0;2021;11;4;22;Львів;Наїзд на пішохода;Порушення проїзду переходів
середа;Франківський;Трускавецька;наїзд на пішохода - пішохід рухався у попутному напрямку;порушення правил проїзду пішохідних переходів;2;49.797874;24.005105;1;0;1;0;0;2021;11;2;17;Львів;Наїзд на пішохода;Порушення проїзду переходів
понеділок;Франківський;Антоновича В.;наїзд на пішохода - пішохід рухався у попутному напрямку;перехід у невстановленому місці;2;49.829568;23.997767;1;0;1;0;0;2021;11;0;10;Львів;Наїзд на пішохода;Інше
субота;Галицький;Свободи, просп.;наїзд на пішохода - пішохід рухався у попутному напрямку;порушення правил проїзду перехресть;3;49.840487;24.027894;1;1;1;0;0;2021;11;5;6;Львів;Наїзд на пішохода;Порушення проїзду перехресть
вівторок;Залізничний;Левандівська;наїзд на велосипедиста - велосипедист рухався у попутному напрямку;порушення правил маневрування;2;49.848769;23.994731;1;0;1;0;0;2021;11;1;17;Львів;Наїзд на велосипедиста;Порушення маневрування
середа;Шевченківський;Чигиринська;наїзд на пішохода - пішохід рухався у попутному напрямку;порушення правил проїзду пішохідних переходів;2;49.869297;24.053482;1;0;1;0;0;2021;11;2;18;Львів;Наїзд на пішохода;Порушення проїзду переходів
п'ятниця;Франківський;Наукова;зіткнення бокове;порушення правил маневрування;2;49.804362;23.99501;1;0;1;0;0;2021;11;4;12;Львів;Зіткнення автомобілів;Порушення маневрування
вівторок;Личаківський;Пекарська;наїзд на пішохода - пішохід рухався у попутному напрямку;порушення правил проїзду пішохідних переходів,керування транспортним засобом у нетверезому стані;2;49.836616;24.043418;0;0;2;0;0;2021;11;1;9;Львів;Наїзд на пішохода;Порушення проїзду переходів
понеділок;Шевченківський;Хімічна;наїзд на пішохода - пішохід рухався у попутному напрямку;порушення правил проїзду пішохідних переходів;2;49.853777;24.023259;1;0;1;0;0;2021;11;0;17;Львів;Наїзд на пішохода;Порушення проїзду переходів
субота;Залізничний;Городоцька;зіткнення бокове;порушення правил маневрування;2;49.830592;23.968327;1;0;1;0;1;2021;11;5;15;Львів;Зіткнення автомобілів;Порушення маневрування
неділя;Галицький;Міцкевича А., пл.;наїзд на пішохода - пішохід рухався у попутному напрямку;порушення правил маневрування;2;49.839532;24.029953;1;0;1;0;0;2021;11;6;0;Львів;Наїзд на пішохода;Порушення маневрування
понеділок;Залізничний;Сяйво;наїзд на інші види перешкод;перевищення безпечної швидкості,керування транспортним засобом у нетверезому стані;1;49.840923;23.978385;0;0;1;0;0;2021;11;0;6;Львів;Наїзд на перешкоду;Перевищення швидкості
неділя;Франківський;Копистинського Т.;зіткнення бокове;порушення правил проїзду перехресть;3;49.829242;23.98766;1;0;2;0;0;2021;11;6;16;Львів;Зіткнення автомобілів;Порушення проїзду перехресть
понеділок;Галицький;Свободи, просп.;наїзд на пішохода - на регульованому пішохідному переході;порушення правил маневрування,перехід у невстановленому місці;2;49.841006;24.027502;1;0;1;0;0;2021;11;0;2;Львів;Наїзд на пішохода;Порушення маневрування
понеділок;Шевченківський;Шевченка Т.;наїзд на пішохода - пішохід рухався у попутному напрямку;перехід у невстановленому місці;3;49.871213;23.945523;1;0;2;0;0;2021;11;0;16;Львів;Наїзд на пішохода;Інше
неділя;Галицький;Дорошенка П.;падіння пасажира;порушення техніки безпеки пасажиром;2;49.836861;24.021392;1;0;1;0;0;2021;11;6;19;Львів;Падіння пасажира;Інше
п'ятниця;Сихівський;Луганська;зіткнення лобове;перевищення безпечної швидкості,недодержання дистанції;2;49.808256;24.041358;1;0;1;0;0;2021;11;4;7;Львів;Зіткнення автомобілів;Перевищення швидкості
четвер;Личаківський;Туган-Барановського М.;падіння пасажира;порушення техніки безпеки пасажиром;2;49.83609;24.040098;1;0;1;0;0;2021;12;3;21;Львів;Падіння пасажира;Інше
неділя;Залізничний;Виговського І.;наїзд на пішохода - на регульованому пішохідному переході;невиконання вимог сигналів регулювання;2;49.812832;23.978421;1;0;1;0;0;2021;11;6;20;Львів;Наїзд на пішохода;Інше
п'ятниця;Франківський;Кульпарківська;зіткнення з задньою частиною тз;недодержання дистанції;4;49.822911;23.98916;3;0;1;0;0;2021;11;4;9;Львів;Зіткнення автомобілів;Недотримання дистанції
субота;Галицький;Коперника М.;наїзд на велосипедиста - велосипедист рухався у попутному напрямку;порушення правил маневрування;2;49.838218;24.026016;1;0;1;0;0;2021;11;5;15;Львів;Наїзд на велосипедиста;Порушення маневрування
середа;Залізничний;Городоцька;зіткнення бокове;перевищення безпечної швидкості,недодержання дистанції;4;49.824037;23.930545;3;0;1;0;0;2021;12;2;15;Львів;Зіткнення автомобілів;Перевищення швидкості
вівторок;Сихівський;Угорська;зіткнення бокове;порушення правил маневрування;2;49.810255;24.046197;1;0;1;0;0;2021;11;1;19;Львів;Зіткнення автомобілів;Порушення маневрування
середа;Залізничний;Сорохтея О.;зіткнення бокове;недодержання дистанції;2;49.844903;24.001825;1;0;1;0;0;2021;11;2;17;Львів;Зіткнення автомобілів;Недотримання дистанції
неділя;Шевченківський;Тунельна;зіткнення бокове;невиконання вимог сигналів регулювання;4;49.862209;24.003137;0;0;4;0;0;2021;11;6;0;Львів;Зіткнення автомобілів;Інше
середа;Личаківський;Зелена;наїзд на пішохода - пішохід рухався у попутному напрямку;порушення правил проїзду пішохідних переходів;2;49.816946;24.064334;1;0;1;0;0;2021;11;2;11;Львів;Наїзд на пішохода;Порушення проїзду переходів
п'ятниця;Франківський;Кульпарківська;зіткнення бокове;порушення правил маневрування,порушення правил проїзду перехресть;2;49.83063;23.990664;1;0;1;0;0;2021;11;4;18;Львів;Зіткнення автомобілів;Порушення маневрування
понеділок;Залізничний;Кульпарківська;наїзд на пішохода - на регульованому пішохідному переході;порушення правил проїзду пішохідних переходів;2;49.811274;23.983533;1;0;1;0;0;2021;11;0;20;Львів;Наїзд на пішохода;Порушення проїзду переходів
понеділок;Франківський;Кульпарківська;наїзд на пішохода - на регульованому пішохідному переході;пішоходи невиконання вимог сигналів регулювання;2;49.821473;23.988695;1;0;1;0;0;2021;11;0;19;Львів;Наїзд на пішохода;Інше
субота;Шевченківський;Чорновола В., просп.;наїзд на пішохода - на регульованому пішохідному переході;порушення правил маневрування;2;49.857242;24.022604;1;0;1;0;0;2021;11;5;14;Львів;Наїзд на пішохода;Порушення маневрування
вівторок;Шевченківський;Шевченка Т.;наїзд на пішохода - на регульованому пішохідному переході;порушення правил проїзду пішохідних переходів;2;49.853406;23.987108;1;0;1;0;1;2021;11;1;12;Львів;Наїзд на пішохода;Порушення проїзду переходів
понеділок;Шевченківський;Варшавська;наїзд на пішохода - пішохід рухався у попутному напрямку;порушення правил проїзду пішохідних переходів;2;49.870853;24.018967;1;0;1;0;0;2021;11;0;10;Львів;Наїзд на пішохода;Порушення проїзду переходів
субота;Сихівський;Червоної Калини, просп.;наїзд на пішохода - на регульованому пішохідному переході;порушення правил проїзду пішохідних переходів;2;49.784406;24.059367;1;0;1;0;0;2021;11;5;22;Львів;Наїзд на пішохода;Порушення проїзду переходів
понеділок;Сихівський;Пасічна;зіткнення бокове;порушення правил проїзду перехресть;3;49.807264;24.07553;1;0;2;0;0;2021;11;0;6;Львів;Зіткнення автомобілів;Порушення проїзду перехресть
п'ятниця;Галицький;Городоцька;наїзд на пішохода - пішохід переходив дорогу поза межами піш.переходу;перехід у невстановленому місці;2;49.844129;24.024262;1;0;1;0;0;2021;11;4;20;Львів;Наїзд на пішохода;Інше
четвер;Сихівський;Луганська;зіткнення бокове;порушення правил маневрування;3;49.808358;24.040575;2;0;1;0;0;2021;12;3;17;Львів;Зіткнення автомобілів;Порушення маневрування
понеділок;Шевченківський;Мазепи І., гетьм.;зіткнення бокове;недодержання дистанції;2;49.834062;23.8919;1;0;1;0;0;2021;11;0;23;Львів;Зіткнення автомобілів;Недотримання дистанції
понеділок;Залізничний;Кульпарківська;наїзд на пішохода - пішохід рухався у попутному напрямку;порушення правил проїзду пішохідних переходів,порушення правил маневрування;2;49.804681;23.981121;1;0;1;0;0;2021;11;0;11;Львів;Наїзд на пішохода;Порушення маневрування
п'ятниця;Залізничний;Любінська;наїзд на пішохода - стояв на проїздній частині;порушення правил маневрування;2;49.82085;23.970596;1;0;1;0;0;2021;11;4;14;Львів;Наїзд на пішохода;Порушення маневрування
п'ятниця;Личаківський;Личаківська;наїзд на пішохода - пішохід рухався у попутному напрямку;порушення правил проїзду пішохідних переходів;2;49.839885;24.040945;1;1;0;0;0;2021;12;4;6;Львів;Наїзд на пішохода;Порушення проїзду переходів
субота;Личаківський;Митна, пл.;падіння пасажира;порушення правил маневрування;1;49.839512;24.035795;0;0;1;0;0;2021;12;5;10;Львів;Падіння пасажира;Порушення маневрування
четвер;Сихівський;Червоної Калини, просп.;падіння пасажира;порушення правил маневрування;2;49.800658;24.046637;1;0;1;0;0;2021;12;3;14;Львів;Падіння пасажира;Порушення маневрування
четвер;Франківський;Володимира Великого;зіткнення бокове;недодержання дистанції,керування транспортним засобом у нетверезому стані;2;49.810376;23.99582;1;0;1;0;0;2021;12;3;20;Львів;Зіткнення автомобілів;Недотримання дистанції
вівторок;Личаківський;Богданівська;наїзд на пішохода - на регульованому пішохідному переході;порушення правил маневрування;2;49.855555;24.075513;1;0;1;0;0;2021;12;1;16;Львів;Наїзд на пішохода;Порушення маневрування
четвер;Франківський;Володимира Великого;падіння пасажира;порушення правил перевезення пасажирів;2;49.810947;23.995042;1;0;1;0;0;2021;12;3;16;Львів;Падіння пасажира;Інше
п'ятниця;Галицький;Дорошенка П.;наїзд на пішохода - на нерегульованому пішохідному переході;порушення правил проїзду пішохідних переходів;3;49.839169;24.025324;1;0;2;0;0;2021;12;4;18;Львів;Наїзд на пішохода;Порушення проїзду переходів
неділя;Галицький;Чорновола В., просп.;наїзд на пішохода - пішохід рухався у попутному напрямку;неочікуваний вихід на проїзну частину,перехід у невстановленому місці;2;49.846455;24.02541;1;0;1;0;0;2021;1;6;2;Львів;Наїзд на пішохода;Інше
неділя;Шевченківський;Окуневського Т.;зіткнення бокове;порушення правил проїзду перехресть;2;49.858868;24.018007;1;0;1;0;0;2021;1;6;19;Львів;Зіткнення автомобілів;Порушення проїзду перехресть
вівторок;Франківський;Опільського Ю.;наїзд на пішохода - на нерегульованому пішохідному переході;перевищення безпечної швидкості;2;49.834315;24.004017;1;0;1;0;0;2021;1;1;19;Львів;Наїзд на пішохода;Перевищення швидкості
субота;Залізничний;Кульпарківська;наїзд на інші види перешкод;перевищення безпечної швидкості;1;49.804712;23.980365;0;1;0;0;0;2021;1;5;18;Львів;Наїзд на перешкоду;Перевищення швидкості
субота;Франківський;Сахарова А., акад.;наїзд на велосипедиста - велосипедист рухався у попутному напрямку;невиконання вимог сигналів регулювання;2;49.81985;24.020276;1;0;1;0;0;2021;1;5;11;Львів;Наїзд на велосипедиста;Інше
субота;Сихівський;Сихівська;наїзд на пішохода - пішохід рухався у попутному напрямку;перехід у невстановленому місці;2;49.795311;24.066469;1;0;1;0;0;2021;1;5;12;Львів;Наїзд на пішохода;Інше
четвер;Шевченківський;Шевченка Т.;зіткнення бокове;порушення правил проїзду перехресть;4;49.867517;23.953156;1;0;3;0;0;2021;1;3;18;Львів;Зіткнення автомобілів;Порушення проїзду перехресть
вівторок;Сихівський;Пасічна;зіткнення бокове;керування транспортним засобом у нетверезому стані,перевищення безпечної швидкості,недодержання дистанції;3;49.808306;24.078759;2;0;1;0;0;2021;1;1;18;Львів;Зіткнення автомобілів;Перевищення швидкості
п'ятниця;Галицький;Данила Галицького, пл.;наїзд на пішохода - пішохід рухався у попутному напрямку;порушення правил зупинки і стоянки транспортного засобу;1;49.844334;24.031992;0;0;1;0;0;2021;1;4;12;Львів;Наїзд на пішохода;Інше
неділя;Франківський;Копистинського Т.;наїзд на пішохода - пішохід рухався у попутному напрямку;порушення правил проїзду пішохідних переходів;2;49.829024;23.989908;1;0;1;0;0;2021;1;6;17;Львів;Наїзд на пішохода;Порушення проїзду переходів
вівторок;Личаківський;Хмельницького Б.;зіткнення бокове;порушення правил проїзду перехресть;2;49.868633;24.057548;0;0;2;0;0;2021;1;1;12;Львів;Зіткнення автомобілів;Порушення проїзду перехресть
вівторок;Сихівський;Хуторівка;наїзд на пішохода - на нерегульованому пішохідному переході;перевищення безпечної швидкості,порушення правил проїзду пішохідних переходів;2;49.80117;24.025168;1;1;0;0;0;2021;1;1;7;Львів;Наїзд на пішохода;Перевищення швидкості
вівторок;Франківський;Кульпарківська;зіткнення з задньою частиною тз;порушення правил маневрування,недодержання дистанції;3;49.812166;23.984603;2;0;1;0;1;2021;1;1;8;Львів;Зіткнення автомобілів;Порушення маневрування
вівторок;Сихівський;Стрийська;зіткнення бокове;порушення правил проїзду перехресть;3;49.783723;24.013973;2;0;1;0;0;2021;1;1;20;Львів;Зіткнення автомобілів;Порушення проїзду перехресть
п'ятниця;Личаківський;Личаківська;зіткнення з задньою частиною тз;порушення правил маневрування,порушення правил обгону;2;49.834291;24.084333;1;0;1;0;0;2021;1;4;8;Львів;Зіткнення автомобілів;Порушення маневрування
неділя;Шевченківський;Миколайчука І.;наїзд на пішохода - пішохід рухався у попутному напрямку;порушення правил маневрування;2;49.865224;24.044309;1;0;1;0;0;2021;1;6;20;Львів;Наїзд на пішохода;Порушення маневрування
вівторок;Личаківський;Франка І.;падіння пасажира;порушення правил маневрування;2;49.83399;24.034454;1;0;1;0;0;2021;1;1;18;Львів;Падіння пасажира;Порушення маневрування
субота;Галицький;Стрийська;зіткнення бокове;виїзд на смугу зустрічного руху,керування транспортним засобом у нетверезому стані;2;49.827927;24.030828;1;0;1;0;0;2021;1;5;21;Львів;Зіткнення автомобілів;П'яне водіння
четвер;Галицький;Замарстинівська;зіткнення бокове;порушення правил маневрування;3;49.84824;24.027502;2;0;1;0;0;2021;1;3;13;Львів;Зіткнення автомобілів;Порушення маневрування
неділя;Личаківський;Зелена;зіткнення бокове;невиконання вимог сигналів регулювання;2;49.833658;24.03771;1;0;1;0;0;2021;1;6;1;Львів;Зіткнення автомобілів;Інше
неділя;Сихівський;Хуторівка;наїзд на пішохода - пішохід рухався у попутному напрямку;порушення правил проїзду пішохідних переходів;3;49.800374;24.040167;1;0;2;0;0;2021;1;6;10;Львів;Наїзд на пішохода;Порушення проїзду переходів
понеділок;Галицький;Листопадового Чину;наїзд на транспортний засіб, що стоїть - по ходу руху;перевищення безпечної швидкості,недодержання дистанції,керування транспортним засобом у нетверезому стані;3;49.838827;24.017465;1;0;2;0;0;2021;1;0;22;Львів;Інше;Перевищення швидкості
неділя;Сихівський;Зелена;зіткнення бокове;порушення правил маневрування;5;49.795782;24.072928;2;0;3;0;0;2021;1;6;19;Львів;Зіткнення автомобілів;Порушення маневрування
понеділок;Шевченківський;Грінченка Б.;зіткнення бокове;порушення правил маневрування;3;49.870756;24.055059;2;0;1;0;0;2021;1;0;17;Львів;Зіткнення автомобілів;Порушення маневрування
вівторок;Личаківський;Личаківська;наїзд на пішохода - пішохід рухався у попутному напрямку;порушення правил проїзду пішохідних переходів,керування транспортним засобом у нетверезому стані;3;49.839844;24.039899;2;0;1;0;0;2021;1;1;14;Львів;Наїзд на пішохода;Порушення проїзду переходів
четвер;Шевченківський;Лінкольна А.;наїзд на пішохода - на нерегульованому пішохідному переході;порушення правил проїзду пішохідних переходів;2;49.865805;24.032384;1;0;1;0;0;2021;1;3;22;Львів;Наїзд на пішохода;Порушення проїзду переходів
субота;Шевченківський;Чорновола В., просп.;наїзд на велосипедиста - велосипедист рухався у попутному напрямку;порушення правил маневрування;2;49.858128;24.020598;0;0;2;0;0;2021;1;5;11;Львів;Наїзд на велосипедиста;Порушення маневрування
субота;Шевченківський;Липинського В.;зіткнення бокове;керування транспортним засобом у нетверезому стані,перевищення безпечної швидкості,недодержання дистанції;3;49.863447;24.034175;2;0;1;0;0;2021;1;5;15;Львів;Зіткнення автомобілів;Перевищення швидкості
вівторок;Личаківський;Круп'ярська;наїзд на пішохода - пішохід рухався у попутному напрямку;порушення правил маневрування;2;49.839353;24.056261;1;0;1;0;0;2021;1;1;9;Львів;Наїзд на пішохода;Порушення маневрування
неділя;Личаківський;Хмельницького Б.;зіткнення бокове;перевищення безпечної швидкості,недодержання дистанції;3;49.869774;24.057033;1;0;2;0;0;2021;1;6;9;Львів;Зіткнення автомобілів;Перевищення швидкості
вівторок;Сихівський;Навроцького В.;зіткнення бокове;перевищення безпечної швидкості;2;49.809133;24.061239;1;0;1;0;0;2021;1;1;8;Львів;Зіткнення автомобілів;Перевищення швидкості
субота;Франківський;Городоцька;наїзд на пішохода - пішохід рухався у попутному напрямку;порушення правил проїзду пішохідних переходів;2;49.832301;23.979238;1;0;1;0;0;2021;1;5;18;Львів;Наїзд на пішохода;Порушення проїзду переходів
неділя;Франківський;Сахарова А., акад.;наїзд на транспортний засіб, що стоїть - по ходу руху;перевищення безпечної швидкості;3;49.8231;24.01459;2;0;1;0;0;2021;1;6;0;Львів;Інше;Перевищення швидкості
субота;Сихівський;Червоної Калини, просп.;наїзд на пішохода - пішохід рухався у попутному напрямку;перевищення безпечної швидкості;2;49.787713;24.05816;1;0;1;0;0;2021;1;5;21;Львів;Наїзд на пішохода;Перевищення швидкості
неділя;Залізничний;Любінська;зіткнення бокове;порушення правил проїзду перехресть;4;49.8241;23.977339;2;0;2;0;0;2021;1;6;21;Львів;Зіткнення автомобілів;Порушення проїзду перехресть
четвер;Шевченківський;Хмельницького Б.;наїзд на пішохода - пішохід рухався у попутному напрямку;перехід у невстановленому місці;2;49.866434;24.053986;1;0;1;0;0;2021;1;3;16;Львів;Наїзд на пішохода;Інше
п'ятниця;Франківський;Копистинського Т.;зіткнення бокове;порушення правил маневрування,порушення правил проїзду перехресть;2;49.828841;23.990128;1;0;1;0;0;2021;1;4;15;Львів;Зіткнення автомобілів;Порушення маневрування
п'ятниця;Франківський;Тролейбусна;зіткнення бокове;порушення правил проїзду перехресть;3;49.797832;24.005148;2;0;1;0;0;2021;3;4;11;Львів;Зіткнення автомобілів;Порушення проїзду перехресть
вівторок;Шевченківський;Миколайчука І.;зіткнення бокове;керування транспортним засобом у нетверезому стані,виїзд на смугу зустрічного руху,перевищення безпечної швидкості;2;49.871403;24.042479;1;0;1;0;0;2021;3;1;19;Львів;Зіткнення автомобілів;Перевищення швидкості
субота;Сихівський;Зелена;перекидання тз;перевищення безпечної швидкості;2;49.815497;24.060447;1;0;1;0;0;2021;3;5;13;Львів;Перекидання;Перевищення швидкості
середа;Галицький;Коперника М.;наїзд на пішохода - пішохід рухався у попутному напрямку;порушення правил проїзду пішохідних переходів;2;49.838436;24.026939;1;0;1;0;0;2021;3;2;10;Львів;Наїзд на пішохода;Порушення проїзду переходів
вівторок;Франківський;Копистинського Т.;зіткнення бокове;порушення правил проїзду перехресть;4;49.829266;23.987644;0;0;4;0;1;2021;3;1;22;Львів;Зіткнення автомобілів;Порушення проїзду перехресть
середа;Сихівський;Довженка О.;наїзд на пішохода;порушення правил проїзду пішохідних переходів;2;49.797296;24.052897;1;0;1;0;0;2021;3;2;17;Львів;Наїзд на пішохода;Порушення проїзду переходів
п'ятниця;Шевченківський;Миколайчука І.;наїзд на пішохода - пішохід переходив дорогу поза межами піш.переходу;порушення правил маневрування,керування транспортним засобом у нетверезому стані;2;49.872291;24.042206;1;0;1;0;0;2021;3;4;23;Львів;Наїзд на пішохода;Порушення маневрування
понеділок;Франківський;Народна;зіткнення бокове;порушення правил маневрування;2;49.829568;23.987194;1;0;1;0;0;2021;3;0;9;Львів;Зіткнення автомобілів;Порушення маневрування
вівторок;Залізничний;Виговського І.;наїзд на пішохода - пішохід рухався у попутному напрямку;порушення правил проїзду пішохідних переходів;2;49.829221;23.967823;1;0;1;0;0;2021;3;1;20;Львів;Наїзд на пішохода;Порушення проїзду переходів
вівторок;Личаківський;Личаківська;наїзд на пішохода - пішохід рухався у попутному напрямку;порушення правил проїзду пішохідних переходів;2;49.840228;24.050365;1;0;1;0;0;2021;3;1;18;Львів;Наїзд на пішохода;Порушення проїзду переходів
вівторок;Шевченківський;Чорновола В., просп.;наїзд на пішохода;порушення правил проїзду пішохідних переходів;2;49.865649;24.016703;1;0;1;0;0;2021;3;1;21;Львів;Наїзд на пішохода;Порушення проїзду переходів
вівторок;Франківський;Княгині Ольги;зіткнення бокове;перевищення безпечної швидкості;3;49.815907;24.001994;2;0;1;0;0;2021;2;1;11;Львів;Зіткнення автомобілів;Перевищення швидкості
вівторок;Личаківський;Пасічна;наїзд на пішохода - пішохід рухався у попутному напрямку;порушення правил проїзду перехресть;2;49.81652;24.077396;1;0;1;0;0;2021;3;1;20;Львів;Наїзд на пішохода;Порушення проїзду перехресть
п'ятниця;Шевченківський;Хмельницького Б.;наїзд на пішохода - на нерегульованому пішохідному переході;порушення правил проїзду пішохідних переходів;2;49.87327;24.059597;1;0;1;0;0;2021;3;4;13;Львів;Наїзд на пішохода;Порушення проїзду переходів
п'ятниця;Залізничний;Сяйво;наїзд на інші види перешкод;перевищення безпечної швидкості;2;49.839041;23.978208;1;0;1;0;0;2021;3;4;4;Львів;Наїзд на перешкоду;Перевищення швидкості
середа;Шевченківський;Мазепи І., гетьм.;наїзд на пішохода;порушення правил маневрування;2;49.869968;24.028462;1;0;1;0;0;2021;3;2;12;Львів;Наїзд на пішохода;Порушення маневрування
п'ятниця;Залізничний;Городоцька;наїзд на пішохода - пішохід рухався у попутному напрямку;неочікуваний вихід на проїзну частину;2;49.826789;23.94688;1;1;0;0;0;2021;3;4;19;Львів;Наїзд на пішохода;Інше
неділя;Шевченківський;Чорновола В., просп.;наїзд на велосипедиста - велосипедист рухався у попутному напрямку;пішоходи невиконання вимог сигналів регулювання;2;49.859539;24.01915;1;0;1;0;0;2021;3;6;17;Львів;Наїзд на велосипедиста;Інше
субота;Залізничний;Шевченка Т.;зіткнення бокове;перевищення безпечної швидкості,керування транспортним засобом у нетверезому стані;3;49.850384;23.99259;1;0;2;0;0;2021;3;5;6;Львів;Зіткнення автомобілів;Перевищення швидкості
субота;Франківський;Тролейбусна;зіткнення бокове;перевищення безпечної швидкості,недодержання дистанції,керування транспортним засобом у нетверезому стані;2;49.796873;24.005787;1;0;0;1;0;2021;3;5;21;Львів;Зіткнення автомобілів;Перевищення швидкості