accidentDay;district;streetName;accidentType;mainAccidentCause;totalParticipantsAmount;latitude;longitude;Count_Без ушкоджень;Count_Загинув;Count_Легко травмований;Count_Тяжко травмований;Is_Intersection;Year;Month;DayOfWeek;Hour;settlement_grouped;Simple_Type;Simple_Cause
понеділок;Шевченківський;Чорновола В., просп.;зіткнення бокове;перевищення безпечної швидкості,недодержання дистанції;2;49.858363;24.019825;1;0;1;0;0;2021;3;0;15;Львів;Зіткнення автомобілів;Перевищення швидкості
неділя;Личаківський;Хмельницького Б.;зіткнення лобове;порушення правил маневрування;2;49.87421;24.06155;1;0;1;0;0;2021;2;6;16;Львів;Зіткнення автомобілів;Порушення маневрування
п'ятниця;Залізничний;Городоцька;зіткнення лобове;порушення правил маневрування;2;49.826767;23.947652;1;0;1;0;0;2021;2;4;18;Львів;Зіткнення автомобілів;Порушення маневрування
середа;Сихівський;Хлібна;наїзд на пішохода - пішохід рухався у попутному напрямку;порушення правил проїзду пішохідних переходів;2;49.815271;24.069269;1;0;1;0;0;2021;3;2;20;Львів;Наїзд на пішохода;Порушення проїзду переходів
вівторок;Франківський;Стрийська;наїзд на пішохода;порушення правил проїзду пішохідних переходів;2;49.79857;24.017106;1;0;1;0;0;2021;3;1;13;Львів;Наїзд на пішохода;Порушення проїзду переходів
середа;Сихівський;Сихівська;зіткнення бокове;перевищення безпечної швидкості;2;49.795921;24.061732;1;0;1;0;0;2021;3;2;18;Львів;Зіткнення автомобілів;Перевищення швидкості
п'ятниця;Франківський;Володимира Великого;наїзд на пішохода - на нерегульованому пішохідному переході;порушення правил проїзду пішохідних переходів;2;49.811494;23.989195;1;0;1;0;1;2021;3;4;18;Львів;Наїзд на пішохода;Порушення проїзду переходів
понеділок;Франківський;Володимира Великого;падіння пасажира;порушення правил зупинки і стоянки транспортного засобу;2;49.810708;23.991137;1;0;1;0;0;2021;3;0;10;Львів;Падіння пасажира;Інше
п'ятниця;Галицький;Франка І.;наїзд на пішохода - пішохід рухався у попутному напрямку;порушення правил маневрування;2;49.837809;24.034857;1;0;1;0;0;2021;3;4;12;Львів;Наїзд на пішохода;Порушення маневрування
неділя;Шевченківський;Золота;наїзд на інші види перешкод;перевищення безпечної швидкості,керування транспортним засобом у нетверезому стані;2;49.847897;24.01128;0;0;2;0;0;2021;3;6;3;Львів;Наїзд на перешкоду;Перевищення швидкості
субота;Сихівський;Хуторівка;зіткнення бокове;порушення правил маневрування;2;49.800682;24.021193;1;0;1;0;0;2021;3;5;16;Львів;Зіткнення автомобілів;Порушення маневрування
четвер;Залізничний;Виговського І.;наїзд на пішохода - пішохід рухався у попутному напрямку;порушення правил проїзду пішохідних переходів;2;49.815305;23.974609;1;0;1;0;0;2021;3;3;16;Львів;Наїзд на пішохода;Порушення проїзду переходів
четвер;Личаківський;Зелена;зіткнення бокове;порушення правил маневрування,порушення правил проїзду перехресть;2;49.822747;24.053836;1;0;1;0;0;2021;3;3;11;Львів;Зіткнення автомобілів;Порушення маневрування
вівторок;Залізничний;Залізнична;наїзд на пішохода - пішохід рухався у попутному напрямку;порушення правил проїзду пішохідних переходів;2;49.848821;23.997122;1;0;1;0;0;2021;3;1;18;Львів;Наїзд на пішохода;Порушення проїзду переходів
п'ятниця;Сихівський;Хуторівка;наїзд на пішохода - пішохід рухався у попутному напрямку;порушення правил маневрування;2;49.799598;24.026939;1;1;0;0;0;2021;3;4;14;Львів;Наїзд на пішохода;Порушення маневрування
неділя;Сихівський;Зелена;наїзд на інші види перешкод;порушення правил утримання автодоріг та вулиць;3;49.806443;24.063765;2;1;0;0;0;2021;3;6;21;Львів;Наїзд на перешкоду;Інше
вівторок;Сихівський;Буйка П., проф.;наїзд на пішохода - пішохід рухався у попутному напрямку;порушення правил маневрування;2;49.812463;24.032373;1;0;1;0;0;2021;3;1;17;Львів;Наїзд на пішохода;Порушення маневрування
субота;Франківський;Наукова;наїзд на транспортний засіб, що стоїть - по ходу руху;порушення правил маневрування;2;49.804265;23.992682;1;0;1;0;0;2021;3;5;12;Львів;Інше;Порушення маневрування
четвер;Сихівський;Героїв Крут;наїзд на пішохода - пішохід рухався у попутному напрямку;перевищення безпечної швидкості;3;49.814405;24.042651;1;0;2;0;0;2021;3;3;12;Львів;Наїзд на пішохода;Перевищення швидкості
п'ятниця;Франківський;Сахарова А., акад.;зіткнення з задньою частиною тз;недодержання дистанції;2;49.825754;24.010749;1;0;1;0;0;2021;3;4;14;Львів;Зіткнення автомобілів;Недотримання дистанції
понеділок;Сихівський;Липова Алея;наїзд на транспортний засіб, що стоїть - по ходу руху;перевищення безпечної швидкості,недодержання дистанції;3;49.818745;24.050352;2;0;1;0;0;2021;3;0;9;Львів;Інше;Перевищення швидкості
неділя;Галицький;Галицька;зіткнення бокове;недодержання дистанції,керування транспортним засобом у нетверезому стані;2;49.839276;24.032044;1;0;1;0;0;2021;3;6;2;Львів;Зіткнення автомобілів;Недотримання дистанції
середа;Шевченківський;Липинського В.;наїзд на пішохода - пішохід рухався у зустрічному напрямку;порушення правил проїзду пішохідних переходів;2;49.857142;24.022368;1;0;1;0;0;2021;5;2;18;Львів;Наїзд на пішохода;Порушення проїзду переходів
четвер;Сихівський;Стрийська;наїзд на пішохода - пішохід рухався у зустрічному напрямку;керування транспортним засобом у нетверезому стані,перевищення безпечної швидкості;2;49.783709;24.014225;1;1;0;0;1;2021;5;3;22;Львів;Наїзд на пішохода;Перевищення швидкості
четвер;Франківський;Кульпарківська;наїзд на транспортний засіб, що стоїть - по ходу руху;порушення правил маневрування,перевищення безпечної швидкості,недодержання дистанції;2;49.801207;23.980324;1;0;1;0;1;2021;5;3;21;Львів;Інше;Порушення маневрування
субота;Шевченківський;Чорновола В., просп.;наїзд на пішохода - на регульованому пішохідному переході;порушення правил проїзду пішохідних переходів;2;49.862136;24.018559;1;0;1;0;0;2021;5;5;13;Львів;Наїзд на пішохода;Порушення проїзду переходів
вівторок;Сихівський;Угорська;наїзд на пішохода - пішохід рухався у зустрічному напрямку;порушення правил маневрування;3;49.811761;24.04168;1;0;1;1;0;2021;5;1;18;Львів;Наїзд на пішохода;Порушення маневрування
середа;Сихівський;Скорини Ф.;наїзд на пішохода - пішохід рухався у зустрічному напрямку;порушення правил маневрування;2;49.798138;24.020038;1;0;1;0;0;2021;5;2;9;Львів;Наїзд на пішохода;Порушення маневрування
середа;Сихівський;Луганська;наїзд на інші види перешкод;перевищення безпечної швидкості;3;49.811937;24.019547;0;1;0;2;1;2021;5;2;11;Львів;Наїзд на перешкоду;Перевищення швидкості
четвер;Залізничний;Рудненська;зіткнення бокове;порушення правил маневрування;2;49.835945;23.962373;1;0;1;0;0;2021;5;3;8;Львів;Зіткнення автомобілів;Порушення маневрування
п'ятниця;Личаківський;Пасічна;наїзд на пішохода;порушення правил проїзду пішохідних переходів,порушення правил обгону,керування транспортним засобом у нетверезому стані;3;49.833308;24.067735;1;0;2;0;0;2021;5;4;8;Львів;Наїзд на пішохода;Порушення проїзду переходів
понеділок;Франківський;Кульпарківська;зіткнення бокове;невиконання вимог сигналів регулювання;5;49.825429;23.98979;2;0;3;0;0;2021;5;0;2;Львів;Зіткнення автомобілів;Інше
субота;Франківський;Симоненка В.;наїзд на пішохода - пішохід рухався у попутному напрямку;порушення правил проїзду пішохідних переходів;2;49.806502;23.986925;1;0;1;0;0;2021;5;5;13;Львів;Наїзд на пішохода;Порушення проїзду переходів
понеділок;Шевченківський;Шевченка Т.;зіткнення бокове;перевищення безпечної швидкості,недодержання дистанції,керування транспортним засобом у нетверезому стані;4;49.858936;23.973082;3;0;1;0;0;2021;5;0;18;Львів;Зіткнення автомобілів;Перевищення швидкості
понеділок;Шевченківський;Базарна;наїзд на пішохода - пішохід рухався у зустрічному напрямку;перевищення безпечної швидкості,порушення правил маневрування;2;49.846334;24.01871;1;0;1;0;0;2021;5;0;18;Львів;Наїзд на пішохода;Порушення маневрування
п'ятниця;Франківський;Київська;наїзд на пішохода - пішохід рухався у зустрічному напрямку;порушення правил маневрування;2;49.832813;24.010684;1;0;1;0;1;2021;5;4;11;Львів;Наїзд на пішохода;Порушення маневрування
понеділок;Галицький;Чорновола В., просп.;наїзд на пішохода - пішохід рухався у попутному напрямку;порушення правил маневрування,недодержання дистанції;2;49.845258;24.025372;1;0;1;0;1;2021;5;0;21;Львів;Наїзд на пішохода;Порушення маневрування
вівторок;Сихівський;Червоної Калини, просп.;зіткнення бокове;порушення правил маневрування;3;49.796686;24.052548;1;0;2;0;0;2021;5;1;0;Львів;Зіткнення автомобілів;Порушення маневрування
понеділок;Шевченківський;Промислова;зіткнення бокове;порушення правил маневрування;3;49.865196;24.044266;1;0;2;0;0;2021;5;0;17;Львів;Зіткнення автомобілів;Порушення маневрування
середа;Шевченківський;Чорновола В., просп.;наїзд на пішохода - пішохід рухався у зустрічному напрямку;порушення правил проїзду пішохідних переходів;2;49.862454;24.01842;1;0;1;0;0;2021;5;2;15;Львів;Наїзд на пішохода;Порушення проїзду переходів
середа;Залізничний;Городоцька;зіткнення з задньою частиною тз;перевищення безпечної швидкості,недодержання дистанції;3;49.83119;23.971331;2;0;1;0;0;2021;5;2;19;Львів;Зіткнення автомобілів;Перевищення швидкості
п'ятниця;Сихівський;Хуторівка;наїзд на пішохода;порушення правил проїзду пішохідних переходів;2;49.801641;24.020421;1;0;1;0;0;2021;5;4;13;Львів;Наїзд на пішохода;Порушення проїзду переходів
п'ятниця;Галицький;Шевченка Т.;наїзд на пішохода - пішохід рухався у зустрічному напрямку;пішоходи невиконання вимог сигналів регулювання;2;49.837398;24.031359;1;0;1;0;0;2021;5;4;13;Львів;Наїзд на пішохода;Інше
п'ятниця;Галицький;Коперника М.;наїзд на пішохода - пішохід рухався у зустрічному напрямку;перехід у невстановленому місці;2;49.834081;24.019615;1;0;1;0;0;2021;5;4;22;Львів;Наїзд на пішохода;Інше
субота;Залізничний;Любінська;зіткнення бокове;порушення правил проїзду перехресть;4;49.820684;23.968928;3;0;1;0;1;2021;5;5;20;Львів;Зіткнення автомобілів;Порушення проїзду перехресть
неділя;Личаківський;Личаківська;зіткнення бокове;порушення правил проїзду перехресть;2;49.839977;24.042206;1;0;1;0;1;2021;5;6;9;Львів;Зіткнення автомобілів;Порушення проїзду перехресть
понеділок;Сихівський;Червоної Калини, просп.;зіткнення бокове;порушення правил маневрування;3;49.812311;24.045682;2;0;1;0;0;2021;5;0;7;Львів;Зіткнення автомобілів;Порушення маневрування
середа;Галицький;Коперника М.;наїзд на пішохода - пішохід рухався у зустрічному напрямку;порушення правил маневрування;2;49.838155;24.026091;1;0;1;0;0;2021;5;2;11;Львів;Наїзд на пішохода;Порушення маневрування
субота;Шевченківський;Липинського В.;наїзд на транспортний засіб, що стоїть - по ходу руху;перевищення безпечної швидкості;3;49.857035;24.021821;2;0;1;0;1;2021;5;5;0;Львів;Інше;Перевищення швидкості
вівторок;Шевченківський;Миколайчука І.;падіння пасажира;порушення правил перевезення пасажирів;2;49.872423;24.042131;1;0;1;0;0;2021;5;1;18;Львів;Падіння пасажира;Інше
понеділок;Франківський;Княгині Ольги;наїзд на пішохода - пішохід рухався у зустрічному напрямку;неочікуваний вихід на проїзну частину;2;49.826792;24.010395;0;0;1;0;1;2021;5;0;10;Львів;Наїзд на пішохода;Інше
п'ятниця;Залізничний;Вернигори;наїзд на пішохода - пішохід рухався у зустрічному напрямку;порушення правил маневрування;2;49.840359;24.005916;1;1;0;0;0;2021;5;4;16;Львів;Наїзд на пішохода;Порушення маневрування
п'ятниця;Личаківський;Личаківська;наїзд на пішохода - пішохід рухався у зустрічному напрямку;порушення правил проїзду пішохідних переходів,порушення правил маневрування;2;49.839857;24.040879;1;0;1;0;0;2021;5;4;21;Львів;Наїзд на пішохода;Порушення маневрування
п'ятниця;Сихівський;Червоної Калини, просп.;зіткнення з задньою частиною тз;порушення правил маневрування,порушення правил проїзду перехресть;3;49.796575;24.053771;2;0;1;0;0;2021;4;4;17;Львів;Зіткнення автомобілів;Порушення маневрування
четвер;Сихівський;Козельницька;наїзд на пішохода - пішохід рухався у зустрічному напрямку;порушення правил проїзду пішохідних переходів;2;49.814879;24.025614;1;0;1;0;0;2021;5;3;15;Львів;Наїзд на пішохода;Порушення проїзду переходів
п'ятниця;Шевченківський;Хмельницького Б.;наїзд на пішохода - пішохід рухався у зустрічному напрямку;пішоходи невиконання вимог сигналів регулювання;2;49.85137;24.030275;1;0;1;0;0;2021;5;4;16;Львів;Наїзд на пішохода;Інше
вівторок;Сихівський;Зелена;наїзд на інші види перешкод;перевищення безпечної швидкості;2;49.794242;24.074713;0;0;2;0;0;2021;5;1;22;Львів;Наїзд на перешкоду;Перевищення швидкості
субота;Шевченківський;Хмельницького Б.;зіткнення бокове;порушення правил маневрування;3;49.872416;24.058524;0;1;2;0;0;2021;5;5;17;Львів;Зіткнення автомобілів;Порушення маневрування
неділя;Шевченківський;Чорновола В., просп.;наїзд на інші види перешкод;перевищення безпечної швидкості;2;49.853677;24.023119;0;0;2;0;1;2021;5;6;7;Львів;Наїзд на перешкоду;Перевищення швидкості
п'ятниця;Шевченківський;Хмельницького Б.;зіткнення з задньою частиною тз;недодержання дистанції;3;49.853649;24.040731;2;0;1;0;0;2021;5;4;12;Львів;Зіткнення автомобілів;Недотримання дистанції
неділя;Залізничний;Патона Є.;наїзд на пішохода - пішохід рухався у попутному напрямку;порушення правил проїзду пішохідних переходів;2;49.822698;23.965401;1;0;1;0;0;2021;5;6;12;Львів;Наїзд на пішохода;Порушення проїзду переходів
середа;Франківський;Володимира Великого;наїзд на велосипедиста - поза межами велосипедної доріжки;порушення правил маневрування;2;49.810331;24.000921;1;0;1;0;0;2021;5;2;10;Львів;Наїзд на велосипедиста;Порушення маневрування
понеділок;Галицький;Свободи, просп.;зіткнення бокове;перевищення безпечної швидкості,недодержання дистанції;2;49.843909;24.026134;1;0;1;0;0;2021;5;0;19;Львів;Зіткнення автомобілів;Перевищення швидкості
п'ятниця;Сихівський;Червоної Калини, просп.;наїзд на пішохода - пішохід рухався у попутному напрямку;порушення правил маневрування;2;49.793247;24.057881;1;0;1;0;0;2021;5;4;19;Львів;Наїзд на пішохода;Порушення маневрування
четвер;Шевченківський;Липинського В.;зіткнення бокове;невиконання вимог сигналів регулювання;3;49.861576;24.0285;2;0;1;0;0;2021;5;3;10;Львів;Зіткнення автомобілів;Інше
середа;Сихівський;Пасічна;зіткнення бокове;порушення правил маневрування;2;49.808365;24.077922;0;0;2;0;0;2021;5;2;12;Львів;Зіткнення автомобілів;Порушення маневрування
понеділок;Франківський;Куликівська;зіткнення бокове;перевищення безпечної швидкості;3;49.822531;24.010145;0;0;3;0;0;2021;5;0;18;Львів;Зіткнення автомобілів;Перевищення швидкості
неділя;Личаківський;Зелена;зіткнення бокове;порушення правил проїзду перехресть;2;49.823096;24.053246;1;0;1;0;1;2021;5;6;9;Львів;Зіткнення автомобілів;Порушення проїзду перехресть
п'ятниця;Шевченківський;Шевченка Т.;наїзд на пішохода - пішохід рухався у зустрічному напрямку;порушення правил проїзду пішохідних переходів;2;49.842973;24.015572;1;0;1;0;0;2021;5;4;23;Львів;Наїзд на пішохода;Порушення проїзду переходів
п'ятниця;Франківський;Сахарова А., акад.;зіткнення бокове;перевищення безпечної швидкості,недодержання дистанції,керування транспортним засобом у нетверезому стані;3;49.822176;24.016049;2;0;1;0;0;2021;5;4;11;Львів;Зіткнення автомобілів;Перевищення швидкості
понеділок;Франківський;Княгині Ольги;наїзд на пішохода - на нерегульованому пішохідному переході;порушення правил проїзду пішохідних переходів;2;49.806609;23.998647;1;0;1;0;0;2021;5;0;15;Львів;Наїзд на пішохода;Порушення проїзду переходів
понеділок;Галицький;Хмельницького Б.;зіткнення лобове;порушення правил обгону,виїзд на смугу зустрічного руху;4;49.845081;24.02924;2;0;2;0;0;2021;5;0;21;Львів;Зіткнення автомобілів;Інше
п'ятниця;Залізничний;Повітряна;наїзд на інші види перешкод;порушення правил маневрування;2;49.845019;23.976004;1;0;1;0;0;2021;4;4;14;Львів;Наїзд на перешкоду;Порушення маневрування
субота;Франківський;Наукова;зіткнення бокове;недодержання дистанції;3;49.805512;23.983557;2;0;1;0;0;2021;5;5;12;Львів;Зіткнення автомобілів;Недотримання дистанції
четвер;Шевченківський;Лінкольна А.;наїзд на пішохода - пішохід рухався у зустрічному напрямку;порушення правил обгону;3;49.864816;24.028768;1;0;2;0;0;2021;5;3;19;Львів;Наїзд на пішохода;Інше
понеділок;Галицький;Городоцька;падіння пасажира;порушення правил перевезення пасажирів;2;49.83764;24.005508;1;0;1;0;0;2021;5;0;19;Львів;Падіння пасажира;Інше
субота;Шевченківський;Липинського В.;наїзд на пішохода - пішохід рухався у попутному напрямку;порушення правил маневрування;2;49.862624;24.030297;1;0;1;0;0;2021;5;5;20;Львів;Наїзд на пішохода;Порушення маневрування
субота;Личаківський;Погулянка;наїзд на пішохода - пішохід рухався у попутному напрямку;порушення правил маневрування;2;49.829263;24.0514;1;0;1;0;0;2021;5;5;18;Львів;Наїзд на пішохода;Порушення маневрування
понеділок;Галицький;Городоцька;наїзд на пішохода - пішохід рухався у зустрічному напрямку;перехід у невстановленому місці;2;49.837771;24.005889;1;0;1;0;0;2021;5;0;2;Львів;Наїзд на пішохода;Інше
середа;Шевченківський;Чорновола В., просп.;наїзд на інші види перешкод;порушення правил маневрування,перевищення безпечної швидкості;2;49.856043;24.021842;1;0;1;0;0;2021;6;2;5;Львів;Наїзд на перешкоду;Порушення маневрування
вівторок;Залізничний;Молдавська;зіткнення бокове;порушення правил проїзду перехресть;2;49.84457;23.996999;1;0;1;0;1;2021;6;1;18;Львів;Зіткнення автомобілів;Порушення проїзду перехресть
понеділок;Залізничний;Кульпарківська;наїзд на велосипедиста - поза межами велосипедної доріжки;порушення правил маневрування;2;49.801419;23.980343;1;0;1;0;0;2021;7;0;9;Львів;Наїзд на велосипедиста;Порушення маневрування
неділя;Шевченківський;Хвильового М.;наїзд на велосипедиста - поза межами велосипедної доріжки;недодержання дистанції;2;49.868306;24.030002;1;0;1;0;0;2021;7;6;17;Львів;Наїзд на велосипедиста;Недотримання дистанції
субота;Личаківський;Лисенка М.;наїзд на пішохода - пішохід рухався у попутному напрямку;неочікуваний вихід на проїзну частину;2;49.843179;24.04036;1;0;1;0;0;2021;7;5;16;Львів;Наїзд на пішохода;Інше
понеділок;Шевченківський;Грінченка Б.;наїзд на пішохода - пішохід рухався у зустрічному напрямку;перевищення безпечної швидкості;2;49.871185;24.053986;1;0;0;1;0;2021;7;0;9;Львів;Наїзд на пішохода;Перевищення швидкості
четвер;Залізничний;Рудненська;наїзд на пішохода - пішохід рухався у зустрічному напрямку;порушення правил маневрування;2;49.836253;23.960795;1;0;1;0;0;2021;7;3;19;Львів;Наїзд на пішохода;Порушення маневрування
вівторок;Франківський;Княгині Ольги;наїзд на пішохода - пішохід рухався у попутному напрямку;порушення правил проїзду пішохідних переходів,керування транспортним засобом у нетверезому стані;2;49.811909;23.999982;1;0;1;0;0;2021;7;1;17;Львів;Наїзд на пішохода;Порушення проїзду переходів
понеділок;Залізничний;Курмановича В., ген.;наїзд на пішохода - пішохід рухався у зустрічному напрямку;перевищення безпечної швидкості;2;49.825996;23.93849;1;0;1;0;1;2021;7;0;11;Львів;Наїзд на пішохода;Перевищення швидкості
понеділок;Шевченківський;Варшавська;наїзд на пішохода - пішохід рухався у зустрічному напрямку;неочікуваний вихід на проїзну частину;2;49.869789;24.018525;1;0;1;0;0;2021;7;0;17;Львів;Наїзд на пішохода;Інше
вівторок;Франківський;Копистинського Т.;зіткнення бокове;порушення правил маневрування;2;49.828792;23.990214;1;0;1;0;0;2021;7;1;17;Львів;Зіткнення автомобілів;Порушення маневрування
неділя;Сихівський;Хуторівка;зіткнення з задньою частиною тз;недодержання дистанції,перевищення безпечної швидкості;4;49.801136;24.031219;3;0;1;0;0;2021;7;6;22;Львів;Зіткнення автомобілів;Перевищення швидкості
вівторок;Галицький;Дорошенка П.;наїзд на пішохода - пішохід рухався у попутному напрямку;порушення правил маневрування;2;49.837809;24.022905;1;0;1;0;0;2021;6;1;15;Львів;Наїзд на пішохода;Порушення маневрування
п'ятниця;Сихівський;Боднарська;наїзд на пішохода - пішохід переходив дорогу поза межами піш.переходу;неочікуваний вихід на проїзну частину,перехід у невстановленому місці;2;49.801066;24.019981;1;0;1;0;0;2021;7;4;9;Львів;Наїзд на пішохода;Інше
вівторок;Залізничний;Городоцька;зіткнення бокове;порушення правил маневрування;2;49.830194;23.965902;1;0;1;0;0;2021;6;1;16;Львів;Зіткнення автомобілів;Порушення маневрування
субота;Франківський;Наукова;падіння пасажира;порушення правил перевезення пасажирів;2;49.804556;23.986298;1;0;1;0;0;2021;7;5;12;Львів;Падіння пасажира;Інше
субота;Личаківський;Личаківська;зіткнення бокове;порушення правил проїзду перехресть;2;49.837323;24.060638;1;0;1;0;0;2021;7;5;9;Львів;Зіткнення автомобілів;Порушення проїзду перехресть
вівторок;Галицький;Куліша П.;наїзд на пішохода - пішохід рухався у попутному напрямку;неочікуваний вихід на проїзну частину,перехід у невстановленому місці;2;49.847098;24.024015;0;0;2;0;0;2021;7;1;13;Львів;Наїзд на пішохода;Інше
понеділок;Залізничний;Повітряна;зіткнення бокове;перевищення безпечної швидкості;2;49.844748;23.970367;1;0;1;0;1;2021;7;0;14;Львів;Зіткнення автомобілів;Перевищення швидкості
середа;Галицький;Куліша П.;наїзд на пішохода - пішохід рухався у зустрічному напрямку;порушення правил маневрування;2;49.84817;24.024294;1;0;1;0;0;2021;7;2;16;Львів;Наїзд на пішохода;Порушення маневрування
середа;Сихівський;Стрийська;зіткнення з задньою частиною тз;перевищення безпечної швидкості,недодержання дистанції;2;49.78682;24.016156;1;0;1;0;0;2021;7;2;19;Львів;Зіткнення автомобілів;Перевищення швидкості
вівторок;Франківський;Кульпарківська;зіткнення бокове;порушення правил обгону;3;49.827644;23.990064;2;0;1;0;0;2021;6;1;18;Львів;Зіткнення автомобілів;Інше
четвер;Личаківський;Пасічна;наїзд на пішохода - пішохід рухався у зустрічному напрямку;порушення правил проїзду пішохідних переходів;2;49.8262;24.072874;1;0;0;1;0;2021;7;3;16;Львів;Наїзд на пішохода;Порушення проїзду переходів
четвер;Франківський;Сахарова А., акад.;наїзд на пішохода - пішохід рухався у попутному напрямку;порушення правил проїзду пішохідних переходів;2;49.831817;24.017074;0;0;2;0;0;2021;7;3;17;Львів;Наїзд на пішохода;Порушення проїзду переходів
четвер;Галицький;Митрополита Андрея;наїзд на пішохода - пішохід на тротуарі чи велосипедній доріжці;перевищення безпечної швидкості;2;49.836803;24.013581;1;0;1;0;0;2021;6;3;13;Львів;Наїзд на пішохода;Перевищення швидкості
субота;Сихівський;Драгана М.;наїзд на пішохода - пішохід рухався у зустрічному напрямку;порушення правил маневрування;3;49.783945;24.053664;2;0;1;0;0;2021;7;5;15;Львів;Наїзд на пішохода;Порушення маневрування
субота;Сихівський;Довженка О.;зіткнення бокове;перевищення безпечної швидкості;2;49.797036;24.053653;1;0;1;0;0;2021;7;5;10;Львів;Зіткнення автомобілів;Перевищення швидкості
п'ятниця;Галицький;Опришківська;наїзд на пішохода - пішохід рухався у попутному напрямку;порушення правил зупинки і стоянки транспортного засобу;2;49.851716;24.04242;1;0;1;0;0;2021;7;4;16;Львів;Наїзд на пішохода;Інше
вівторок;Шевченківський;Миколайчука І.;наїзд на пішохода - пішохід рухався у зустрічному напрямку;керування транспортним засобом у нетверезому стані,порушення правил проїзду пішохідних переходів;2;49.871296;24.042506;1;0;1;0;0;2021;6;1;7;Львів;Наїзд на пішохода;Порушення проїзду переходів
вівторок;Сихівський;Стрийська;зіткнення бокове;перевищення безпечної швидкості;2;49.783716;24.013989;1;0;1;0;0;2021;7;1;19;Львів;Зіткнення автомобілів;Перевищення швидкості
неділя;Шевченківський;Мазепи І., гетьм.;наїзд на інші види перешкод;перевищення безпечної швидкості;2;49.83847;23.89116;1;0;1;0;0;2021;7;6;0;Львів;Наїзд на перешкоду;Перевищення швидкості
понеділок;Шевченківський;Тунельна;наїзд на транспортний засіб, що стоїть - по ходу руху;недодержання дистанції;2;49.863713;24.005883;1;0;1;0;0;2021;7;0;17;Львів;Інше;Недотримання дистанції
четвер;Шевченківський;Сахарова А., акад.;наїзд на пішохода - пішохід рухався у зустрічному напрямку;порушення правил маневрування,порушення правил проїзду перехресть;2;49.845632;24.008661;1;0;1;0;0;2021;7;3;13;Львів;Наїзд на пішохода;Порушення маневрування
субота;Галицький;Городоцька;наїзд на пішохода - на нерегульованому пішохідному переході;порушення правил проїзду пішохідних переходів;3;49.842425;24.017626;1;0;2;0;0;2021;7;5;22;Львів;Наїзд на пішохода;Порушення проїзду переходів
вівторок;Залізничний;Кульпарківська;наїзд на інші види перешкод;перевищення безпечної швидкості;1;49.806696;23.981674;0;0;1;0;0;2021;7;1;16;Львів;Наїзд на перешкоду;Перевищення швидкості
середа;Шевченківський;Жовківська;зіткнення з задньою частиною тз;перевищення безпечної швидкості;4;49.856537;24.036895;2;0;2;0;0;2021;7;2;19;Львів;Зіткнення автомобілів;Перевищення швидкості
неділя;Галицький;Городницька;падіння пасажира;порушення правил перевезення пасажирів,порушення правил маневрування;2;49.842438;24.017621;1;0;1;0;0;2021;6;6;16;Львів;Падіння пасажира;Порушення маневрування
п'ятниця;Шевченківський;Шевченка Т.;зіткнення бокове;порушення правил обгону;2;49.864315;23.960098;1;0;1;0;0;2021;7;4;8;Львів;Зіткнення автомобілів;Інше
середа;Шевченківський;Чорновола В., просп.;зіткнення бокове;порушення правил маневрування;2;49.860162;24.019589;1;0;1;0;0;2021;7;2;17;Львів;Зіткнення автомобілів;Порушення маневрування
субота;Залізничний;Городоцька;падіння пасажира;порушення техніки безпеки пасажиром,порушення правил маневрування;2;49.831201;23.97176;1;0;1;0;0;2021;7;5;21;Львів;Падіння пасажира;Порушення маневрування
п'ятниця;Франківський;Княгині Ольги;наїзд на пішохода - пішохід рухався у попутному напрямку;порушення правил проїзду пішохідних переходів;2;49.80816;23.998116;1;1;0;0;0;2021;7;4;23;Львів;Наїзд на пішохода;Порушення проїзду переходів
вівторок;Шевченківський;Замарстинівська;наїзд на пішохода - пішохід рухався у зустрічному напрямку;порушення правил проїзду пішохідних переходів;2;49.865158;24.025421;1;0;1;0;0;2021;6;1;18;Львів;Наїзд на пішохода;Порушення проїзду переходів
середа;Галицький;Свободи, просп.;наїзд на пішохода - пішохід рухався у попутному напрямку;перехід у невстановленому місці;2;49.841058;24.027084;1;0;1;0;0;2021;7;2;17;Львів;Наїзд на пішохода;Інше
субота;Франківський;Стрийська;зіткнення бокове;невиконання вимог сигналів регулювання;3;49.801821;24.017873;2;0;1;0;0;2021;7;5;0;Львів;Зіткнення автомобілів;Інше
п'ятниця;Личаківський;Пасічна;зіткнення бокове;порушення правил обгону;2;49.820826;24.075744;1;0;1;0;0;2021;7;4;16;Львів;Зіткнення автомобілів;Інше
вівторок;Галицький;Шевченка Т.;наїзд на пішохода - на нерегульованому пішохідному переході;порушення правил проїзду пішохідних переходів;2;49.842928;24.01554;1;0;1;0;0;2021;7;1;20;Львів;Наїзд на пішохода;Порушення проїзду переходів
понеділок;Сихівський;Стрийська;зіткнення бокове;виїзд на смугу зустрічного руху,недодержання дистанції,перевищення безпечної швидкості;7;49.803937;24.018468;4;0;3;0;0;2021;7;0;13;Львів;Зіткнення автомобілів;Перевищення швидкості