accidentDay;district;streetName;accidentType;mainAccidentCause;totalParticipantsAmount;latitude;longitude;Count_Без ушкоджень;Count_Загинув;Count_Легко травмований;Count_Тяжко травмований;Is_Intersection;Year;Month;DayOfWeek;Hour;settlement_grouped;Simple_Type;Simple_Cause
середа;Залізничний;Городоцька;зіткнення бокове;порушення правил маневрування,недодержання дистанції;7;49.829466;23.960627;0;0;7;0;0;2021;6;2;23;Львів;Зіткнення автомобілів;Порушення маневрування
субота;Шевченківський;Ткацька;наїзд на інші види перешкод;перевтома, сон за кермом;1;49.855399;24.030055;0;0;1;0;0;2021;7;5;7;Львів;Наїзд на перешкоду;Інше
середа;Сихівський;Зелена;зіткнення бокове;недодержання дистанції;2;49.788503;24.074628;1;0;1;0;0;2021;7;2;16;Львів;Зіткнення автомобілів;Недотримання дистанції
понеділок;Залізничний;Виговського І.;перекидання тз;порушення правил маневрування;1;49.823439;23.967496;0;0;1;0;0;2021;6;0;16;Львів;Перекидання;Порушення маневрування
понеділок;Шевченківський;Винниця;зіткнення бокове;порушення правил маневрування;3;49.862271;23.996104;2;0;1;0;0;2021;7;0;22;Львів;Зіткнення автомобілів;Порушення маневрування
неділя;Залізничний;Шевченка Т.;зіткнення бокове;порушення правил маневрування;2;49.850711;23.99246;1;0;1;0;0;2021;7;6;10;Львів;Зіткнення автомобілів;Порушення маневрування
четвер;Шевченківський;Городоцька;наїзд на пішохода - пішохід рухався у зустрічному напрямку;перевищення безпечної швидкості,порушення правил маневрування;2;49.868973;24.024464;1;0;1;0;0;2021;7;3;17;Львів;Наїзд на пішохода;Порушення маневрування
субота;Сихівський;Вашингтона Дж.;наїзд на пішохода - пішохід рухався у попутному напрямку;перевищення безпечної швидкості,порушення правил маневрування;2;49.813924;24.066603;1;0;1;0;0;2021;7;5;20;Львів;Наїзд на пішохода;Порушення маневрування
вівторок;Залізничний;Левандівська;наїзд на пішохода - пішохід рухався у зустрічному напрямку;перехід у невстановленому місці;2;49.846683;23.989999;1;0;1;0;0;2021;6;1;21;Львів;Наїзд на пішохода;Інше
п'ятниця;Галицький;Кропивницького М., пл.;зіткнення бокове;неочікуваний вихід на проїзну частину;2;49.836702;24.005883;1;0;1;0;0;2021;7;4;15;Львів;Зіткнення автомобілів;Інше
неділя;Галицький;Університетська;наїзд на пішохода - пішохід рухався у попутному напрямку;порушення правил маневрування;2;49.839698;24.021907;1;0;1;0;0;2021;6;6;16;Львів;Наїзд на пішохода;Порушення маневрування
п'ятниця;Сихівський;Хуторівка;падіння пасажира;порушення правил перевезення пасажирів,порушення правил маневрування;2;49.799882;24.034814;1;0;1;0;0;2021;7;4;13;Львів;Падіння пасажира;Порушення маневрування
середа;Шевченківський;Шевченка Т.;наїзд на пішохода - пішохід рухався у зустрічному напрямку;неочікуваний вихід на проїзну частину;2;49.854421;23.986169;1;0;1;0;0;2021;6;2;11;Львів;Наїзд на пішохода;Інше
середа;Сихівський;Вернадського В.;падіння пасажира;порушення правил маневрування;2;49.786446;24.025319;1;0;1;0;0;2021;7;2;13;Львів;Падіння пасажира;Порушення маневрування
понеділок;Галицький;Городоцька;наїзд на пішохода - пішохід рухався у зустрічному напрямку;перевищення безпечної швидкості,недодержання дистанції;2;49.842694;24.018613;1;0;1;0;1;2021;8;0;21;Львів;Наїзд на пішохода;Перевищення швидкості
понеділок;Шевченківський;Ткацька;наїзд на пішохода - стояв на проїздній частині;перехід у невстановленому місці;2;49.854753;24.028301;1;0;1;0;0;2021;8;0;18;Львів;Наїзд на пішохода;Інше
неділя;Залізничний;Сяйво;наїзд на інші види перешкод;перевищення безпечної швидкості;2;49.8393525;23.9769666;0;0;2;0;0;2021;8;6;13;Львів;Наїзд на перешкоду;Перевищення швидкості
понеділок;Шевченківський;Чорновола В., просп.;наїзд на пішохода - пішохід рухався у зустрічному напрямку;порушення правил маневрування;2;49.853674;24.023135;1;0;1;0;1;2021;8;0;17;Львів;Наїзд на пішохода;Порушення маневрування
понеділок;Залізничний;Петлюри С.;наїзд на пішохода - пішохід рухався у попутному напрямку;порушення правил маневрування,порушення правил проїзду пішохідних переходів;2;49.81982748;23.98025116;1;0;1;0;0;2021;9;0;8;Львів;Наїзд на пішохода;Порушення маневрування
п'ятниця;Сихівський;Зелена;зіткнення бокове;порушення правил маневрування;2;49.80331;24.064307;1;0;1;0;0;2021;9;4;12;Львів;Зіткнення автомобілів;Порушення маневрування
середа;Сихівський;Скорини Ф.;зіткнення бокове;порушення правил маневрування;2;49.798712;24.022695;1;0;0;1;0;2021;8;2;19;Львів;Зіткнення автомобілів;Порушення маневрування
четвер;Франківський;Наукова;наїзд на пішохода - пішохід рухався у попутному напрямку;порушення правил маневрування;2;49.805391;23.982827;1;0;1;0;0;2021;9;3;11;Львів;Наїзд на пішохода;Порушення маневрування
середа;Франківський;Княгині Ольги;наїзд на інші види перешкод;перевищення безпечної швидкості;2;49.818618;24.003389;1;0;0;1;0;2021;9;2;22;Львів;Наїзд на перешкоду;Перевищення швидкості
неділя;Залізничний;Роксоляни;наїзд на пішохода - пішохід рухався у зустрічному напрямку;порушення правил маневрування;2;49.848784;23.961375;1;0;1;0;0;2021;8;6;14;Львів;Наїзд на пішохода;Порушення маневрування
понеділок;Шевченківський;Липинського В.;наїзд на пішохода - пішохід рухався у попутному напрямку;перехід у невстановленому місці;2;49.864823;24.048584;0;0;2;0;0;2021;8;0;8;Львів;Наїзд на пішохода;Інше
понеділок;Залізничний;Бортнянського Д.;наїзд на велосипедиста - поза межами велосипедної доріжки;порушення правил маневрування;2;49.845324;24.001629;1;0;1;0;0;2021;8;0;15;Львів;Наїзд на велосипедиста;Порушення маневрування
субота;Шевченківський;Липинського В.;зіткнення бокове;порушення правил маневрування;2;49.864477;24.037582;1;0;1;0;0;2021;8;5;8;Львів;Зіткнення автомобілів;Порушення маневрування
субота;Франківський;Чупринки Т., ген.;наїзд на пішохода - пішохід рухався у попутному напрямку;порушення правил проїзду пішохідних переходів;2;49.829401;24.006329;1;0;1;0;0;2021;9;5;20;Львів;Наїзд на пішохода;Порушення проїзду переходів
субота;Шевченківський;Замарстинівська;зіткнення бокове;порушення правил маневрування;2;49.858671;24.027255;1;0;1;0;0;2021;9;5;15;Львів;Зіткнення автомобілів;Порушення маневрування
неділя;Шевченківський;Грінченка Б.;зіткнення бокове;порушення правил проїзду перехресть,порушення правил маневрування;2;49.869844;24.05714;1;0;1;0;0;2021;9;6;0;Львів;Зіткнення автомобілів;Порушення маневрування
вівторок;Франківський;Лазаренка Є., акад.;зіткнення бокове;перевищення безпечної швидкості,недодержання дистанції;2;49.814644;24.016006;1;0;1;0;0;2021;9;1;12;Львів;Зіткнення автомобілів;Перевищення швидкості
понеділок;Франківський;Кульпарківська;зіткнення бокове;порушення правил маневрування;2;49.831111;23.991169;1;0;1;0;0;2021;9;0;22;Львів;Зіткнення автомобілів;Порушення маневрування
вівторок;Сихівський;Липова Алея;наїзд на пішохода - пішохід рухався у попутному напрямку;пішоходи невиконання вимог сигналів регулювання;2;49.82049;24.05552;1;0;1;0;0;2021;8;1;10;Львів;Наїзд на пішохода;Інше
середа;Сихівський;Гашека Я.;наїзд на пішохода - пішохід рухався у попутному напрямку;порушення правил маневрування;2;49.797372;24.01997;1;0;1;0;0;2021;9;2;19;Львів;Наїзд на пішохода;Порушення маневрування
середа;Залізничний;Бортнянського Д.;наїзд на пішохода - пішохід рухався у попутному напрямку;порушення правил маневрування;2;49.845635;23.999017;1;0;1;0;0;2021;9;2;13;Львів;Наїзд на пішохода;Порушення маневрування
середа;Галицький;Крушельницької С.;наїзд на пішохода - пішохід рухався у попутному напрямку;порушення правил маневрування;2;49.837159;24.02033;1;0;1;0;0;2021;9;2;8;Львів;Наїзд на пішохода;Порушення маневрування
середа;Франківський;Городоцька;наїзд на пішохода - пішохід рухався у попутному напрямку;недодержання дистанції;2;49.835872;23.997815;1;0;1;0;0;2021;9;2;14;Львів;Наїзд на пішохода;Недотримання дистанції
понеділок;Шевченківський;Липинського В.;наїзд на пішохода - пішохід рухався у попутному напрямку;порушення правил проїзду пішохідних переходів;2;49.86446;24.041525;1;0;1;0;0;2021;9;0;8;Львів;Наїзд на пішохода;Порушення проїзду переходів
п'ятниця;Личаківський;Китайська;зіткнення бокове;порушення правил маневрування;2;49.821757;24.075417;1;0;1;0;1;2021;8;4;15;Львів;Зіткнення автомобілів;Порушення маневрування
середа;Личаківський;Палія С.;наїзд на пішохода - пішохід рухався у попутному напрямку;порушення правил проїзду пішохідних переходів;2;49.833927;24.036949;1;0;1;0;0;2021;9;2;11;Львів;Наїзд на пішохода;Порушення проїзду переходів
понеділок;Личаківський;Воробкевича С.;наїзд на транспортний засіб, що стоїть - по ходу руху;порушення правил маневрування;2;49.838868;24.059688;1;0;1;0;0;2021;9;0;20;Львів;Інше;Порушення маневрування
середа;Франківський;Народна;наїзд на пішохода - пішохід рухався у попутному напрямку;неочікуваний вихід на проїзну частину;2;49.832616;23.9842;1;0;1;0;0;2021;9;2;21;Львів;Наїзд на пішохода;Інше
четвер;Франківський;Стрийська;наїзд на інші види перешкод;перевищення безпечної швидкості;1;49.798577;24.016403;0;0;1;0;0;2021;9;3;12;Львів;Наїзд на перешкоду;Перевищення швидкості
понеділок;Шевченківський;Чорновола В., просп.;наїзд на пішохода - пішохід рухався у попутному напрямку;пішоходи невиконання вимог сигналів регулювання;2;49.852463;24.02365;1;0;1;0;0;2021;9;0;10;Львів;Наїзд на пішохода;Інше
неділя;Шевченківський;Шевченка Т.;наїзд на інші види перешкод;перевищення безпечної швидкості;1;49.864235;23.96027;0;0;0;1;0;2021;8;6;14;Львів;Наїзд на перешкоду;Перевищення швидкості
неділя;Франківський;Стрийська;зіткнення з задньою частиною тз;недодержання дистанції;2;49.808157;24.01916;1;0;1;0;1;2021;8;6;5;Львів;Зіткнення автомобілів;Недотримання дистанції
середа;Франківський;Кульпарківська;зіткнення бокове;перевищення безпечної швидкості,невиконання вимог сигналів регулювання;3;49.830215;23.990246;1;0;2;0;0;2021;9;2;23;Львів;Зіткнення автомобілів;Перевищення швидкості
понеділок;Шевченківський;Чорновола В., просп.;зіткнення бокове;перевищення безпечної швидкості;2;49.857367;24.021349;0;0;2;0;0;2021;8;0;13;Львів;Зіткнення автомобілів;Перевищення швидкості
п'ятниця;Невідомо;Зелена;наїзд на пішохода - пішохід переходив дорогу поза межами піш.переходу;порушення правил проїзду пішохідних переходів;2;49.782289;24.082943;1;0;1;0;0;2021;9;4;10;Передмістя;Наїзд на пішохода;Порушення проїзду переходів
середа;Шевченківський;Липинського В.;зіткнення бокове;порушення правил маневрування,порушення правил проїзду перехресть,керування транспортним засобом у нетверезому стані;4;49.860168;24.026842;1;0;3;0;1;2021;8;2;3;Львів;Зіткнення автомобілів;Порушення маневрування
п'ятниця;Франківський;Володимира Великого;наїзд на пішохода - пішохід рухався у попутному напрямку;перевищення безпечної швидкості;2;49.81201;23.988181;1;0;1;0;0;2021;9;4;22;Львів;Наїзд на пішохода;Перевищення швидкості
субота;Личаківський;Хмельницького Б.;зіткнення бокове;порушення правил проїзду перехресть;2;49.875721;24.06236;1;0;1;0;0;2021;9;5;17;Львів;Зіткнення автомобілів;Порушення проїзду перехресть
понеділок;Галицький;Городоцька;наїзд на пішохода - пішохід рухався у зустрічному напрямку;порушення правил маневрування;3;49.840342;24.012444;1;0;2;0;0;2021;8;0;14;Львів;Наїзд на пішохода;Порушення маневрування
четвер;Франківський;Володимира Великого;наїзд на пішохода - пішохід рухався у попутному напрямку;порушення правил проїзду пішохідних переходів;2;49.809839;24.002327;1;0;1;0;0;2021;9;3;8;Львів;Наїзд на пішохода;Порушення проїзду переходів
середа;Шевченківський;Замарстинівська;наїзд на пішохода - пішохід рухався у попутному напрямку;перехід у невстановленому місці;2;49.860051;24.026928;1;0;1;0;0;2021;9;2;21;Львів;Наїзд на пішохода;Інше
субота;Шевченківський;Замарстинівська;зіткнення бокове;порушення правил проїзду перехресть;3;49.860072;24.026869;2;0;1;0;0;2021;9;5;22;Львів;Зіткнення автомобілів;Порушення проїзду перехресть
вівторок;Залізничний;Щирецька;зіткнення бокове;порушення правил маневрування;2;49.809985;23.974539;1;0;1;0;0;2021;9;1;11;Львів;Зіткнення автомобілів;Порушення маневрування
середа;Личаківський;Глинянський Тракт;зіткнення бокове;порушення правил проїзду перехресть;3;49.843379;24.118316;2;0;1;0;0;2021;8;2;8;Львів;Зіткнення автомобілів;Порушення проїзду перехресть
неділя;Шевченківський;Чорновола В., просп.;наїзд на пішохода - пішохід рухався у попутному напрямку;порушення правил маневрування;2;49.858515;24.020534;1;0;1;0;0;2021;9;6;18;Львів;Наїзд на пішохода;Порушення маневрування
середа;Личаківський;Пасічна;наїзд на інші види перешкод;порушення правил маневрування;1;49.82846;24.070991;0;0;1;0;0;2021;9;2;2;Львів;Наїзд на перешкоду;Порушення маневрування
субота;Франківський;Княгині Ольги;наїзд на пішохода - пішохід рухався у попутному напрямку;порушення правил маневрування;2;49.811851;23.99995;0;0;2;0;0;2021;9;5;16;Львів;Наїзд на пішохода;Порушення маневрування
вівторок;Шевченківський;Варшавська;наїзд на пішохода - пішохід рухався у попутному напрямку;порушення правил проїзду пішохідних переходів;2;49.854766;24.014654;1;0;1;0;0;2021;8;1;8;Львів;Наїзд на пішохода;Порушення проїзду переходів
вівторок;Залізничний;Широка;зіткнення бокове;порушення правил маневрування;2;49.84275;23.961144;1;0;1;0;0;2021;8;1;10;Львів;Зіткнення автомобілів;Порушення маневрування
середа;Залізничний;Виговського І.;наїзд на пішохода - пішохід рухався у попутному напрямку;порушення правил проїзду перехресть;2;49.821345;23.968263;1;0;1;0;0;2021;9;2;21;Львів;Наїзд на пішохода;Порушення проїзду перехресть
понеділок;Шевченківський;О. Омеляна Ковча;наїзд на інші види перешкод;перевищення безпечної швидкості;3;49.858529;23.985944;1;0;2;0;0;2021;8;0;23;Львів;Наїзд на перешкоду;Перевищення швидкості
четвер;Шевченківський;Шевченка Т.;зіткнення бокове;недодержання дистанції;2;49.843044;24.015223;1;0;1;0;0;2021;8;3;19;Львів;Зіткнення автомобілів;Недотримання дистанції
понеділок;Личаківський;Богданівська;зіткнення бокове;порушення правил маневрування;2;49.855832;24.07524;1;0;1;0;0;2021;9;0;10;Львів;Зіткнення автомобілів;Порушення маневрування
п'ятниця;Личаківський;Китайська;зіткнення бокове;порушення правил проїзду перехресть;3;49.821743;24.075401;2;0;1;0;1;2021;8;4;15;Львів;Зіткнення автомобілів;Порушення проїзду перехресть
четвер;Франківський;Щирецька;зіткнення бокове;перевищення безпечної швидкості;3;49.809078;23.982425;1;0;2;0;0;2021;9;3;2;Львів;Зіткнення автомобілів;Перевищення швидкості
середа;Франківський;Чупринки Т., ген.;зіткнення бокове;перевищення безпечної швидкості;2;49.822494;23.99891;1;0;1;0;0;2021;9;2;9;Львів;Зіткнення автомобілів;Перевищення швидкості
середа;Франківський;Тролейбусна;наїзд на пішохода - пішохід рухався у попутному напрямку;порушення правил маневрування,порушення правил проїзду пішохідних переходів;2;49.809701;24.007981;1;0;1;0;0;2021;9;2;14;Львів;Наїзд на пішохода;Порушення маневрування
п'ятниця;Галицький;Костюшка Т.;наїзд на пішохода - пішохід рухався у зустрічному напрямку;порушення правил маневрування,неочікуваний вихід на проїзну частину;2;49.839567;24.024664;1;0;1;0;0;2021;8;4;9;Львів;Наїзд на пішохода;Порушення маневрування
п'ятниця;Франківський;Кульпарківська;зіткнення бокове;недодержання дистанції;3;49.799287;23.980161;1;0;2;0;0;2021;9;4;21;Львів;Зіткнення автомобілів;Недотримання дистанції
понеділок;Шевченківський;Шевченка Т.;наїзд на пішохода - пішохід рухався у зустрічному напрямку;порушення правил проїзду пішохідних переходів;2;49.851187;23.991485;1;0;1;0;0;2021;8;0;20;Львів;Наїзд на пішохода;Порушення проїзду переходів
понеділок;Шевченківський;Липинського В.;зіткнення бокове;порушення правил надання безперешкодного проїзду,керування транспортним засобом у нетверезому стані;4;49.856838;24.02357;1;0;3;0;0;2021;9;0;3;Львів;Зіткнення автомобілів;П'яне водіння
п'ятниця;Франківський;Сімовича В.;наїзд на пішохода - пішохід рухався у попутному напрямку;перевищення безпечної швидкості;2;49.82317888;24.00159542;1;0;1;0;0;2021;10;4;19;Львів;Наїзд на пішохода;Перевищення швидкості
понеділок;Залізничний;Виговського І.;наїзд на пішохода - пішохід рухався у попутному напрямку;порушення правил проїзду пішохідних переходів;2;49.812768;23.981164;1;0;1;0;0;2021;10;0;12;Львів;Наїзд на пішохода;Порушення проїзду переходів
вівторок;Залізничний;Широка;зіткнення бокове;порушення правил маневрування;2;49.84121;23.96381;1;0;1;0;0;2021;10;1;12;Львів;Зіткнення автомобілів;Порушення маневрування
понеділок;Франківський;Коновальця Є.;наїзд на пішохода - пішохід рухався у попутному напрямку;порушення правил проїзду пішохідних переходів;2;49.828405;24.00002;1;0;1;0;0;2021;10;0;21;Львів;Наїзд на пішохода;Порушення проїзду переходів
субота;Шевченківський;Липинського В.;зіткнення бокове;невиконання вимог сигналів регулювання,порушення правил проїзду перехресть;3;49.861835;24.029374;2;0;1;0;0;2021;10;5;10;Львів;Зіткнення автомобілів;Порушення проїзду перехресть
четвер;Шевченківський;Шевченка Т.;наїзд на пішохода - пішохід рухався у попутному напрямку;порушення правил проїзду пішохідних переходів,керування транспортним засобом у нетверезому стані;2;49.850893;23.99207;1;1;0;0;0;2021;11;3;14;Львів;Наїзд на пішохода;Порушення проїзду переходів
п'ятниця;Галицький;Словацького Ю.;наїзд на пішохода - пішохід рухався у попутному напрямку;перевищення безпечної швидкості,порушення правил маневрування;2;49.838135;24.023473;1;0;1;0;0;2021;11;4;19;Львів;Наїзд на пішохода;Порушення маневрування
понеділок;Залізничний;Білогорща;падіння пасажира;порушення техніки безпеки пасажиром;2;49.844168;23.949337;1;0;1;0;0;2021;10;0;13;Львів;Падіння пасажира;Інше
неділя;Сихівський;Антонича Б. - І.;наїзд на пішохода - пішохід рухався у попутному напрямку;перехід у невстановленому місці;2;49.787776;24.068132;1;0;0;1;0;2021;10;6;0;Львів;Наїзд на пішохода;Інше
вівторок;Шевченківський;Чорновола В., просп.;наїзд на інші види перешкод;перевищення безпечної швидкості,недодержання дистанції;1;49.855603;24.022057;0;0;1;0;0;2021;11;1;13;Львів;Наїзд на перешкоду;Перевищення швидкості
вівторок;Сихівський;Трильовського К.;зіткнення бокове;порушення правил проїзду перехресть;2;49.783975;24.064334;1;0;1;0;0;2021;10;1;15;Львів;Зіткнення автомобілів;Порушення проїзду перехресть
четвер;Личаківський;Пасічна;наїзд на пішохода;порушення правил проїзду пішохідних переходів;2;49.827813;24.071222;1;0;1;0;0;2021;10;3;16;Львів;Наїзд на пішохода;Порушення проїзду переходів
четвер;Шевченківський;Шевченка Т.;зіткнення бокове;порушення правил проїзду перехресть;2;49.868526;23.952373;1;0;1;0;0;2021;10;3;16;Львів;Зіткнення автомобілів;Порушення проїзду перехресть
понеділок;Залізничний;Яворницького Д.;наїзд на пішохода - пішохід рухався у попутному напрямку;перевищення безпечної швидкості;2;49.826996;23.973729;1;0;1;0;0;2021;11;0;17;Львів;Наїзд на пішохода;Перевищення швидкості
понеділок;Франківський;Наукова;наїзд на пішохода - пішохід рухався у попутному напрямку;пішоходи невиконання вимог сигналів регулювання;2;49.801932;24.017959;1;0;1;0;0;2021;11;0;20;Львів;Наїзд на пішохода;Інше
п'ятниця;Франківський;Наукова;наїзд на пішохода - на нерегульованому пішохідному переході;перевищення безпечної швидкості;2;49.805121;23.987398;1;1;0;0;0;2021;10;4;10;Львів;Наїзд на пішохода;Перевищення швидкості
п'ятниця;Залізничний;Городоцька;зіткнення бокове;недодержання дистанції;3;49.8241;23.914511;2;0;1;0;0;2021;10;4;21;Львів;Зіткнення автомобілів;Недотримання дистанції
вівторок;Шевченківський;Чорновола В., просп.;зіткнення бокове;перевищення безпечної швидкості;3;49.85522;24.0196;2;0;1;0;0;2021;11;1;11;Львів;Зіткнення автомобілів;Перевищення швидкості
неділя;Франківський;Володимира Великого;наїзд на пішохода - пішохід рухався у попутному напрямку;порушення правил маневрування;2;49.809362;23.990327;1;0;1;0;0;2021;10;6;15;Львів;Наїзд на пішохода;Порушення маневрування
субота;Личаківський;Липова Алея;падіння пасажира;порушення техніки безпеки пасажиром,порушення правил маневрування;2;49.8224082;24.0544042;1;0;1;0;0;2021;10;5;13;Львів;Падіння пасажира;Порушення маневрування
понеділок;Сихівський;Дністерcька;наїзд на пішохода - пішохід рухався у попутному напрямку;порушення правил маневрування;2;49.816139;24.048488;1;0;1;0;0;2021;10;0;17;Львів;Наїзд на пішохода;Порушення маневрування
середа;Шевченківський;Хмельницького Б.;наїзд на пішохода - пішохід рухався у попутному напрямку;перевищення безпечної швидкості;2;49.857727;24.046744;1;0;1;0;0;2021;10;2;14;Львів;Наїзд на пішохода;Перевищення швидкості
п'ятниця;Залізничний;Скнилівська;наїзд на пішохода - пішохід рухався у попутному напрямку;перехід у невстановленому місці;2;49.813152;23.974523;1;0;1;0;0;2021;10;4;22;Львів;Наїзд на пішохода;Інше
п'ятниця;Сихівський;Тернопільська;зіткнення бокове;порушення правил маневрування;2;49.813955;24.037056;1;0;1;0;0;2021;10;4;13;Львів;Зіткнення автомобілів;Порушення маневрування
вівторок;Франківський;Єфремова С., акад.;наїзд на пішохода - пішохід рухався у попутному напрямку;порушення правил проїзду пішохідних переходів;2;49.832329;24.007401;1;0;1;0;0;2021;10;1;16;Львів;Наїзд на пішохода;Порушення проїзду переходів
п'ятниця;Личаківський;Личаківська;наїзд на пішохода - пішохід рухався у попутному напрямку;порушення правил проїзду перехресть;2;49.835834;24.074988;1;0;1;0;0;2021;10;4;16;Львів;Наїзд на пішохода;Порушення проїзду перехресть
вівторок;Шевченківський;Хмельницького Б.;наїзд на пішохода - пішохід рухався у попутному напрямку;пішоходи невиконання вимог сигналів регулювання,неочікуваний вихід на проїзну частину;2;49.873847;24.060772;1;1;0;0;0;2021;11;1;17;Львів;Наїзд на пішохода;Інше
субота;Личаківський;Вашингтона Дж.;зіткнення бокове;порушення правил маневрування;2;49.815769;24.071962;1;0;1;0;0;2021;10;5;9;Львів;Зіткнення автомобілів;Порушення маневрування
субота;Шевченківський;Липинського В.;наїзд на пішохода - пішохід рухався у попутному напрямку;порушення правил проїзду пішохідних переходів;2;49.857551;24.02313;1;0;1;0;0;2021;11;5;14;Львів;Наїзд на пішохода;Порушення проїзду переходів
четвер;Шевченківський;Грінченка Б.;наїзд на пішохода;порушення правил проїзду пішохідних переходів;2;49.872125;24.051894;1;0;1;0;0;2021;10;3;8;Львів;Наїзд на пішохода;Порушення проїзду переходів
вівторок;Сихівський;Мікльоша К.;зіткнення бокове;порушення правил маневрування;2;49.783716;24.014225;1;0;1;0;0;2021;10;1;11;Львів;Зіткнення автомобілів;Порушення маневрування
вівторок;Шевченківський;Нагірна;наїзд на пішохода - пішохід рухався у попутному напрямку;перехід у невстановленому місці;2;49.8783;24.062247;1;0;1;0;0;2021;10;1;19;Львів;Наїзд на пішохода;Інше
п'ятниця;Франківський;Наукова;наїзд на пішохода - пішохід рухався у попутному напрямку;порушення правил маневрування;2;49.804452;23.992252;1;0;1;0;0;2021;10;4;19;Львів;Наїзд на пішохода;Порушення маневрування
середа;Галицький;Чорновола В., просп.;падіння пасажира;порушення техніки безпеки пасажиром;2;49.846261;24.024943;1;0;1;0;0;2021;10;2;13;Львів;Падіння пасажира;Інше
четвер;Галицький;Свободи, просп.;наїзд на пішохода;порушення правил проїзду пішохідних переходів;2;48.8871;23.29299;1;0;1;0;0;2021;10;3;22;Львів;Наїзд на пішохода;Порушення проїзду переходів
середа;Галицький;Стуса В.;зіткнення бокове;перевищення безпечної швидкості;2;49.819213;24.042007;0;0;2;0;0;2021;10;2;20;Львів;Зіткнення автомобілів;Перевищення швидкості
вівторок;Галицький;Шевченка Т.;наїзд на пішохода - пішохід рухався у попутному напрямку;порушення правил маневрування;2;49.835938;24.032292;1;0;1;0;0;2021;10;1;16;Львів;Наїзд на пішохода;Порушення маневрування
п'ятниця;Шевченківський;Брюховицька;зіткнення бокове;недодержання дистанції;2;49.873218;23.954331;1;0;1;0;0;2021;10;4;10;Львів;Зіткнення автомобілів;Недотримання дистанції
п'ятниця;Шевченківський;Окуневського Т.;наїзд на пішохода - стояв на проїздній частині;недодержання дистанції;2;49.85828;24.018688;1;0;1;0;0;2021;10;4;18;Львів;Наїзд на пішохода;Недотримання дистанції
середа;Сихівський;Хуторівка;зіткнення бокове;перевищення безпечної швидкості,недодержання дистанції;3;49.799574;24.026923;2;0;1;0;0;2021;12;2;18;Львів;Зіткнення автомобілів;Перевищення швидкості
середа;Сихівський;Навроцького В.;наїзд на пішохода - пішохід рухався у попутному напрямку;порушення правил маневрування;2;49.811324;24.052817;1;0;1;0;0;2021;12;2;14;Львів;Наїзд на пішохода;Порушення маневрування
субота;Франківський;Наукова;наїзд на інші види перешкод;порушення правил маневрування;2;49.804375;23.993127;1;0;1;0;0;2021;12;5;22;Львів;Наїзд на перешкоду;Порушення маневрування
субота;Сихівський;Трильовського К.;зіткнення бокове;порушення правил проїзду перехресть;3;49.785919;24.06921;2;0;1;0;0;2021;12;5;12;Львів;Зіткнення автомобілів;Порушення проїзду перехресть
неділя;Личаківський;Мечникова І.;наїзд на пішохода - пішохід рухався у попутному напрямку;порушення правил маневрування;2;49.838398;24.055102;1;0;1;0;0;2021;12;6;17;Львів;Наїзд на пішохода;Порушення маневрування
субота;Личаківський;Франка І.;наїзд на пішохода - пішохід рухався у попутному напрямку;порушення правил проїзду пішохідних переходів;2;49.833931;24.034207;1;0;1;0;0;2021;12;5;13;Львів;Наїзд на пішохода;Порушення проїзду переходів
понеділок;Франківський;Кульпарківська;зіткнення бокове;перевищення безпечної швидкості;3;49.822972;23.989077;2;0;1;0;0;2021;12;0;20;Львів;Зіткнення автомобілів;Перевищення швидкості
понеділок;Галицький;Підвальна;наїзд на пішохода - пішохід рухався у попутному напрямку;перевищення безпечної швидкості,недодержання дистанції;5;49.843943;24.03373;4;0;1;0;0;2021;12;0;11;Львів;Наїзд на пішохода;Перевищення швидкості
понеділок;Шевченківський;Мазепи І., гетьм.;наїзд на пішохода - пішохід рухався у попутному напрямку;порушення правил проїзду пішохідних переходів;2;49.870635;24.032314;1;0;1;0;0;2021;12;0;6;Львів;Наїзд на пішохода;Порушення проїзду переходів
субота;Шевченківський;Замарстинівська;зіткнення бокове;порушення правил проїзду перехресть;3;49.870725;24.019568;2;0;1;0;0;2021;12;5;1;Львів;Зіткнення автомобілів;Порушення проїзду перехресть
субота;Шевченківський;Кучера Р., акад.;наїзд на пішохода - пішохід рухався у попутному напрямку;порушення правил маневрування;2;49.843829;24.018302;1;0;1;0;0;2021;12;5;11;Львів;Наїзд на пішохода;Порушення маневрування
п'ятниця;Франківський;Городоцька;наїзд на пішохода - на нерегульованому пішохідному переході;порушення правил проїзду пішохідних переходів;2;49.831921;23.97544;1;0;1;0;0;2021;12;4;12;Львів;Наїзд на пішохода;Порушення проїзду переходів
понеділок;Франківський;Народна;зіткнення бокове;перевищення безпечної швидкості;2;49.832184;23.983975;1;0;1;0;0;2021;12;0;10;Львів;Зіткнення автомобілів;Перевищення швидкості
четвер;Сихівський;Тернопільська;наїзд на пішохода - пішохід рухався у попутному напрямку;порушення правил маневрування;2;49.816157;24.040725;1;0;1;0;0;2021;12;3;15;Львів;Наїзд на пішохода;Порушення маневрування