accidentDay;district;streetName;accidentType;mainAccidentCause;totalParticipantsAmount;latitude;longitude;Count_Без ушкоджень;Count_Загинув;Count_Легко травмований;Count_Тяжко травмований;Is_Intersection;Year;Month;DayOfWeek;Hour;settlement_grouped;Simple_Type;Simple_Cause
п'ятниця;Шевченківський;Клепарівська;наїзд на пішохода - на нерегульованому пішохідному переході;порушення правил маневрування;2;49.850114;24.015073;1;0;1;0;0;2021;12;4;13;Львів;Наїзд на пішохода;Порушення маневрування
субота;Шевченківський;Варшавська;наїзд на пішохода - пішохід рухався у попутному напрямку;порушення правил проїзду пішохідних переходів;2;49.870936;24.019042;1;0;1;0;0;2021;12;5;19;Львів;Наїзд на пішохода;Порушення проїзду переходів
п'ятниця;Шевченківський;Лінкольна А.;зіткнення бокове;перевищення безпечної швидкості;3;49.864429;24.028918;2;0;1;0;0;2021;12;4;22;Львів;Зіткнення автомобілів;Перевищення швидкості
п'ятниця;Залізничний;Бортнянського Д.;наїзд на пішохода;порушення правил проїзду пішохідних переходів,керування транспортним засобом у нетверезому стані;2;49.845638;23.99803;1;0;1;0;0;2021;12;4;19;Львів;Наїзд на пішохода;Порушення проїзду переходів
середа;Личаківський;Грицька Чубая;наїзд на пішохода - пішохід рухався у попутному напрямку;порушення правил проїзду пішохідних переходів;2;49.834955;24.040328;1;0;1;0;0;2021;12;2;11;Львів;Наїзд на пішохода;Порушення проїзду переходів
четвер;Франківський;Городоцька;наїзд на пішохода - пішохід рухався у попутному напрямку;порушення правил проїзду пішохідних переходів;2;49.834561;23.990471;1;0;1;0;0;2021;12;3;19;Львів;Наїзд на пішохода;Порушення проїзду переходів
п'ятниця;Сихівський;Сихівська;наїзд на інші види перешкод;перевищення безпечної швидкості;1;49.793923;24.060423;0;0;1;0;0;2021;12;4;22;Львів;Наїзд на перешкоду;Перевищення швидкості
п'ятниця;Галицький;Руставелі Ш.;зіткнення;порушення правил маневрування,недодержання дистанції;2;49.829344;24.032113;1;0;1;0;0;2021;12;4;20;Львів;Зіткнення автомобілів;Порушення маневрування
понеділок;Франківський;Кульпарківська;наїзд на пішохода - пішохід рухався у попутному напрямку;порушення правил проїзду пішохідних переходів;2;49.805754;23.981802;1;0;1;0;0;2021;12;0;12;Львів;Наїзд на пішохода;Порушення проїзду переходів
неділя;Сихівський;Стуса В.;зіткнення бокове;недодержання дистанції,порушення правил маневрування;2;49.815322;24.044899;1;0;1;0;0;2021;12;6;17;Львів;Зіткнення автомобілів;Порушення маневрування
понеділок;Личаківський;Хмельницького Б.;наїзд на пішохода - пішохід рухався у попутному напрямку;порушення правил проїзду пішохідних переходів,керування транспортним засобом у нетверезому стані;2;49.866175;24.054855;1;0;1;0;0;2021;12;0;16;Львів;Наїзд на пішохода;Порушення проїзду переходів
понеділок;Личаківський;Богданівська;зіткнення бокове;перевищення безпечної швидкості,керування транспортним засобом у нетверезому стані;4;49.856371;24.074714;3;0;1;0;0;2021;12;0;17;Львів;Зіткнення автомобілів;Перевищення швидкості
неділя;Залізничний;Шевченка Т.;наїзд на пішохода - пішохід рухався у попутному напрямку;порушення правил проїзду пішохідних переходів;2;49.85046;23.991416;1;0;1;0;0;2021;12;6;16;Львів;Наїзд на пішохода;Порушення проїзду переходів
четвер;Шевченківський;Шевченка Т.;наїзд на пішохода - пішохід рухався у попутному напрямку;порушення правил проїзду пішохідних переходів;2;49.869695;23.948833;1;0;1;0;0;2021;12;3;13;Львів;Наїзд на пішохода;Порушення проїзду переходів
четвер;Франківський;Чупринки Т., ген.;наїзд на пішохода - пішохід рухався у попутному напрямку;перехід у невстановленому місці;2;49.831076;24.00922;1;0;1;0;0;2021;12;3;15;Львів;Наїзд на пішохода;Інше
середа;Залізничний;Виговського І.;зіткнення бокове;порушення правил проїзду перехресть;4;49.817122;23.971846;2;0;2;0;0;2021;12;2;11;Львів;Зіткнення автомобілів;Порушення проїзду перехресть
середа;Залізничний;Любінська;наїзд на пішохода - пішохід рухався у попутному напрямку;перехід у невстановленому місці;2;49.820002;23.965205;1;0;1;0;0;2021;12;2;8;Львів;Наїзд на пішохода;Інше
неділя;Залізничний;Сяйво;наїзд на інші види перешкод;перевищення безпечної швидкості;1;49.837121;23.976755;0;0;1;0;0;2021;12;6;23;Львів;Наїзд на перешкоду;Перевищення швидкості
субота;Франківський;Кондукторська;наїзд на пішохода - пішохід рухався у попутному напрямку;порушення правил проїзду пішохідних переходів;2;49.832626;23.979785;1;0;1;0;0;2021;12;5;12;Львів;Наїзд на пішохода;Порушення проїзду переходів
п'ятниця;Сихівський;Навроцького В.;наїзд на пішохода - пішохід переходив дорогу поза межами піш.переходу;перехід у невстановленому місці;2;49.811065;24.052554;1;0;1;0;0;2021;12;4;17;Львів;Наїзд на пішохода;Інше
четвер;Личаківський;Поліська;наїзд на пішохода - пішохід рухався у попутному напрямку;перехід у невстановленому місці;2;49.874307;24.064656;1;0;1;0;0;2021;12;3;18;Львів;Наїзд на пішохода;Інше
четвер;Галицький;Городоцька;наїзд на пішохода - пішохід рухався у попутному напрямку;перехід у невстановленому місці;2;49.83763;24.005958;1;0;1;0;0;2021;12;3;21;Львів;Наїзд на пішохода;Інше
понеділок;Личаківський;Личаківська;наїзд на пішохода - на регульованому пішохідному переході;перехід у невстановленому місці;2;49.840428;24.047581;1;0;1;0;0;2021;12;0;1;Львів;Наїзд на пішохода;Інше
понеділок;Шевченківський;Мазепи І., гетьм.;наїзд на пішохода - на нерегульованому пішохідному переході;перевищення безпечної швидкості;2;49.871973;24.040661;1;0;1;0;0;2021;12;0;10;Львів;Наїзд на пішохода;Перевищення швидкості
понеділок;Личаківський;Невідомо;наїзд на пішохода - пішохід рухався у попутному напрямку;порушення правил маневрування;2;49.810518;24.136963;1;0;1;0;0;2021;12;0;21;Передмістя;Наїзд на пішохода;Порушення маневрування
п'ятниця;Личаківський;Галицька;наїзд на пішохода - пішохід рухався у попутному напрямку;порушення правил проїзду пішохідних переходів;2;49.816762;24.136491;1;0;0;1;0;2021;2;4;10;Передмістя;Наїзд на пішохода;Порушення проїзду переходів
субота;Личаківський;Галицька;наїзд на пішохода - пішохід рухався у зустрічному напрямку;порушення правил маневрування;2;49.816859;24.137735;1;0;0;1;0;2021;4;5;11;Передмістя;Наїзд на пішохода;Порушення маневрування
четвер;Личаківський;Галицька;наїзд на пішохода;перехід у невстановленому місці;2;49.816849;24.136534;1;0;1;0;0;2021;3;3;21;Передмістя;Наїзд на пішохода;Інше
субота;Личаківський;Галицька;зіткнення бокове;перевищення безпечної швидкості, недодержання дистанції;3;49.817711;24.155288;1;0;2;0;0;2021;7;5;16;Передмістя;Зіткнення автомобілів;Перевищення швидкості
вівторок;Личаківський;Галицька;зіткнення бокове;порушення правил проїзду перехресть;2;49.81733;24.14414;1;0;1;0;0;2021;7;1;14;Передмістя;Зіткнення автомобілів;Порушення проїзду перехресть
субота;Личаківський;Галицька;зіткнення бокове;порушення правил маневрування;3;49.817313;24.144194;2;0;1;0;0;2021;10;5;19;Передмістя;Зіткнення автомобілів;Порушення маневрування
субота;Личаківський;Галицька;зіткнення бокове;перевищення безпечної швидкості, недодержання дистанції;4;49.817479;24.146066;3;0;1;0;0;2021;10;5;10;Передмістя;Зіткнення автомобілів;Перевищення швидкості
вівторок;Личаківський;Кільцева;наїзд на пішохода - пішохід рухався у зустрічному напрямку;порушення правил маневрування;2;49.806474;24.15282;0;0;2;0;0;2021;5;1;12;Передмістя;Наїзд на пішохода;Порушення маневрування
середа;Личаківський;Шевченка;наїзд на велосипедиста - поза межами велосипедної доріжки;недодержання дистанції;2;49.815388;24.136071;1;0;1;0;0;2021;7;2;11;Передмістя;Наїзд на велосипедиста;Недотримання дистанції
вівторок;Шевченківський;Невідомо;наїзд на пішохода - пішохід рухався у зустрічному напрямку;порушення правил маневрування;2;49.904406;24.089134;1;0;1;0;0;2021;4;1;15;Передмістя;Наїзд на пішохода;Порушення маневрування
понеділок;Шевченківський;Володимира Великого;наїзд на пішохода - пішохід переходив дорогу поза межами піш.переходу;неочікуваний вихід на проїзну частину;2;49.892768;24.090781;1;0;1;0;0;2021;4;0;13;Передмістя;Наїзд на пішохода;Інше
понеділок;Шевченківський;Київська;наїзд на пішохода - пішохід рухався у попутному напрямку;порушення правил маневрування;2;49.891704;24.091167;1;1;0;0;0;2021;2;0;12;Передмістя;Наїзд на пішохода;Порушення маневрування
вівторок;Шевченківський;Центральна;наїзд на пішохода - стояв на проїздній частині;неочікуваний вихід на проїзну частину;2;49.499462;23.425083;1;0;1;0;0;2021;10;1;19;Передмістя;Наїзд на пішохода;Інше
неділя;Залізничний;Вербицького;наїзд на інші види перешкод;перевищення безпечної швидкості;1;49.839754;23.874836;0;0;1;0;0;2021;5;6;22;Передмістя;Наїзд на перешкоду;Перевищення швидкості
субота;Залізничний;Грушевського М.;наїзд на велосипедиста - поза межами велосипедної доріжки;порушення правил проїзду перехресть;2;49.838453;23.86386;1;0;1;0;0;2021;8;5;9;Передмістя;Наїзд на велосипедиста;Порушення проїзду перехресть
неділя;Залізничний;Грушевського М.;наїзд на інші види перешкод;перевищення безпечної швидкості;1;49.83818;23.8693;0;1;0;0;0;2021;9;6;0;Передмістя;Наїзд на перешкоду;Перевищення швидкості
понеділок;Шевченківський;Невідомо;перекидання тз;перевищення безпечної швидкості;1;49.903563;23.950238;0;0;1;0;0;2021;5;0;6;Передмістя;Перекидання;Перевищення швидкості
субота;Шевченківський;Володимира Івасюка;наїзд на пішохода - пішохід рухався у попутному напрямку;недодержання дистанції, керування транспортним засобом у нетверезому стані;2;49.830761;24.046315;1;0;1;0;0;2021;4;5;15;Передмістя;Наїзд на пішохода;Недотримання дистанції
вівторок;Шевченківський;Замарстинівська;зіткнення з задньою частиною тз;недодержання дистанції;2;49.877553;24.004017;1;0;1;0;0;2021;10;1;14;Передмістя;Зіткнення автомобілів;Недотримання дистанції
середа;Шевченківський;Львівська;наїзд на інші види перешкод;перевтома, сон за кермом;1;49.912421;23.965087;0;0;1;0;0;2021;2;2;8;Передмістя;Наїзд на перешкоду;Інше
п'ятниця;Шевченківський;Львівська;наїзд на пішохода - пішохід рухався у попутному напрямку;перехід у невстановленому місці;2;49.910666;23.964958;1;1;0;0;0;2021;12;4;18;Передмістя;Наїзд на пішохода;Інше
четвер;Шевченківський;Незалежності України;наїзд на пішохода - пішохід рухався у попутному напрямку;порушення правил проїзду пішохідних переходів, порушення правил маневрування;2;49.901974;23.941526;1;0;1;0;0;2021;1;3;18;Передмістя;Наїзд на пішохода;Порушення маневрування
п'ятниця;Шевченківський;Незалежності України;зіткнення бокове;порушення правил маневрування;2;49.90649;23.935003;1;0;1;0;0;2021;9;4;16;Передмістя;Зіткнення автомобілів;Порушення маневрування
неділя;Шевченківський;Чебуречна;наїзд на велосипедиста - поза межами велосипедної доріжки;недодержання дистанції;2;49.905875;23.956608;1;0;1;0;0;2021;6;6;12;Передмістя;Наїзд на велосипедиста;Недотримання дистанції
вівторок;Шевченківський;Жовківська;зіткнення з задньою частиною тз;перевищення безпечної швидкості, недодержання дистанції;3;49.852141;24.032266;2;0;1;0;0;2021;6;1;8;Передмістя;Зіткнення автомобілів;Перевищення швидкості
субота;Шевченківський;Київська;зіткнення бокове;перевищення безпечної швидкості, недодержання дистанції;4;49.879994;24.068449;1;0;3;0;0;2021;10;5;18;Передмістя;Зіткнення автомобілів;Перевищення швидкості
четвер;Шевченківський;Київська;зіткнення бокове;перевищення безпечної швидкості;4;49.879206;24.066839;1;0;3;0;0;2021;12;3;18;Передмістя;Зіткнення автомобілів;Перевищення швидкості
неділя;Шевченківський;Київська;наїзд на інші види перешкод;керування транспортним засобом у нетверезому стані;3;49.892146;24.091923;0;0;3;0;0;2021;1;6;23;Передмістя;Наїзд на перешкоду;П'яне водіння
неділя;Шевченківський;Київська;зіткнення бокове;виїзд на смугу зустрічного руху, керування транспортним засобом у нетверезому стані;3;49.889471;24.089493;2;0;1;0;0;2021;3;6;16;Передмістя;Зіткнення автомобілів;П'яне водіння
четвер;Шевченківський;Київська;зіткнення бокове;порушення правил маневрування;2;49.891514;24.092331;1;0;1;0;0;2021;3;3;15;Передмістя;Зіткнення автомобілів;Порушення маневрування
п'ятниця;Шевченківський;Київська;зіткнення бокове;порушення правил обгону, порушення правил маневрування;3;49.891814;24.090443;2;0;1;0;1;2021;7;4;14;Передмістя;Зіткнення автомобілів;Порушення маневрування
середа;Шевченківський;Київська;наїзд на пішохода - пішохід рухався у попутному напрямку;порушення правил проїзду пішохідних переходів;2;49.87998;24.068727;1;0;1;0;0;2021;12;2;18;Передмістя;Наїзд на пішохода;Порушення проїзду переходів
неділя;Личаківський;Глинянський Тракт;наїзд на інші види перешкод;перевищення безпечної швидкості;1;49.84203;24.141517;0;0;1;0;0;2021;9;6;8;Передмістя;Наїзд на перешкоду;Перевищення швидкості
понеділок;Личаківський;Глинянський Тракт;наїзд на пішохода - пішохід рухався у попутному напрямку;недодержання дистанції;2;49.843117;24.133637;1;1;0;0;0;2021;12;0;18;Передмістя;Наїзд на пішохода;Недотримання дистанції
понеділок;Личаківський;Залізнична;наїзд на інші види перешкод;керування транспортним засобом у нетверезому стані, порушення правил маневрування, перевищення безпечної швидкості, недодержання дистанції;2;49.846175;24.147177;1;0;1;0;0;2021;11;0;2;Передмістя;Наїзд на перешкоду;Порушення маневрування
п'ятниця;Залізничний;Невідомо;наїзд на пішохода - пішохід рухався у попутному напрямку;порушення правил маневрування;2;49.873896;23.890543;1;0;1;0;0;2021;6;4;17;Передмістя;Наїзд на пішохода;Порушення маневрування
понеділок;Залізничний;Володимира Великого;наїзд на інші види перешкод;перевищення безпечної швидкості;1;49.836176;23.875313;0;0;1;0;0;2021;3;0;20;Передмістя;Наїзд на перешкоду;Перевищення швидкості
понеділок;Залізничний;Залізнична;зіткнення бокове;недодержання дистанції;3;49.836765;23.870072;0;1;0;2;0;2021;11;0;22;Передмістя;Зіткнення автомобілів;Недотримання дистанції
четвер;Залізничний;Озерна;наїзд на інші види перешкод;перевищення безпечної швидкості, недодержання дистанції;3;49.880986;23.902841;0;1;2;0;0;2021;7;3;0;Передмістя;Наїзд на перешкоду;Перевищення швидкості
п'ятниця;Залізничний;Торгова;зіткнення бокове;порушення правил маневрування;3;49.87365;23.903419;2;0;1;0;0;2021;4;4;11;Передмістя;Зіткнення автомобілів;Порушення маневрування
п'ятниця;Шевченківський;Горішня;наїзд на пішохода - пішохід рухався у зустрічному напрямку;порушення правил маневрування;2;49.934097;24.051347;1;0;1;0;0;2021;7;4;17;Передмістя;Наїзд на пішохода;Порушення маневрування
субота;Шевченківський;Т. Шевченка;наїзд на пішохода - пішохід рухався у попутному напрямку;порушення правил маневрування;2;49.935643;24.041219;1;0;1;0;0;2021;2;5;23;Передмістя;Наїзд на пішохода;Порушення маневрування
четвер;Шевченківський;Коновальця Є.;наїзд на пішохода - пішохід рухався у зустрічному напрямку;неочікуваний вихід на проїзну частину, пішохід у нетверезому стані;2;49.885759;24.076774;1;0;0;1;0;2021;1;3;23;Передмістя;Наїзд на пішохода;Порушення проїзду переходів
неділя;Шевченківський;Центральна;перекидання тз;перевищення безпечної швидкості;1;49.731193;24.732542;0;0;0;1;0;2021;7;6;16;Передмістя;Перекидання;Перевищення швидкості
понеділок;Шевченківський;Невідомо;накїзд на інші види перешкод;перевищення безпечної швидкості;1;49.921609;24.161339;0;0;1;0;0;2021;11;0;0;Передмістя;Наїзд на перешкоду;Перевищення швидкості
понеділок;Шевченківський;В. Чорновола;падіння пасажира;перевищення безпечної швидкості;2;49.922853;24.158356;1;0;1;0;0;2021;11;0;2;Передмістя;Падіння пасажира;Перевищення швидкості
п'ятниця;Шевченківський;Винниця;зіткнення бокове;порушення правил маневрування;5;49.861673;24.000739;2;0;3;0;0;2022;1;4;22;Львів;Зіткнення автомобілів;Порушення маневрування
понеділок;Личаківський;Богданівська;наїзд на пішохода - пішохід рухався у попутному напрямку;порушення правил проїзду пішохідних переходів;2;49.857288;24.07215;1;0;1;0;0;2022;1;0;17;Львів;Наїзд на пішохода;Порушення проїзду переходів
вівторок;Франківський;Кондукторська;наїзд на пішохода - пішохід рухався у попутному напрямку;порушення правил проїзду пішохідних переходів;2;49.83264;23.979807;1;0;1;0;0;2022;1;1;18;Львів;Наїзд на пішохода;Порушення проїзду переходів
неділя;Личаківський;Личаківська;наїзд на пішохода - пішохід рухався у попутному напрямку;порушення правил маневрування;2;49.831844;24.091934;1;0;1;0;0;2022;1;6;3;Львів;Наїзд на пішохода;Порушення маневрування
середа;Шевченківський;Панча П.;наїзд на пішохода - пішохід рухався у попутному напрямку;порушення правил проїзду пішохідних переходів;2;49.862146;24.008222;1;0;1;0;0;2022;1;2;10;Львів;Наїзд на пішохода;Порушення проїзду переходів
неділя;Залізничний;Двірцева, пл.;наїзд на пішохода - пішохід рухався у попутному напрямку;порушення правил маневрування;2;49.839733;23.994505;1;0;1;0;0;2022;1;6;15;Львів;Наїзд на пішохода;Порушення маневрування
середа;Залізничний;Невідомо;зіткнення бокове;виїзд на смугу зустрічного руху;2;49.8773634;23.8896281;0;0;2;0;0;2022;1;2;17;Передмістя;Зіткнення автомобілів;Інше
неділя;Галицький;Козельницька;наїзд на інші види перешкод;порушення правил маневрування;2;49.817898;24.02445;1;0;1;0;0;2022;1;6;17;Львів;Наїзд на перешкоду;Порушення маневрування
субота;Сихівський;Дністерcька;наїзд на пішохода - пішохід рухався у попутному напрямку;порушення правил маневрування;2;49.818303;24.05684;1;0;1;0;0;2022;1;5;19;Львів;Наїзд на пішохода;Порушення маневрування
понеділок;Шевченківський;Опришківська;зіткнення бокове;порушення правил проїзду перехресть;2;49.85366;24.041101;1;0;1;0;0;2022;1;0;21;Львів;Зіткнення автомобілів;Порушення проїзду перехресть
понеділок;Галицький;Шептицьких;наїзд на пішохода - пішохід переходив дорогу поза межами піш.переходу;порушення правил проїзду пішохідних переходів;2;49.836695;24.006194;1;0;1;0;0;2022;1;0;7;Львів;Наїзд на пішохода;Порушення проїзду переходів
середа;Личаківський;Руставелі Ш.;падіння пасажира;перевищення безпечної швидкості;2;49.833893;24.035391;1;0;1;0;0;2022;1;2;16;Львів;Падіння пасажира;Перевищення швидкості
середа;Галицький;Листопадового Чину;наїзд на транспортний засіб, що стоїть - по ходу руху;недодержання дистанції;3;49.840145;24.020013;2;0;1;0;0;2022;1;2;19;Львів;Інше;Недотримання дистанції
п'ятниця;Франківський;Володимира Великого;зіткнення бокове;порушення правил проїзду перехресть;4;49.808968;24.011826;0;0;4;0;0;2022;1;4;14;Львів;Зіткнення автомобілів;Порушення проїзду перехресть
п'ятниця;Франківський;Княгині Ольги;зіткнення бокове;порушення правил маневрування;2;49.822376;24.007627;1;0;1;0;0;2022;1;4;21;Львів;Зіткнення автомобілів;Порушення маневрування
субота;Шевченківський;Чорновола В., просп.;зіткнення бокове;перевищення безпечної швидкості, недодержання дистанції, керування транспортним засобом у нетверезому стані;2;49.862613;24.018323;1;0;1;0;0;2022;1;5;7;Львів;Зіткнення автомобілів;Перевищення швидкості
середа;Шевченківський;Городницька;зіткнення бокове;порушення правил маневрування;4;49.865314;24.045575;3;0;1;0;0;2022;1;2;17;Львів;Зіткнення автомобілів;Порушення маневрування
вівторок;Шевченківський;Лушпинського О.;наїзд на пішохода - пішохід рухався у попутному напрямку;порушення правил маневрування;2;49.8666108;23.95627502;1;0;1;0;0;2022;1;1;17;Львів;Наїзд на пішохода;Порушення маневрування
понеділок;Франківський;Трускавецька;зіткнення бокове;перевищення безпечної швидкості;2;49.798191;24.010373;1;0;1;0;0;2022;1;0;19;Львів;Зіткнення автомобілів;Перевищення швидкості
субота;Залізничний;Левандівська;наїзд на пішохода - пішохід рухався у попутному напрямку;перевищення безпечної швидкості;2;49.849288;23.995814;1;0;1;0;0;2022;1;5;18;Львів;Наїзд на пішохода;Перевищення швидкості
субота;Франківський;Симоненка В.;наїзд на пішохода - пішохід рухався у попутному напрямку;перевищення безпечної швидкості;2;49.805173;23.986652;1;0;1;0;0;2022;1;5;7;Львів;Наїзд на пішохода;Перевищення швидкості
п'ятниця;Шевченківський;Липинського В.;наїзд на пішохода - стояв на проїздній частині;порушення правил проїзду пішохідних переходів, порушення правил проїзду перехресть;2;49.865259;24.04497;1;0;1;0;0;2022;1;4;7;Львів;Наїзд на пішохода;Порушення проїзду перехресть
вівторок;Личаківський;Личаківська;наїзд на пішохода - пішохід рухався у попутному напрямку;порушення правил маневрування;2;49.835803;24.069677;1;0;1;0;0;2022;1;1;22;Львів;Наїзд на пішохода;Порушення маневрування
субота;Шевченківський;Шевченка Т.;наїзд на пішохода - стояв на проїздній частині;порушення правил маневрування, керування транспортним засобом у нетверезому стані;2;49.844964;24.00959;1;0;1;0;0;2022;1;5;19;Львів;Наїзд на пішохода;Порушення маневрування
п'ятниця;Залізничний;Любінська;наїзд на дорожний знак, бордюрний камінь;порушення правил маневрування;1;49.825086;23.979263;0;1;0;0;0;2022;1;4;7;Львів;Наїзд на перешкоду;Порушення маневрування
п'ятниця;Шевченківський;Бетховена Л.;зіткнення бокове;порушення правил проїзду перехресть;2;49.863433;24.034073;1;0;1;0;0;2022;1;4;9;Львів;Зіткнення автомобілів;Порушення проїзду перехресть
середа;Личаківський;Богданівська;наїзд на пішохода - пішохід рухався у попутному напрямку;порушення правил проїзду пішохідних переходів;2;49.855303;24.075733;1;0;1;0;0;2022;1;2;14;Львів;Наїзд на пішохода;Порушення проїзду переходів
неділя;Залізничний;Городоцька;наїзд на пішохода - пішохід рухався у попутному напрямку;перехід у невстановленому місці;2;49.827789;23.951386;1;0;1;0;0;2022;1;6;19;Львів;Наїзд на пішохода;Інше
неділя;Галицький;Данила Галицького, пл.;наїзд на пішохода - стояв на проїздній частині;порушення правил маневрування;2;49.8445228;24.0320051;1;0;1;0;0;2022;1;6;1;Львів;Наїзд на пішохода;Порушення маневрування
неділя;Сихівський;Трильовського К.;зіткнення бокове;порушення правил маневрування;3;49.782113;24.065364;2;0;1;0;0;2022;5;6;12;Львів;Зіткнення автомобілів;Порушення маневрування
четвер;Галицький;Бандери С.;зіткнення бокове;порушення правил маневрування;2;49.835474;24.005325;1;0;1;0;0;2022;2;3;9;Львів;Зіткнення автомобілів;Порушення маневрування
середа;Залізничний;Городоцька;зіткнення бокове;порушення правил маневрування;2;49.829841;23.963827;0;0;2;0;0;2022;3;2;15;Львів;Зіткнення автомобілів;Порушення маневрування
субота;Франківський;Федьковича Ю.;наїзд на пішохода - пішохід на тротуарі чи велосипедній доріжці;порушення правил маневрування;2;49.836073;24.004553;1;0;0;1;0;2022;5;5;14;Львів;Наїзд на пішохода;Порушення маневрування
субота;Галицький;Підвальна;наїзд на пішохода - пішохід переходив дорогу поза межами піш.переходу;перехід у невстановленому місці;2;49.843009;24.034975;1;0;1;0;0;2022;4;5;11;Львів;Наїзд на пішохода;Інше
субота;Шевченківський;Клепарівська;наїзд на пішохода - на нерегульованому пішохідному переході;порушення правил обгону, порушення правил проїзду пішохідних переходів;2;49.851252;24.015003;1;0;1;0;0;2022;4;5;12;Львів;Наїзд на пішохода;Порушення проїзду переходів
неділя;Личаківський;Хмельницького Б.;падіння пасажира;порушення правил маневрування;3;49.863697;24.052221;1;0;2;0;0;2022;5;6;20;Львів;Падіння пасажира;Порушення маневрування
неділя;Залізничний;Городоцька;зіткнення бокове;порушення правил маневрування;2;49.826816;23.947577;1;0;1;0;0;2022;5;6;14;Львів;Зіткнення автомобілів;Порушення маневрування
неділя;Личаківський;Сонячна;зіткнення бокове;порушення правил маневрування;2;49.843269;24.130939;1;0;0;1;0;2022;5;6;21;Передмістя;Зіткнення автомобілів;Порушення маневрування
середа;Франківський;Володимира Великого;зіткнення бокове;порушення техніки безпеки пасажиром;4;49.811629;23.988009;3;0;1;0;0;2022;5;2;18;Львів;Зіткнення автомобілів;Інше
четвер;Франківський;Стрийська;наїзд на інші види перешкод;перевищення безпечної швидкості;7;49.785282;24.014171;1;0;6;0;0;2022;5;3;17;Львів;Наїзд на перешкоду;Перевищення швидкості
субота;Шевченківський;Величковського І.;зіткнення бокове;перевищення безпечної швидкості;3;49.872803;23.928566;1;0;1;1;0;2022;3;5;13;Львів;Зіткнення автомобілів;Перевищення швидкості
четвер;Личаківський;Пасічна;наїзд на пішохода - пішохід на тротуарі чи велосипедній доріжці;перевищення безпечної швидкості;2;49.831277;24.0673;1;0;1;0;0;2022;5;3;11;Львів;Наїзд на пішохода;Перевищення швидкості
понеділок;Шевченківський;Львівська;наїзд на транспортний засіб, що стоїть - по ходу руху;недодержання дистанції;5;49.897763;23.963396;1;0;4;0;0;2022;4;0;19;Передмістя;Інше;Недотримання дистанції
п'ятниця;Сихівський;Стрийська;зіткнення бокове;порушення правил проїзду перехресть;2;49.801918;24.018044;1;0;1;0;0;2022;4;4;21;Львів;Зіткнення автомобілів;Порушення проїзду перехресть
неділя;Сихівський;Пимоненка М.;зіткнення бокове;порушення правил маневрування;4;49.809131;24.061222;0;0;4;0;0;2022;3;6;12;Львів;Зіткнення автомобілів;Порушення маневрування
субота;Франківський;Сахарова А., акад.;наїзд на пішохода - пішохід рухався у попутному напрямку;порушення правил маневрування;2;49.826522;24.01032;1;0;1;0;0;2022;2;5;21;Львів;Наїзд на пішохода;Порушення маневрування
понеділок;Шевченківський;Величковського І.;наїзд на пішохода - на нерегульованому пішохідному переході;порушення правил маневрування;2;49.87654;23.936704;1;0;1;0;0;2022;4;0;11;Львів;Наїзд на пішохода;Порушення маневрування
п'ятниця;Галицький;Городоцька;наїзд на пішохода - на нерегульованому пішохідному переході;порушення правил маневрування;2;49.838484;24.007782;1;0;1;0;0;2022;5;4;15;Львів;Наїзд на пішохода;Порушення маневрування
вівторок;Личаківський;Зелена;зіткнення бокове;порушення правил проїзду перехресть;2;49.83272;24.040586;1;0;1;0;0;2022;5;1;8;Львів;Зіткнення автомобілів;Порушення проїзду перехресть
вівторок;Шевченківський;Хмельницького Б.;наїзд на пішохода - на нерегульованому пішохідному переході;порушення правил проїзду пішохідних переходів;3;49.853207;24.036471;1;0;2;0;0;2022;5;1;9;Львів;Наїзд на пішохода;Порушення проїзду переходів
субота;Личаківський;Петрушевича Є., пл.;наїзд на інші види перешкод;порушення правил маневрування;1;49.833208;24.036949;0;0;1;0;0;2022;3;5;22;Львів;Наїзд на перешкоду;Порушення маневрування
вівторок;Галицький;Чорновола В., просп.;наїзд на пішохода - пішохід рухався у попутному напрямку;порушення правил маневрування;2;49.846455;24.025421;1;0;1;0;0;2022;5;1;12;Львів;Наїзд на пішохода;Порушення маневрування
п'ятниця;Шевченківський;Невідомо;наїзд на інші види перешкод;перевищення безпечної швидкості;1;49.884736;24.073019;0;0;1;0;0;2022;3;4;20;Передмістя;Наїзд на перешкоду;Перевищення швидкості
вівторок;Шевченківський;Липинського В.;наїзд на пішохода - пішохід рухався у попутному напрямку;порушення правил маневрування;2;49.862793;24.031064;1;0;1;0;0;2022;5;1;10;Львів;Наїзд на пішохода;Порушення маневрування