accidentDay;district;streetName;accidentType;mainAccidentCause;totalParticipantsAmount;latitude;longitude;Count_Без ушкоджень;Count_Загинув;Count_Легко травмований;Count_Тяжко травмований;Is_Intersection;Year;Month;DayOfWeek;Hour;settlement_grouped;Simple_Type;Simple_Cause
п'ятниця;Залізничний;Городоцька;зіткнення бокове;невиконання вимог сигналів регулювання, порушення правил маневрування;2;49.825138;23.938887;1;1;0;0;0;2022;4;4;15;Львів;Зіткнення автомобілів;Порушення маневрування
понеділок;Сихівський;Червоної Калини, просп.;наїзд на пішохода - пішохід рухався у попутному напрямку;порушення правил перевезення пасажирів;2;49.787776;24.05935;1;0;1;0;0;2022;4;0;11;Львів;Наїзд на пішохода;Інше
субота;Шевченківський;Липи Ю.;наїзд на пішохода - пішохід рухався у попутному напрямку;порушення правил проїзду пішохідних переходів;2;49.8653;24.013689;1;0;1;0;0;2022;3;5;16;Львів;Наїзд на пішохода;Порушення проїзду переходів
понеділок;Шевченківський;Хмельницького Б.;зіткнення бокове;порушення правил маневрування;3;49.869788;24.057162;2;0;1;0;0;2022;4;0;16;Львів;Зіткнення автомобілів;Порушення маневрування
вівторок;Личаківський;Личаківська;наїзд на пішохода - пішохід переходив дорогу поза межами піш.переходу;перехід у невстановленому місці;2;49.838498;24.054957;1;0;1;0;0;2022;4;1;12;Львів;Наїзд на пішохода;Інше
вівторок;Залізничний;Городоцька;зіткнення бокове;порушення правил проїзду перехресть;2;49.826726;23.947143;1;0;1;0;0;2022;5;1;14;Львів;Зіткнення автомобілів;Порушення проїзду перехресть
субота;Галицький;Шевченка Т.;наїзд на пішохода - пішохід на тротуарі чи велосипедній доріжці;порушення правил маневрування;2;49.842798;24.01695;0;0;2;0;0;2022;5;5;16;Львів;Наїзд на пішохода;Порушення маневрування
четвер;Личаківський;Пасічна;зіткнення бокове;перевищення безпечної швидкості, недодержання дистанції;3;49.814191;24.078217;2;0;1;0;0;2022;4;3;8;Львів;Зіткнення автомобілів;Перевищення швидкості
вівторок;Шевченківський;Незалежності України;перекидання тз;перевищення безпечної швидкості, керування транспортним засобом у нетверезому стані;1;49.911413;23.928416;0;0;1;0;0;2022;4;1;9;Передмістя;Перекидання;Перевищення швидкості
п'ятниця;Галицький;Франка І.;наїзд на пішохода - пішохід рухався у попутному напрямку;порушення правил проїзду пішохідних переходів, керування транспортним засобом у нетверезому стані;2;49.832395;24.033746;1;0;1;0;0;2022;4;4;10;Львів;Наїзд на пішохода;Порушення проїзду переходів
середа;Сихівський;Сихівська;наїзд на пішохода - пішохід рухався у попутному напрямку;порушення правил маневрування;2;49.79473;24.065005;1;0;1;0;0;2022;4;2;16;Львів;Наїзд на пішохода;Порушення маневрування
вівторок;Франківський;Кульпарківська;падіння пасажира;порушення техніки безпеки пасажиром;2;49.82049;23.988374;1;0;1;0;0;2022;2;1;7;Львів;Падіння пасажира;Інше
вівторок;Залізничний;Городоцька;наїзд на пішохода - на нерегульованому пішохідному переході;неочікуваний вихід на проїзну частину;2;49.833183;23.970038;1;0;1;0;0;2022;4;1;9;Львів;Наїзд на пішохода;Інше
середа;Личаківський;Вишенського І.;наїзд на велосипедиста - велосипедист рухався у попутному напрямку;порушення правил маневрування;2;49.840491;24.049727;1;0;0;1;0;2022;5;2;18;Львів;Наїзд на велосипедиста;Порушення маневрування
четвер;Шевченківський;Миколайчука І.;наїзд на опори (леп, телефонних та телеграфних ліній, рекламоносіїв, щогли антен мобільного зв'язку, тощо);перевищення безпечної швидкості;2;49.879185;24.036847;1;0;1;0;0;2022;3;3;17;Львів;Інше;Перевищення швидкості
понеділок;Сихівський;Угорська;наїзд на пішохода - на регульованому пішохідному переході;порушення правил маневрування;2;49.811079;24.043643;1;0;1;0;0;2022;3;0;13;Львів;Наїзд на пішохода;Порушення маневрування
понеділок;Личаківський;Пасічна;наїзд на пішохода - пішохід рухався у попутному напрямку;порушення правил проїзду пішохідних переходів, перевищення безпечної швидкості;2;49.827872;24.071576;1;0;1;0;0;2022;4;0;8;Львів;Наїзд на пішохода;Перевищення швидкості
четвер;Залізничний;Городоцька;зіткнення бокове;порушення правил проїзду перехресть;2;49.821636;23.918931;1;0;1;0;0;2022;4;3;11;Львів;Зіткнення автомобілів;Порушення проїзду перехресть
четвер;Залізничний;Двірцева, пл.;наїзд на пішохода - пішохід рухався у попутному напрямку;порушення правил маневрування;2;49.838937;23.995214;1;0;0;1;0;2022;3;3;15;Львів;Наїзд на пішохода;Порушення маневрування
четвер;Личаківський;Хмельницького Б.;наїзд на інші види перешкод;перевищення безпечної швидкості, недодержання дистанції;1;49.820488;24.112369;0;0;1;0;0;2022;5;3;11;Передмістя;Наїзд на перешкоду;Перевищення швидкості
четвер;Залізничний;Городоцька;наїзд на пішохода - пішохід переходив дорогу поза межами піш.переходу;перехід у невстановленому місці;2;49.82075;23.913825;1;0;1;0;0;2022;5;3;15;Львів;Наїзд на пішохода;Інше
вівторок;Личаківський;Богданівська;зіткнення бокове;порушення правил маневрування;3;49.855707;24.075395;2;0;1;0;0;2022;3;1;16;Львів;Зіткнення автомобілів;Порушення маневрування
п'ятниця;Личаківський;Личаківська;наїзд на пішохода - пішохід рухався у попутному напрямку;перевищення безпечної швидкості;2;49.839782;24.038279;1;0;1;0;0;2022;4;4;11;Львів;Наїзд на пішохода;Перевищення швидкості
субота;Шевченківський;Львівська;зіткнення бокове;перевищення безпечної швидкості;4;49.889654;24.090434;1;0;3;0;0;2022;4;5;18;Передмістя;Зіткнення автомобілів;Перевищення швидкості
вівторок;Шевченківський;Київська;зіткнення бокове;порушення правил маневрування, виїзд на смугу зустрічного руху;3;49.877729;24.064624;0;0;3;0;0;2022;4;1;14;Передмістя;Зіткнення автомобілів;Порушення маневрування
четвер;Залізничний;Городоцька;наїзд на пішохода;порушення правил проїзду пішохідних переходів;2;49.826543;23.917156;1;0;1;0;0;2022;4;3;21;Львів;Наїзд на пішохода;Порушення проїзду переходів
четвер;Сихівський;Червоної Калини, просп.;наїзд на пішохода - на нерегульованому пішохідному переході;невиконання вимог сигналів регулювання;2;49.786054;24.058916;1;0;1;0;0;2022;5;3;12;Львів;Наїзд на пішохода;Інше
четвер;Сихівський;Стрийська;зіткнення бокове;порушення правил проїзду перехресть;3;49.774752;24.025555;1;0;2;0;0;2022;4;3;18;Львів;Зіткнення автомобілів;Порушення проїзду перехресть
середа;Шевченківський;Хвильового М.;наїзд на пішохода - пішохід рухався у попутному напрямку;порушення правил проїзду пішохідних переходів;2;49.868512;24.032459;1;0;1;0;0;2022;4;2;13;Львів;Наїзд на пішохода;Порушення проїзду переходів
четвер;Франківський;Княгині Ольги;наїзд на пішохода - пішохід рухався у попутному напрямку;порушення правил проїзду пішохідних переходів;2;49.825228;24.008732;1;0;1;0;0;2022;4;3;17;Львів;Наїзд на пішохода;Порушення проїзду переходів
субота;Сихівський;Святого Івана Павла ІІ, просп.;зіткнення бокове;порушення правил маневрування;3;49.79991;24.034781;1;0;2;0;0;2022;5;5;15;Львів;Зіткнення автомобілів;Порушення маневрування
понеділок;Сихівський;Луганська;наїзд на дорожне огородження;перевищення безпечної швидкості, недодержання дистанції;1;49.807956;24.051068;0;0;0;1;0;2022;3;0;7;Львів;Наїзд на перешкоду;Перевищення швидкості
четвер;Шевченківський;Чорновола В., просп.;наїзд на велосипедиста - поза межами велосипедної доріжки;порушення правил проїзду пішохідних переходів;2;49.856368;24.021687;1;0;1;0;0;2022;6;3;10;Львів;Наїзд на велосипедиста;Порушення проїзду переходів
середа;Личаківський;Богданівська;зіткнення бокове;порушення правил маневрування;3;49.857167;24.074513;2;0;1;0;0;2022;4;2;12;Львів;Зіткнення автомобілів;Порушення маневрування
субота;Франківський;Наукова;наїзд на пішохода - на нерегульованому пішохідному переході;порушення правил проїзду пішохідних переходів;3;49.804998;23.988527;1;0;2;0;0;2022;4;5;15;Львів;Наїзд на пішохода;Порушення проїзду переходів
субота;Галицький;Шевченка Т.;наїзд на пішохода - пішохід рухався у попутному напрямку;порушення правил маневрування;2;49.842691;24.017921;1;0;1;0;0;2022;5;5;21;Львів;Наїзд на пішохода;Порушення маневрування
вівторок;Галицький;Свободи, просп.;наїзд на пішохода;порушення правил надання безперешкодного проїзду;2;49.841359;24.027336;1;0;1;0;0;2022;3;1;11;Львів;Наїзд на пішохода;Інше
середа;Залізничний;Патона Є.;наїзд на пішохода - пішохід рухався у попутному напрямку;порушення правил проїзду пішохідних переходів;2;49.823065;23.961364;1;0;1;0;0;2022;3;2;21;Львів;Наїзд на пішохода;Порушення проїзду переходів
середа;Личаківський;Пасічна;зіткнення бокове;порушення правил маневрування;2;49.828415;24.070723;0;0;2;0;0;2022;6;2;10;Львів;Зіткнення автомобілів;Порушення маневрування
четвер;Галицький;Зарицьких;наїзд на велосипедиста - поза межами велосипедної доріжки;порушення правил маневрування;2;49.829135;24.025834;1;0;1;0;0;2022;3;3;18;Львів;Наїзд на велосипедиста;Порушення маневрування
понеділок;Галицький;Вітовського Д.;наїзд на пішохода - на нерегульованому пішохідному переході;перехід у невстановленому місці;2;49.8299;24.030168;1;0;1;0;0;2022;5;0;7;Львів;Наїзд на пішохода;Інше
субота;Галицький;Вітовського Д.;наїзд на пішохода - пішохід переходив дорогу поза межами піш.переходу;порушення правил проїзду пішохідних переходів;2;49.831769;24.019441;1;0;1;0;0;2022;4;5;14;Львів;Наїзд на пішохода;Порушення проїзду переходів
середа;Залізничний;Двірцева, пл.;наїзд на пішохода - пішохід переходив дорогу поза межами піш.переходу;неочікуваний вихід на проїзну частину;2;49.839391;23.995444;1;0;1;0;0;2022;5;2;19;Львів;Наїзд на пішохода;Інше
понеділок;Шевченківський;Шевченка Т.;падіння пасажира;порушення правил маневрування;2;49.842861;24.017966;1;0;1;0;0;2022;5;0;12;Львів;Падіння пасажира;Порушення маневрування
субота;Личаківський;Глинянський Тракт;зіткнення бокове;порушення правил маневрування, керування транспортним засобом у нетверезому стані, перевищення безпечної швидкості;4;49.840131;24.084456;2;0;2;0;0;2022;5;5;21;Львів;Зіткнення автомобілів;Порушення маневрування
середа;Шевченківський;Чорновола В., просп.;наїзд на пішохода - пішохід рухався у попутному напрямку;порушення правил маневрування;2;49.857934;24.020684;1;0;1;0;0;2022;4;2;16;Львів;Наїзд на пішохода;Порушення маневрування
середа;Сихівський;Угорська;зіткнення бокове;порушення правил маневрування;2;49.811201;24.04331;1;0;1;0;0;2022;5;2;14;Львів;Зіткнення автомобілів;Порушення маневрування
п'ятниця;Франківський;Наукова;зіткнення бокове;порушення правил маневрування;2;49.80339;24.004285;1;0;1;0;0;2022;5;4;19;Львів;Зіткнення автомобілів;Порушення маневрування
понеділок;Шевченківський;Курортна;зіткнення бокове;порушення правил проїзду перехресть;3;49.907077;23.948022;2;0;1;0;0;2022;5;0;11;Передмістя;Зіткнення автомобілів;Порушення проїзду перехресть
середа;Личаківський;Поліська;наїзд на пішохода - на нерегульованому пішохідному переході;порушення правил маневрування;2;49.874138;24.061947;1;0;1;0;0;2022;6;2;2;Львів;Наїзд на пішохода;Порушення маневрування
четвер;Личаківський;Личаківська;наїзд на пішохода;порушення правил маневрування;2;49.836156;24.066131;1;0;1;0;0;2022;4;3;21;Львів;Наїзд на пішохода;Порушення маневрування
понеділок;Франківський;Володимира Великого;наїзд на пішохода - пішохід рухався у попутному напрямку;порушення правил проїзду пішохідних переходів;2;49.811196;23.991673;1;0;1;0;0;2022;3;0;10;Львів;Наїзд на пішохода;Порушення проїзду переходів
неділя;Залізничний;Бортнянського Д.;наїзд на пішохода - пішохід рухався у попутному напрямку;перехід у невстановленому місці;2;49.845742;24.005089;1;0;1;0;0;2022;4;6;21;Львів;Наїзд на пішохода;Інше
п'ятниця;Франківський;Володимира Великого;наїзд на велосипедиста - поза межами велосипедної доріжки;порушення правил маневрування;2;49.809836;24.007707;1;0;1;0;0;2022;6;4;20;Львів;Наїзд на велосипедиста;Порушення маневрування
середа;Франківський;Богуна І.;зіткнення бокове;порушення правил проїзду перехресть;2;49.832543;24.015099;0;0;2;0;0;2022;5;2;12;Львів;Зіткнення автомобілів;Порушення проїзду перехресть
понеділок;Галицький;Наливайка С.;наїзд на пішохода - на регульованому пішохідному переході;порушення правил проїзду пішохідних переходів;2;49.843653;24.023981;1;0;1;0;0;2022;4;0;11;Львів;Наїзд на пішохода;Порушення проїзду переходів
п'ятниця;Галицький;Під Дубом;наїзд на пішохода - на нерегульованому пішохідному переході;порушення правил маневрування;2;49.850516;24.022384;1;0;1;0;0;2022;6;4;0;Львів;Наїзд на пішохода;Порушення маневрування
середа;Личаківський;Глинянський Тракт;наїзд на пішохода - на нерегульованому пішохідному переході;порушення правил проїзду пішохідних переходів;2;49.835983;24.070289;1;1;0;0;0;2022;6;2;9;Львів;Наїзд на пішохода;Порушення проїзду переходів
середа;Сихівський;Святого Івана Павла ІІ, просп.;зіткнення бокове;перевищення безпечної швидкості;2;49.801416;24.023007;1;1;0;0;0;2022;4;2;8;Львів;Зіткнення автомобілів;Перевищення швидкості
середа;Франківський;Сахарова А., акад.;наїзд на пішохода - на нерегульованому пішохідному переході;порушення правил маневрування;2;49.822182;24.016086;1;0;1;0;0;2022;3;2;11;Львів;Наїзд на пішохода;Порушення маневрування
неділя;Галицький;Свободи, просп.;наїзд на пішохода - пішохід рухався у попутному напрямку;порушення правил проїзду пішохідних переходів;2;49.843407;24.025844;1;0;0;1;0;2022;3;6;16;Львів;Наїзд на пішохода;Порушення проїзду переходів
вівторок;Галицький;Городоцька;наїзд на пішохода - пішохід рухався у попутному напрямку;порушення правил маневрування;2;49.844089;24.025147;1;0;1;0;0;2022;4;1;17;Львів;Наїзд на пішохода;Порушення маневрування
субота;Сихівський;Червоної Калини, просп.;зіткнення бокове;керування транспортним засобом у нетверезому стані, порушення правил проїзду перехресть;2;49.7963602;24.0531741;1;0;1;0;0;2022;4;5;17;Львів;Зіткнення автомобілів;Порушення проїзду перехресть
четвер;Шевченківський;Брюховицька;наїзд на пішохода;порушення правил маневрування;2;49.866849;23.967549;1;0;1;0;0;2022;4;3;19;Львів;Наїзд на пішохода;Порушення маневрування
субота;Франківський;Володимира Великого;зіткнення бокове;порушення правил проїзду перехресть;2;49.81029;23.999318;1;0;1;0;0;2022;5;5;22;Львів;Зіткнення автомобілів;Порушення проїзду перехресть
понеділок;Галицький;Краківська;наїзд на пішохода - пішохід на тротуарі чи велосипедній доріжці;порушення правил маневрування;2;49.844318;24.02959;1;0;1;0;0;2022;5;0;11;Львів;Наїзд на пішохода;Порушення маневрування
четвер;Личаківський;Невідомо;наїзд на пішохода - пішохід рухався у попутному напрямку;порушення правил маневрування;2;49.811404;24.13765;1;0;1;0;0;2022;4;3;1;Передмістя;Наїзд на пішохода;Порушення маневрування
понеділок;Залізничний;Сяйво;наїзд на пішохода - пішохід рухався у зустрічному напрямку;порушення правил маневрування;2;49.839643;23.977854;1;0;1;0;0;2022;5;0;15;Львів;Наїзд на пішохода;Порушення маневрування
вівторок;Галицький;Свободи, просп.;наїзд на пішохода - на нерегульованому пішохідному переході;порушення правил маневрування;3;49.843483;24.026075;1;0;2;0;0;2022;3;1;11;Львів;Наїзд на пішохода;Порушення маневрування
неділя;Сихівський;Зубрівська;наїзд на пішохода - на нерегульованому пішохідному переході;порушення правил маневрування, порушення правил проїзду пішохідних переходів;2;49.795238;24.059721;1;0;1;0;0;2022;5;6;13;Львів;Наїзд на пішохода;Порушення маневрування
вівторок;Франківський;Володимира Великого;наїзд на пішохода - пішохід на тротуарі чи велосипедній доріжці;перевищення безпечної швидкості;2;49.811421;23.992476;1;0;1;0;0;2022;5;1;12;Львів;Наїзд на пішохода;Перевищення швидкості
субота;Галицький;Городоцька;наїзд на пішохода - пішохід переходив дорогу поза межами піш.переходу;порушення правил маневрування;2;49.842265;24.017277;1;0;1;0;0;2022;5;5;22;Львів;Наїзд на пішохода;Порушення маневрування
неділя;Личаківський;Мечникова І.;наїзд на пішохода - пішохід рухався у попутному напрямку;порушення правил маневрування;2;49.835564;24.052817;1;1;0;0;0;2022;2;6;20;Львів;Наїзд на пішохода;Порушення маневрування
вівторок;Сихівський;Хортицька;наїзд на пішохода - пішохід рухався у попутному напрямку;недодержання дистанції;2;49.79522;24.03675;1;0;1;0;0;2022;4;1;8;Львів;Наїзд на пішохода;Недотримання дистанції
середа;Франківський;Наукова;наїзд на пішохода - на регульованому пішохідному переході;порушення правил проїзду пішохідних переходів;2;49.804937;23.987113;1;0;1;0;0;2022;5;2;11;Львів;Наїзд на пішохода;Порушення проїзду переходів
середа;Галицький;Свободи, просп.;наїзд на пішохода - пішохід рухався у попутному напрямку;порушення правил маневрування;2;49.840902;24.027593;1;0;1;0;0;2022;4;2;23;Львів;Наїзд на пішохода;Порушення маневрування
неділя;Личаківський;Личаківська;зіткнення бокове;невиконання вимог сигналів регулювання;3;49.836506;24.064533;2;0;1;0;0;2022;4;6;13;Львів;Зіткнення автомобілів;Інше
субота;Сихівський;Пасічна;зіткнення бокове;невиконання вимог сигналів регулювання;2;49.809213;24.078877;1;0;1;0;0;2022;5;5;12;Львів;Зіткнення автомобілів;Інше
субота;Шевченківський;Яцкова М.;зіткнення бокове;перевищення безпечної швидкості, недодержання дистанції;2;49.849538;24.00583;1;0;1;0;0;2022;5;5;16;Львів;Зіткнення автомобілів;Перевищення швидкості
понеділок;Личаківський;Тершаковців;наїзд на велосипедиста - поза межами велосипедної доріжки;порушення правил маневрування, перевищення безпечної швидкості;2;49.834308;24.04065;1;0;1;0;0;2022;3;0;14;Львів;Наїзд на велосипедиста;Порушення маневрування
неділя;Залізничний;Вигоди;наїзд на пішохода - на регульованому пішохідному переході;порушення правил маневрування;2;49.841239;23.97363;1;1;0;0;0;2022;3;6;18;Львів;Наїзд на пішохода;Порушення маневрування
четвер;Галицький;Старий Ринок, пл.;зіткнення бокове;порушення правил маневрування;2;49.846642;24.029894;0;0;2;0;0;2022;3;3;16;Львів;Зіткнення автомобілів;Порушення маневрування
понеділок;Шевченківський;Грінченка Б.;зіткнення бокове;керування транспортним засобом у нетверезому стані, порушення правил маневрування;2;49.869837;24.057226;1;0;1;0;0;2022;4;0;20;Львів;Зіткнення автомобілів;Порушення маневрування
вівторок;Шевченківський;Чорновола В., просп.;зіткнення бокове;перевищення безпечної швидкості, недодержання дистанції;3;49.85716;24.019772;2;0;1;0;0;2022;4;1;18;Львів;Зіткнення автомобілів;Перевищення швидкості
вівторок;Залізничний;Кульпарківська;зіткнення бокове;порушення правил маневрування, перевищення встановленої швидкості;4;49.821417;23.988657;3;0;1;0;0;2022;3;1;19;Львів;Зіткнення автомобілів;Порушення маневрування
понеділок;Галицький;Бандери С.;зіткнення бокове;порушення правил маневрування, порушення правил проїзду перехресть;4;49.835408;24.005454;1;0;3;0;0;2022;4;0;16;Львів;Зіткнення автомобілів;Порушення маневрування
субота;Франківський;Антоновича В.;зіткнення бокове;недодержання дистанції;2;49.826062;23.991297;1;0;1;0;0;2022;5;5;12;Львів;Зіткнення автомобілів;Недотримання дистанції
четвер;Франківський;Кульпарківська;наїзд на пішохода - на нерегульованому пішохідному переході;порушення правил маневрування;2;49.826134;23.989849;1;0;1;0;0;2022;5;3;15;Львів;Наїзд на пішохода;Порушення маневрування
понеділок;Сихівський;Гашека Я.;наїзд на пішохода - на нерегульованому пішохідному переході;порушення правил маневрування, перевищення безпечної швидкості;4;49.796347;24.021027;3;0;1;0;0;2022;3;0;18;Львів;Наїзд на пішохода;Порушення маневрування
понеділок;Франківський;Окружна;наїзд на пішохода - пішохід рухався у попутному напрямку;порушення правил маневрування;2;49.826495;23.984013;1;0;1;0;0;2022;2;0;15;Львів;Наїзд на пішохода;Порушення маневрування
понеділок;Шевченківський;Шевченка Т.;зіткнення з задньою частиною тз;перевищення безпечної швидкості;4;49.862627;23.964121;0;0;4;0;0;2022;3;0;19;Львів;Зіткнення автомобілів;Перевищення швидкості
понеділок;Франківський;Княгині Ольги;наїзд на пішохода - пішохід переходив дорогу поза межами піш.переходу;порушення правил проїзду пішохідних переходів, керування транспортним засобом у нетверезому стані;2;49.823597;24.007532;1;0;1;0;0;2022;4;0;20;Львів;Наїзд на пішохода;Порушення проїзду переходів
вівторок;Франківський;Бандери С.;наїзд на пішохода - пішохід рухався у попутному напрямку;порушення правил маневрування;2;49.8345882;24.0097736;1;0;1;0;0;2022;9;1;20;Львів;Наїзд на пішохода;Порушення маневрування
понеділок;Франківський;Чупринки Т., ген.;зіткнення бокове;порушення правил маневрування;3;49.831758;24.010824;2;0;0;1;0;2022;9;0;17;Львів;Зіткнення автомобілів;Порушення маневрування
п'ятниця;Шевченківський;Варшавська;зіткнення бокове;порушення правил проїзду перехресть;2;49.864339;24.007031;0;0;1;1;0;2022;8;4;9;Львів;Зіткнення автомобілів;Порушення проїзду перехресть
понеділок;Залізничний;Левандівська;зіткнення бокове;порушення правил маневрування;2;49.844096;23.982795;1;0;1;0;0;2022;8;0;11;Львів;Зіткнення автомобілів;Порушення маневрування
п'ятниця;Галицький;Городоцька;падіння пасажира;порушення правил маневрування;2;49.838674;24.008195;1;0;1;0;0;2022;7;4;10;Львів;Падіння пасажира;Порушення маневрування
субота;Франківський;Володимира Великого;падіння пасажира;порушення правил маневрування;2;49.811407;23.990187;1;0;0;1;0;2022;8;5;11;Львів;Падіння пасажира;Порушення маневрування
середа;Галицький;Дорошенка П.;зіткнення бокове;порушення правил маневрування;2;49.835751;24.019418;1;0;0;1;0;2022;9;2;10;Львів;Зіткнення автомобілів;Порушення маневрування
вівторок;Франківський;Горської А.;наїзд на пішохода - пішохід на тротуарі чи велосипедній доріжці;порушення правил маневрування;2;49.836163;24.001098;1;0;1;0;0;2022;9;1;15;Львів;Наїзд на пішохода;Порушення маневрування
вівторок;Залізничний;Чернівецька;наїзд на пішохода - на нерегульованому пішохідному переході;порушення правил маневрування;3;49.837259;24.001195;2;0;0;1;0;2022;9;1;20;Львів;Наїзд на пішохода;Порушення маневрування
неділя;Франківський;Володимира Великого;наїзд на транспортний засіб, що стоїть - по ходу руху;перевищення безпечної швидкості;3;49.811086;23.993422;2;0;1;0;0;2022;8;6;10;Львів;Інше;Перевищення швидкості
неділя;Франківський;Героїв Упа;наїзд на інші види перешкод;порушення правил маневрування;1;49.831374;23.997359;0;0;1;0;0;2022;8;6;2;Львів;Наїзд на перешкоду;Порушення маневрування
понеділок;Галицький;Міцкевича А., пл.;наїзд на транспортний засіб, що стоїть - по ходу руху;перевищення безпечної швидкості, недодержання дистанції;5;49.839052;24.030399;4;0;1;0;0;2022;8;0;13;Львів;Інше;Перевищення швидкості
понеділок;Личаківський;Пекарська;зіткнення бокове;недодержання дистанції;2;49.836852;24.044655;1;0;1;0;0;2022;8;0;21;Львів;Зіткнення автомобілів;Недотримання дистанції
понеділок;Личаківський;Івасюка В.;наїзд на інші види перешкод;порушення правил маневрування, недодержання дистанції, перевтома, сон за кермом;2;49.819061;24.137274;1;0;1;0;0;2022;8;0;17;Передмістя;Наїзд на перешкоду;Порушення маневрування
вівторок;Личаківський;Хмельницького Б.;зіткнення бокове;перевищення безпечної швидкості, недодержання дистанції;2;49.820545;24.112729;1;0;1;0;0;2022;8;1;7;Передмістя;Зіткнення автомобілів;Перевищення швидкості
вівторок;Шевченківський;Бальзака О.;зіткнення бокове;порушення правил маневрування;2;49.85445;24.01469;1;0;1;0;0;2022;8;1;14;Львів;Зіткнення автомобілів;Порушення маневрування
п'ятниця;Сихівський;Червоної Калини, просп.;зіткнення бокове;порушення правил маневрування;2;49.795145;24.054662;1;0;1;0;0;2022;8;4;18;Львів;Зіткнення автомобілів;Порушення маневрування
середа;Франківський;Тролейбусна;зіткнення бокове;порушення правил проїзду перехресть;3;49.797884;24.005148;2;0;1;0;0;2022;8;2;11;Львів;Зіткнення автомобілів;Порушення проїзду перехресть
вівторок;Личаківський;Лисеницька;наїзд на пішохода - пішохід рухався у попутному напрямку;порушення правил маневрування;2;49.816697;24.079252;1;0;1;0;0;2022;8;1;21;Львів;Наїзд на пішохода;Порушення маневрування
п'ятниця;Залізничний;Патона Є.;наїзд на пішохода - на нерегульованому пішохідному переході;порушення правил проїзду пішохідних переходів;3;49.822719;23.965162;1;0;2;0;0;2022;8;4;18;Львів;Наїзд на пішохода;Порушення проїзду переходів
неділя;Сихівський;Зелена;зіткнення бокове;порушення правил проїзду перехресть;4;49.798608;24.070846;2;0;2;0;0;2022;9;6;20;Львів;Зіткнення автомобілів;Порушення проїзду перехресть
середа;Франківський;Княгині Ольги;наїзд на пішохода - пішохід на тротуарі чи велосипедній доріжці;порушення правил маневрування;2;49.808776;23.998308;1;0;1;0;0;2022;8;2;17;Львів;Наїзд на пішохода;Порушення маневрування
неділя;Галицький;Городоцька;зіткнення бокове;порушення правил маневрування;2;49.843049;24.021849;0;0;2;0;0;2022;8;6;18;Львів;Зіткнення автомобілів;Порушення маневрування
неділя;Шевченківський;Хмельницького Б.;наїзд на пішохода - на нерегульованому пішохідному переході;порушення правил маневрування;2;49.852283;24.033129;1;0;1;0;0;2022;9;6;20;Львів;Наїзд на пішохода;Порушення маневрування
понеділок;Франківський;Кульпарківська;наїзд на пішохода - на нерегульованому пішохідному переході;перевищення безпечної швидкості;2;49.826675;23.989956;1;0;0;1;0;2022;8;0;21;Львів;Наїзд на пішохода;Перевищення швидкості
вівторок;Залізничний;Кульпарківська;зіткнення бокове;порушення правил проїзду перехресть, керування транспортним засобом у нетверезому стані;3;49.81885;23.987736;2;0;1;0;0;2022;8;1;19;Львів;Зіткнення автомобілів;Порушення проїзду перехресть
вівторок;Галицький;Свободи, просп.;наїзд на пішохода - на регульованому пішохідному переході;неочікуваний вихід на проїзну частину;2;49.840339;24.028022;0;0;2;0;0;2022;8;1;17;Львів;Наїзд на пішохода;Інше
п'ятниця;Сихівський;Червоної Калини, просп.;зіткнення бокове;порушення правил маневрування;2;49.798675;24.04925;1;0;1;0;0;2022;8;4;18;Львів;Зіткнення автомобілів;Порушення маневрування
п'ятниця;Франківський;Сахарова А., акад.;зіткнення бокове;перевищення безпечної швидкості, недодержання дистанції;3;49.830305;24.014348;2;0;1;0;0;2022;9;4;13;Львів;Зіткнення автомобілів;Перевищення швидкості
четвер;Франківський;Кульпарківська;зіткнення бокове;невиконання вимог сигналів регулювання;3;49.825404;23.989769;2;0;1;0;0;2022;9;3;20;Львів;Зіткнення автомобілів;Інше
вівторок;Галицький;Куліша П.;наїзд на пішохода - пішохід на тротуарі чи велосипедній доріжці;недодержання дистанції;2;49.848935;24.024337;1;0;1;0;0;2022;8;1;14;Львів;Наїзд на пішохода;Недотримання дистанції
субота;Залізничний;Городоцька;наїзд на велосипедиста - велосипедист рухався у попутному напрямку;невиконання вимог сигналів регулювання;2;49.825159;23.91082;1;0;1;0;0;2022;8;5;13;Львів;Наїзд на велосипедиста;Інше
вівторок;Залізничний;Виговського І.;наїзд на велосипедиста - велосипедист рухався у зустрічному напрямку;порушення правил маневрування;2;49.830533;23.968247;1;0;0;1;0;2022;8;1;7;Львів;Наїзд на велосипедиста;Порушення маневрування
середа;Личаківський;Пекарська;наїзд на пішохода - на нерегульованому пішохідному переході;недодержання дистанції;2;49.833848;24.052017;1;0;1;0;0;2022;8;2;9;Львів;Наїзд на пішохода;Недотримання дистанції