accidentDay;district;streetName;accidentType;mainAccidentCause;totalParticipantsAmount;latitude;longitude;Count_Без ушкоджень;Count_Загинув;Count_Легко травмований;Count_Тяжко травмований;Is_Intersection;Year;Month;DayOfWeek;Hour;settlement_grouped;Simple_Type;Simple_Cause
вівторок;Сихівський;Зелена;наїзд на інші види перешкод;перевищення безпечної швидкості, недодержання дистанції, керування транспортним засобом у нетверезому стані;2;49.784032;24.078104;0;0;2;0;0;2022;9;1;0;Львів;Наїзд на перешкоду;Перевищення швидкості
понеділок;Личаківський;Руставелі Ш.;зіткнення бокове;порушення правил маневрування;2;49.83336;24.035254;1;0;1;0;0;2022;8;0;9;Львів;Зіткнення автомобілів;Порушення маневрування
четвер;Галицький;Свободи, просп.;наїзд на пішохода - пішохід на тротуарі чи велосипедній доріжці;порушення правил маневрування;2;49.841293;24.027303;1;0;1;0;0;2022;8;3;14;Львів;Наїзд на пішохода;Порушення маневрування
неділя;Шевченківський;Стуса Василя;зіткнення бокове;порушення правил маневрування, недодержання дистанції, перевищення безпечної швидкості;5;49.88349;24.0751359;3;0;2;0;0;2022;9;6;16;Передмістя;Зіткнення автомобілів;Порушення маневрування
вівторок;Галицький;Дорошенка П.;наїзд на пішохода - на нерегульованому пішохідному переході;порушення правил проїзду пішохідних переходів;2;49.839913;24.02666;1;0;1;0;0;2022;8;1;13;Львів;Наїзд на пішохода;Порушення проїзду переходів
понеділок;Шевченківський;Чорновола В., просп.;падіння пасажира;порушення правил маневрування;1;49.865992;24.01651;0;0;1;0;0;2022;8;0;10;Львів;Падіння пасажира;Порушення маневрування
четвер;Галицький;Городоцька;наїзд на пішохода - на нерегульованому пішохідному переході;порушення правил проїзду пішохідних переходів;2;49.838616;24.008152;0;0;1;1;0;2022;8;3;15;Львів;Наїзд на пішохода;Порушення проїзду переходів
четвер;Сихівський;Стрийська;зіткнення бокове;недодержання дистанції, керування транспортним засобом у нетверезому стані;3;49.796748;24.016993;2;0;1;0;0;2022;8;3;22;Львів;Зіткнення автомобілів;Недотримання дистанції
вівторок;Сихівський;Пасічна;наїзд на пішохода - пішохід рухався у попутному напрямку;порушення правил маневрування;2;49.8069;24.063964;1;0;1;0;0;2022;9;1;19;Львів;Наїзд на пішохода;Порушення маневрування
четвер;Шевченківський;Липинського В.;наїзд на пішохода - на нерегульованому пішохідному переході;порушення правил проїзду пішохідних переходів;2;49.856233;24.019863;1;0;0;1;0;2022;8;3;18;Львів;Наїзд на пішохода;Порушення проїзду переходів
середа;Сихівський;Зубрівська;наїзд на пішохода - пішохід рухався у попутному напрямку;порушення правил маневрування;2;49.794126;24.06089;1;0;1;0;0;2022;8;2;13;Львів;Наїзд на пішохода;Порушення маневрування
понеділок;Сихівський;Буйка П., проф.;наїзд на велосипедиста - велосипедист рухався у попутному напрямку;перевищення безпечної швидкості, недодержання дистанції;2;49.809798;24.031187;1;1;0;0;0;2022;8;0;16;Львів;Наїзд на велосипедиста;Перевищення швидкості
середа;Сихівський;Зелена;зіткнення бокове;порушення правил маневрування;2;49.797866;24.071947;1;0;1;0;0;2022;8;2;19;Львів;Зіткнення автомобілів;Порушення маневрування
четвер;Личаківський;Богданівська;зіткнення бокове;перевищення безпечної швидкості, недодержання дистанції;5;49.855942;24.075159;4;0;1;0;0;2022;9;3;13;Львів;Зіткнення автомобілів;Перевищення швидкості
п'ятниця;Галицький;Менцинського М.;наїзд на пішохода - пішохід переходив дорогу поза межами піш.переходу;неочікуваний вихід на проїзну частину;2;49.842892;24.022143;1;0;1;0;0;2022;8;4;17;Львів;Наїзд на пішохода;Інше
четвер;Шевченківський;Замарстинівська;зіткнення бокове;порушення правил проїзду перехресть;3;49.870825;24.019386;1;0;2;0;0;2022;8;3;22;Львів;Зіткнення автомобілів;Порушення проїзду перехресть
неділя;Залізничний;Широка;наїзд на пішохода - на нерегульованому пішохідному переході;порушення правил проїзду пішохідних переходів;2;49.84266;23.959122;1;0;1;0;0;2022;8;6;11;Львів;Наїзд на пішохода;Порушення проїзду переходів
п'ятниця;Франківський;Кульпарківська;зіткнення бокове;невиконання вимог сигналів регулювання;3;49.825422;23.989795;2;0;1;0;0;2022;8;4;11;Львів;Зіткнення автомобілів;Інше
середа;Франківський;Нечуя-Левицького І.;наїзд на пішохода - на нерегульованому пішохідному переході;порушення правил маневрування;2;49.8324298;24.0179148;1;0;1;0;0;2022;8;2;13;Львів;Наїзд на пішохода;Порушення маневрування
понеділок;Шевченківський;Замарстинівська;наїзд на пішохода - на нерегульованому пішохідному переході;порушення правил маневрування;2;49.868709;24.023495;1;0;0;1;0;2022;8;0;16;Львів;Наїзд на пішохода;Порушення маневрування
середа;Залізничний;Любінська;зіткнення бокове;порушення правил маневрування;2;49.825128;23.979238;1;0;0;1;0;2022;9;2;19;Львів;Зіткнення автомобілів;Порушення маневрування
вівторок;Сихівський;Зелена;зіткнення бокове;перевищення безпечної швидкості, порушення правил проїзду перехресть;2;49.798632;24.070793;1;0;1;0;0;2022;8;1;13;Львів;Зіткнення автомобілів;Перевищення швидкості
середа;Залізничний;Городоцька;наїзд на пішохода - на нерегульованому пішохідному переході;порушення правил проїзду пішохідних переходів;2;49.831869;23.975124;1;0;0;1;0;2022;9;2;16;Львів;Наїзд на пішохода;Порушення проїзду переходів
неділя;Шевченківський;Шевченка Т.;наїзд на пішохода - пішохід рухався у попутному напрямку;порушення правил маневрування;2;49.852622;23.992145;1;0;1;0;0;2022;8;6;20;Львів;Наїзд на пішохода;Порушення маневрування
понеділок;Шевченківський;Промислова;наїзд на пішохода - пішохід на зупинці громадського транспорту;порушення правил маневрування;2;49.854472;24.040715;1;0;1;0;0;2022;8;0;10;Львів;Наїзд на пішохода;Порушення маневрування
вівторок;Франківський;Пулюя І.;наїзд на пішохода - пішохід переходив дорогу поза межами піш.переходу;неочікуваний вихід на проїзну частину;2;49.802406;23.985466;1;0;1;0;0;2022;9;1;8;Львів;Наїзд на пішохода;Інше
п'ятниця;Личаківський;Богданівська;наїзд на інші види перешкод;перевищення безпечної швидкості;3;49.845618;24.084789;0;0;3;0;0;2022;9;4;16;Львів;Наїзд на перешкоду;Перевищення швидкості
четвер;Шевченківський;Володимира Великого;зіткнення бокове;порушення правил маневрування;2;49.891801;24.090464;1;0;1;0;0;2022;8;3;16;Передмістя;Зіткнення автомобілів;Порушення маневрування
четвер;Личаківський;Пасічна;падіння пасажира;недодержання дистанції;3;49.835132;24.068223;2;0;1;0;0;2022;9;3;16;Львів;Падіння пасажира;Недотримання дистанції
субота;Шевченківський;Єрошенка В.;зіткнення бокове;недодержання дистанції;2;49.852762;24.003223;1;0;0;1;0;2022;8;5;19;Львів;Зіткнення автомобілів;Недотримання дистанції
п'ятниця;Сихівський;Зелена;падіння пасажира;порушення правил перевезення пасажирів;2;49.817552;24.059832;1;0;1;0;0;2022;8;4;13;Львів;Падіння пасажира;Інше
субота;Франківський;Рубчака І.;наїзд на пішохода - на нерегульованому пішохідному переході;перевищення безпечної швидкості;3;49.805768;24.014531;1;0;2;0;0;2022;8;5;19;Львів;Наїзд на пішохода;Перевищення швидкості
п'ятниця;Залізничний;Любінська;наїзд на пішохода - на регульованому пішохідному переході;перевищення безпечної швидкості;2;49.824966;23.978857;1;1;0;0;0;2022;9;4;16;Львів;Наїзд на пішохода;Перевищення швидкості
середа;Галицький;Городоцька;наїзд на пішохода - пішохід переходив дорогу поза межами піш.переходу;неочікуваний вихід на проїзну частину;2;49.839093;24.0093;1;0;1;0;0;2022;8;2;9;Львів;Наїзд на пішохода;Інше
понеділок;Галицький;Театральна;наїзд на пішохода - стояв на проїздній частині;порушення правил маневрування;2;49.843829;24.028403;1;0;1;0;0;2022;7;0;0;Львів;Наїзд на пішохода;Порушення маневрування
середа;Франківський;Городоцька;наїзд на інші види перешкод;порушення правил маневрування;1;49.831519;23.973284;0;0;1;0;0;2022;8;2;21;Львів;Наїзд на перешкоду;Порушення маневрування
понеділок;Франківський;Володимира Великого;наїзд на пішохода - пішохід рухався у попутному напрямку;порушення правил маневрування;2;49.810805;23.9959;1;0;1;0;0;2022;9;0;12;Львів;Наїзд на пішохода;Порушення маневрування
субота;Залізничний;Ярослава Мудрого;зіткнення бокове;порушення правил маневрування, порушення правил проїзду перехресть;2;49.840141;24.011918;1;0;1;0;0;2022;8;5;22;Львів;Зіткнення автомобілів;Порушення маневрування
неділя;Франківський;Володимира Великого;наїзд на пішохода - пішохід рухався у попутному напрямку;порушення правил маневрування;2;49.808011;24.000245;1;0;1;0;0;2022;9;6;15;Львів;Наїзд на пішохода;Порушення маневрування
вівторок;Франківський;Героїв Майдану;наїзд на дорожний знак, бордюрний камінь;недодержання дистанції, перевищення безпечної швидкості, керування транспортним засобом у нетверезому стані;2;49.828453;24.018747;1;0;1;0;0;2022;8;1;20;Львів;Наїзд на перешкоду;Перевищення швидкості
понеділок;Сихівський;Чукаріна В.;наїзд на пішохода - пішохід переходив дорогу поза межами піш.переходу;порушення правил маневрування;2;49.799678;24.043928;1;0;1;0;0;2022;8;0;20;Львів;Наїзд на пішохода;Порушення маневрування
вівторок;Сихівський;Стрийська;наїзд на пішохода - на регульованому пішохідному переході;невиконання вимог сигналів регулювання;2;49.797881;24.01695;1;0;1;0;0;2022;8;1;8;Львів;Наїзд на пішохода;Інше
неділя;Личаківський;Галицька;зіткнення бокове;порушення правил маневрування;2;49.817693;24.149355;1;1;0;0;0;2022;8;6;9;Передмістя;Зіткнення автомобілів;Порушення маневрування
четвер;Личаківський;Шімзерів;зіткнення бокове;порушення правил маневрування;2;49.834747;24.052044;1;0;1;0;0;2022;9;3;13;Львів;Зіткнення автомобілів;Порушення маневрування
середа;Сихівський;Вернадського В.;наїзд на пішохода - на нерегульованому пішохідному переході;порушення правил маневрування, керування транспортним засобом у нетверезому стані;2;49.787569;24.017579;1;0;1;0;0;2022;8;2;9;Львів;Наїзд на пішохода;Порушення маневрування
середа;Галицький;Руставелі Ш.;падіння пасажира;перевищення безпечної швидкості;2;49.829692;24.032255;1;0;0;1;0;2022;8;2;11;Львів;Падіння пасажира;Перевищення швидкості
середа;Шевченківський;Шевченка Т.;наїзд на інші види перешкод;перевищення безпечної швидкості;1;49.850813;23.992279;0;0;1;0;0;2022;8;2;21;Львів;Наїзд на перешкоду;Перевищення швидкості
п'ятниця;Шевченківський;Чорновола В., просп.;зіткнення бокове;недодержання дистанції;3;49.856634;24.021987;1;0;2;0;0;2022;8;4;19;Львів;Зіткнення автомобілів;Недотримання дистанції
понеділок;Личаківський;Галицька;наїзд на велосипедиста - велосипедист рухався у попутному напрямку;порушення правил маневрування, невиконання вимог сигналів регулювання, перевищення безпечної швидкості;2;49.817347;24.1409;1;0;1;0;0;2022;8;0;20;Передмістя;Наїзд на велосипедиста;Порушення маневрування
субота;Шевченківський;Брюховицька;наїзд на пішохода - пішохід рухався у попутному напрямку;недодержання дистанції;2;49.873765;23.951981;1;0;0;1;0;2022;8;5;7;Львів;Наїзд на пішохода;Недотримання дистанції
середа;Личаківський;"Бобанича Т. ""Хаммера""";наїзд на пішохода - на нерегульованому пішохідному переході;порушення правил маневрування;2;49.842439;24.040672;1;0;1;0;0;2022;8;2;14;Львів;Наїзд на пішохода;Порушення маневрування
середа;Сихівський;Антоненка-Давидовича Б.;зіткнення бокове;керування транспортним засобом у нетверезому стані, невиконання вимог сигналів регулювання, порушення правил проїзду перехресть;4;49.79295;24.065128;3;0;1;0;0;2022;8;2;23;Львів;Зіткнення автомобілів;Порушення проїзду перехресть
неділя;Залізничний;Виговського І.;зіткнення бокове;перевищення безпечної швидкості;3;49.813045;23.977983;0;0;2;1;0;2022;7;6;17;Львів;Зіткнення автомобілів;Перевищення швидкості
четвер;Галицький;Кривоноса М.;зіткнення бокове;порушення правил проїзду перехресть;2;49.846534;24.041294;1;0;1;0;0;2022;8;3;7;Львів;Зіткнення автомобілів;Порушення проїзду перехресть
п'ятниця;Залізничний;Кульпарківська;наїзд на пішохода - пішохід рухався у попутному напрямку;порушення правил маневрування;2;49.812484;23.98353;1;0;1;0;0;2022;9;4;12;Львів;Наїзд на пішохода;Порушення маневрування
п'ятниця;Сихівський;Червоної Калини, просп.;наїзд на дорожне огородження;порушення правил маневрування;1;49.811812;24.0458;0;0;0;1;0;2022;8;4;15;Львів;Наїзд на перешкоду;Порушення маневрування
вівторок;Залізничний;Щирецька;наїзд на пішохода - пішохід на тротуарі чи велосипедній доріжці;порушення правил маневрування;2;49.809555;23.97837;1;0;0;1;0;2022;8;1;17;Львів;Наїзд на пішохода;Порушення маневрування
понеділок;Сихівський;Вернадського В.;наїзд на пішохода - пішохід рухався у попутному напрямку;перехід у невстановленому місці;2;49.784544;24.057355;1;0;1;0;0;2022;8;0;17;Львів;Наїзд на пішохода;Інше
неділя;Галицький;Городоцька;наїзд на пішохода - пішохід рухався у попутному напрямку;порушення правил маневрування;2;49.843338;24.023103;1;0;1;0;0;2022;8;6;20;Львів;Наїзд на пішохода;Порушення маневрування
середа;Шевченківський;Хмельницького Б.;зіткнення бокове;порушення правил проїзду перехресть, керування транспортним засобом у нетверезому стані;2;49.873235;24.052489;0;0;2;0;0;2022;8;2;22;Львів;Зіткнення автомобілів;Порушення проїзду перехресть
неділя;Франківський;Княгині Ольги;зіткнення бокове;перевищення безпечної швидкості, виїзд на смугу зустрічного руху;3;49.809929;23.999822;1;0;1;1;0;2022;8;6;21;Львів;Зіткнення автомобілів;Перевищення швидкості
четвер;Сихівський;Зелена;наїзд на інші види перешкод;порушення правил маневрування;1;49.801246;24.06508;0;0;1;0;0;2022;8;3;22;Львів;Наїзд на перешкоду;Порушення маневрування
четвер;Франківський;Володимира Великого;падіння пасажира;перевищення безпечної швидкості;2;49.810677;23.999371;1;0;1;0;0;2022;8;3;23;Львів;Падіння пасажира;Перевищення швидкості
вівторок;Залізничний;Кульпарківська;наїзд на пішохода - на нерегульованому пішохідному переході;порушення правил маневрування;2;49.8062446;23.9815224;1;0;1;0;0;2022;9;1;17;Львів;Наїзд на пішохода;Порушення маневрування
середа;Галицький;Свободи, просп.;падіння пасажира;порушення правил маневрування;2;49.844068;24.02667;1;0;1;0;0;2022;9;2;16;Львів;Падіння пасажира;Порушення маневрування
вівторок;Сихівський;Зелена;зіткнення бокове;перевищення безпечної швидкості;2;49.806947;24.062246;1;0;1;0;0;2022;8;1;16;Львів;Зіткнення автомобілів;Перевищення швидкості
п'ятниця;Франківський;Княгині Ольги;зіткнення бокове;виїзд на смугу зустрічного руху;2;49.806931;23.999065;1;0;1;0;0;2022;9;4;22;Львів;Зіткнення автомобілів;Інше
середа;Сихівський;Зелена;наїзд на пішохода - пішохід рухався у попутному напрямку;недодержання дистанції;2;49.807468;24.061571;1;0;1;0;0;2022;8;2;17;Львів;Наїзд на пішохода;Недотримання дистанції
вівторок;Галицький;Данила Галицького, пл.;наїзд на пішохода - пішохід рухався у попутному напрямку;неочікуваний вихід на проїзну частину, перехід у невстановленому місці;2;49.844462;24.032255;1;0;1;0;0;2022;8;1;9;Львів;Наїзд на пішохода;Інше
субота;Личаківський;Хмельницького Б.;зіткнення бокове;порушення правил маневрування;3;49.87411;24.061003;0;0;3;0;0;2022;7;5;13;Львів;Зіткнення автомобілів;Порушення маневрування
середа;Галицький;Кропивницького М., пл.;наїзд на пішохода - пішохід рухався у попутному напрямку;порушення правил маневрування;2;49.83721;24.005423;1;0;1;0;0;2022;11;2;10;Львів;Наїзд на пішохода;Порушення маневрування
четвер;Залізничний;Курмановича В., ген.;наїзд на пішохода - на нерегульованому пішохідному переході;порушення правил проїзду пішохідних переходів;2;49.830481;23.952159;1;0;1;0;0;2022;11;3;17;Львів;Наїзд на пішохода;Порушення проїзду переходів
вівторок;Галицький;Вітовського Д.;наїзд на пішохода - на нерегульованому пішохідному переході;порушення правил проїзду перехресть;2;49.830173;24.023886;1;0;1;0;0;2022;10;1;12;Львів;Наїзд на пішохода;Порушення проїзду перехресть
середа;Залізничний;Любінська;наїзд на пішохода - пішохід рухався у попутному напрямку;порушення правил маневрування;2;49.82177;23.972095;1;0;0;1;0;2022;10;2;19;Львів;Наїзд на пішохода;Порушення маневрування
п'ятниця;Залізничний;Сяйво;наїзд на пішохода - пішохід рухався у попутному напрямку;порушення правил проїзду пішохідних переходів;2;49.844874;23.980408;1;0;1;0;0;2022;11;4;17;Львів;Наїзд на пішохода;Порушення проїзду переходів
середа;Сихівський;Зелена;наїзд на пішохода - на нерегульованому пішохідному переході;порушення правил проїзду пішохідних переходів;2;49.81175;24.060965;1;0;0;1;0;2022;11;2;23;Львів;Наїзд на пішохода;Порушення проїзду переходів
п'ятниця;Шевченківський;Замарстинівська;зіткнення;порушення правил маневрування;2;49.870941;24.019046;1;0;1;0;0;2022;11;4;12;Львів;Зіткнення автомобілів;Порушення маневрування
вівторок;Сихівський;Святого Івана Павла ІІ, просп.;наїзд на пішохода - пішохід рухався у попутному напрямку;недодержання дистанції;2;49.799148;24.034503;1;0;1;0;0;2022;11;1;13;Львів;Наїзд на пішохода;Недотримання дистанції
понеділок;Галицький;Міцкевича А., пл.;наїзд на пішохода - пішохід рухався у попутному напрямку;перевищення безпечної швидкості, недодержання дистанції;2;49.839423;24.030402;1;0;1;0;0;2022;11;0;11;Львів;Наїзд на пішохода;Перевищення швидкості
понеділок;Личаківський;Глинянський Тракт;наїзд на пішохода - пішохід рухався у попутному напрямку;перехід у невстановленому місці;2;49.836643;24.072011;1;1;0;0;0;2022;11;0;19;Львів;Наїзд на пішохода;Інше
понеділок;Галицький;Гавришкевича С.;наїзд на пішохода - пішохід рухався у попутному напрямку;порушення правил маневрування;2;49.844268;24.030456;1;0;1;0;0;2022;10;0;15;Львів;Наїзд на пішохода;Порушення маневрування
середа;Шевченківський;Варшавська;наїзд на пішохода - на нерегульованому пішохідному переході;невиконання вимог сигналів регулювання, порушення правил проїзду пішохідних переходів;2;49.855112;24.014397;1;0;0;1;0;2022;11;2;19;Львів;Наїзд на пішохода;Порушення проїзду переходів
п'ятниця;Личаківський;Пластова;зіткнення бокове;порушення правил маневрування;2;49.862862;24.067896;1;0;1;0;0;2022;11;4;6;Львів;Зіткнення автомобілів;Порушення маневрування
середа;Галицький;Гуцульська;наїзд на пішохода - на нерегульованому пішохідному переході;порушення правил проїзду пішохідних переходів;2;49.844667;24.038697;1;0;0;1;0;2022;11;2;15;Львів;Наїзд на пішохода;Порушення проїзду переходів
субота;Сихівський;Сихівська;зіткнення бокове;порушення правил маневрування;5;49.794532;24.064125;3;0;2;0;0;2022;10;5;22;Львів;Зіткнення автомобілів;Порушення маневрування
п'ятниця;Сихівський;Сихівська;наїзд на пішохода - пішохід рухався у попутному напрямку;порушення правил маневрування;2;49.795187;24.064264;1;0;1;0;0;2022;11;4;12;Львів;Наїзд на пішохода;Порушення маневрування
п'ятниця;Сихівський;Стрийська;наїзд на пішохода - на нерегульованому пішохідному переході;порушення правил проїзду пішохідних переходів;2;49.801277;24.017991;1;0;0;1;0;2022;11;4;23;Львів;Наїзд на пішохода;Порушення проїзду переходів
п'ятниця;Личаківський;Тершаковців;наїзд на пішохода - на регульованому пішохідному переході;порушення правил проїзду пішохідних переходів;2;49.835256;24.04065;1;0;1;0;0;2022;11;4;8;Львів;Наїзд на пішохода;Порушення проїзду переходів
середа;Личаківський;Личаківська;наїзд на пішохода - на нерегульованому пішохідному переході;порушення правил проїзду пішохідних переходів;2;49.839861;24.040001;1;1;0;0;0;2022;11;2;19;Львів;Наїзд на пішохода;Порушення проїзду переходів
субота;Шевченківський;Мазепи І., гетьм.;наїзд на пішохода - на нерегульованому пішохідному переході;порушення правил проїзду перехресть;2;49.871717;24.039148;1;0;1;0;0;2022;10;5;21;Львів;Наїзд на пішохода;Порушення проїзду перехресть
субота;Галицький;Вітовського Д.;наїзд на дерево;недодержання дистанції;1;49.831256;24.019611;0;0;1;0;0;2022;11;5;23;Львів;Наїзд на перешкоду;Недотримання дистанції
вівторок;Франківський;Княгині Ольги;наїзд на пішохода - пішохід рухався у попутному напрямку;порушення правил маневрування;2;49.805128;23.998057;1;0;1;0;0;2022;11;1;6;Львів;Наїзд на пішохода;Порушення маневрування
четвер;Галицький;Руставелі Ш.;наїзд на пішохода - на нерегульованому пішохідному переході;порушення правил проїзду пішохідних переходів;2;49.829931;24.032711;1;0;1;0;0;2022;11;3;18;Львів;Наїзд на пішохода;Порушення проїзду переходів
середа;Залізничний;Городоцька;наїзд на пішохода - на нерегульованому пішохідному переході;порушення правил проїзду пішохідних переходів;3;49.822591;23.924274;2;0;0;1;0;2022;11;2;19;Львів;Наїзд на пішохода;Порушення проїзду переходів
субота;Сихівський;Угорська;зіткнення бокове;порушення правил маневрування;1;49.813194;24.037555;0;0;1;0;0;2022;11;5;17;Львів;Зіткнення автомобілів;Порушення маневрування
четвер;Франківський;Героїв Майдану;наїзд на пішохода - на регульованому пішохідному переході;порушення правил маневрування;2;49.832204;24.018431;1;0;1;0;0;2022;11;3;7;Львів;Наїзд на пішохода;Порушення маневрування
п'ятниця;Галицький;Бандери С.;наїзд на інші види перешкод;керування транспортним засобом у нетверезому стані, перевищення безпечної швидкості;1;49.834682;24.019053;0;0;1;0;0;2022;11;4;13;Львів;Наїзд на перешкоду;Перевищення швидкості
понеділок;Шевченківський;Долинського Л.;наїзд на транспортний засіб, що стоїть - по ходу руху;порушення правил маневрування, невиконання вимог сигналів регулювання, недодержання дистанції;2;49.85083;24.027894;1;0;1;0;0;2022;10;0;17;Львів;Інше;Порушення маневрування
п'ятниця;Сихівський;Стрийська;зіткнення бокове;недодержання дистанції;3;49.814682;24.019847;2;0;1;0;0;2022;10;4;14;Львів;Зіткнення автомобілів;Недотримання дистанції
середа;Галицький;Городоцька;наїзд на пішохода - на нерегульованому пішохідному переході;перевищення безпечної швидкості;2;49.838259;24.007182;1;0;0;1;0;2022;11;2;6;Львів;Наїзд на пішохода;Перевищення швидкості
понеділок;Личаківський;Галицька;падіння пасажира;порушення правил маневрування;1;49.816233;24.129919;0;0;0;1;0;2022;11;0;20;Передмістя;Падіння пасажира;Порушення маневрування
четвер;Залізничний;Виговського І.;наїзд на пішохода - пішохід рухався у попутному напрямку;порушення правил маневрування;1;49.815149;23.974201;0;0;1;0;0;2022;11;3;10;Львів;Наїзд на пішохода;Порушення маневрування
неділя;Залізничний;Широка;наїзд на пішохода - пішохід рухався у попутному напрямку;порушення правил маневрування;2;49.8424;23.976578;1;0;1;0;0;2022;10;6;22;Львів;Наїзд на пішохода;Порушення маневрування
понеділок;Франківський;Грабянки Г.;зіткнення бокове;порушення правил маневрування;2;49.817136;23.995986;1;0;1;0;0;2022;10;0;19;Львів;Зіткнення автомобілів;Порушення маневрування
п'ятниця;Галицький;Зелена;наїзд на пішохода - пішохід переходив дорогу поза межами піш.переходу;неочікуваний вихід на проїзну частину;2;49.821556;24.055129;1;0;1;0;0;2022;11;4;12;Львів;Наїзд на пішохода;Інше
п'ятниця;Сихівський;Сихівська;наїзд на пішохода - пішохід рухався у попутному напрямку;перевищення безпечної швидкості, порушення правил проїзду пішохідних переходів;2;49.796118;24.062687;1;0;1;0;0;2022;11;4;11;Львів;Наїзд на пішохода;Перевищення швидкості
понеділок;Франківський;Наукова;зіткнення бокове;порушення правил маневрування;3;49.804038;23.996209;2;0;1;0;0;2022;10;0;15;Львів;Зіткнення автомобілів;Порушення маневрування
середа;Галицький;Кримська;наїзд на пішохода - пішохід переходив дорогу поза межами піш.переходу;порушення правил проїзду пішохідних переходів;2;49.824565;24.04978;1;0;1;0;0;2022;10;2;12;Львів;Наїзд на пішохода;Порушення проїзду переходів
субота;Шевченківський;Щурата В.;перекидання тз;перевищення безпечної швидкості;1;49.8808257;24.0330358;0;0;1;0;0;2022;11;5;14;Львів;Перекидання;Перевищення швидкості
п'ятниця;Личаківський;Хмельницького Б.;наїзд на пішохода - пішохід рухався у попутному напрямку;порушення правил проїзду пішохідних переходів;2;49.863371;24.053761;1;0;1;0;0;2022;11;4;13;Львів;Наїзд на пішохода;Порушення проїзду переходів
понеділок;Шевченківський;Варшавська;наїзд на пішохода - на нерегульованому пішохідному переході;порушення правил проїзду пішохідних переходів;3;49.855094;24.014444;1;0;1;1;0;2022;10;0;7;Львів;Наїзд на пішохода;Порушення проїзду переходів
п'ятниця;Сихівський;Дністерcька;наїзд на пішохода - на регульованому пішохідному переході;порушення правил маневрування, порушення правил проїзду пішохідних переходів, керування транспортним засобом у нетверезому стані;2;49.817131;24.053237;1;1;0;0;0;2022;10;4;16;Львів;Наїзд на пішохода;Порушення маневрування
вівторок;Шевченківський;Мазепи І., гетьм.;наїзд на пішохода - пішохід переходив дорогу поза межами піш.переходу;порушення правил маневрування;2;49.87058;24.032067;1;1;0;0;0;2022;11;1;7;Львів;Наїзд на пішохода;Порушення маневрування
четвер;Франківський;Наукова;наїзд на пішохода - на нерегульованому пішохідному переході;порушення правил проїзду пішохідних переходів;2;49.804833;23.987317;1;0;0;1;0;2022;11;3;19;Львів;Наїзд на пішохода;Порушення проїзду переходів
вівторок;Шевченківський;Чорновола В., просп.;зіткнення бокове;порушення правил маневрування;2;49.860155;24.019584;1;0;0;1;0;2022;11;1;9;Львів;Зіткнення автомобілів;Порушення маневрування
вівторок;Шевченківський;Грінченка Б.;наїзд на пішохода - пішохід рухався у попутному напрямку;порушення правил маневрування;2;49.87143;24.053455;1;0;0;1;0;2022;11;1;7;Львів;Наїзд на пішохода;Порушення маневрування
субота;Франківський;Володимира Великого;наїзд на пішохода - на регульованому пішохідному переході;порушення правил проїзду пішохідних переходів;2;49.810203;24.002316;1;0;1;0;0;2022;11;5;12;Львів;Наїзд на пішохода;Порушення проїзду переходів
п'ятниця;Залізничний;Городоцька;наїзд на пішохода - стояв на проїздній частині;неочікуваний вихід на проїзну частину;2;49.829156;23.959857;1;0;1;0;0;2022;11;4;7;Львів;Наїзд на пішохода;Інше
п'ятниця;Шевченківський;Промислова;наїзд на пішохода - на нерегульованому пішохідному переході;порушення правил проїзду пішохідних переходів;2;49.8607695;24.0436929;1;0;1;0;0;2022;11;4;18;Львів;Наїзд на пішохода;Порушення проїзду переходів
неділя;Сихівський;Пимоненка М.;наїзд на пішохода - пішохід рухався у попутному напрямку;порушення правил маневрування;2;49.809123;24.061298;1;0;1;0;0;2022;11;6;22;Львів;Наїзд на пішохода;Порушення маневрування
середа;Франківський;Антоновича В.;наїзд на пішохода - пішохід рухався у попутному напрямку;порушення правил маневрування, порушення правил проїзду пішохідних переходів;2;49.825934;23.990981;1;0;1;0;0;2022;10;2;19;Львів;Наїзд на пішохода;Порушення маневрування
неділя;Личаківський;Хмельницького Б.;зіткнення бокове;порушення правил маневрування;1;49.864073;24.0525;0;0;1;0;0;2022;11;6;17;Львів;Зіткнення автомобілів;Порушення маневрування
неділя;Личаківський;Хмельницького Б.;зіткнення бокове;керування транспортним засобом у нетверезому стані, недодержання дистанції;2;49.82052;24.1127;1;0;1;0;0;2022;11;6;0;Передмістя;Зіткнення автомобілів;Недотримання дистанції