accidentDay;district;streetName;accidentType;mainAccidentCause;totalParticipantsAmount;latitude;longitude;Count_Без ушкоджень;Count_Загинув;Count_Легко травмований;Count_Тяжко травмований;Is_Intersection;Year;Month;DayOfWeek;Hour;settlement_grouped;Simple_Type;Simple_Cause
четвер;Шевченківський;Львівська;зіткнення бокове;порушення правил проїзду перехресть;3;49.891595;23.979467;2;0;1;0;0;2022;11;3;8;Передмістя;Зіткнення автомобілів;Порушення проїзду перехресть
четвер;Сихівський;Зелена;зіткнення бокове;неочікуваний вихід на проїзну частину;2;49.817147;24.060616;1;0;1;0;0;2022;11;3;19;Львів;Зіткнення автомобілів;Інше
четвер;Франківський;Горбачевського І.;наїзд на пішохода - на нерегульованому пішохідному переході;порушення правил проїзду пішохідних переходів;2;49.829277;24.008635;1;0;1;0;0;2022;11;3;18;Львів;Наїзд на пішохода;Порушення проїзду переходів
вівторок;Франківський;Опільського Ю.;наїзд на пішохода - на нерегульованому пішохідному переході;порушення правил проїзду пішохідних переходів;2;49.834339;24.003947;0;0;2;0;0;2022;11;1;18;Львів;Наїзд на пішохода;Порушення проїзду переходів
субота;Сихівський;Святого Івана Павла ІІ, просп.;наїзд на пішохода - на нерегульованому пішохідному переході;порушення правил проїзду пішохідних переходів;2;49.80189;24.018103;1;0;1;0;0;2022;10;5;9;Львів;Наїзд на пішохода;Порушення проїзду переходів
п'ятниця;Залізничний;Гніздовського Я.;наїзд на пішохода - пішохід рухався у попутному напрямку;порушення правил проїзду пішохідних переходів;2;49.838847;23.969657;1;0;1;0;0;2022;11;4;17;Львів;Наїзд на пішохода;Порушення проїзду переходів
четвер;Сихівський;Стуса В.;наїзд на пішохода - на нерегульованому пішохідному переході;неочікуваний вихід на проїзну частину, недодержання дистанції;3;49.818708;24.042066;2;0;1;0;0;2022;11;3;14;Львів;Наїзд на пішохода;Недотримання дистанції
понеділок;Залізничний;Виговського І.;наїзд на пішохода - пішохід переходив дорогу поза межами піш.переходу;порушення правил маневрування;2;49.829903;23.968198;1;1;0;0;0;2022;10;0;10;Львів;Наїзд на пішохода;Порушення маневрування
четвер;Залізничний;Гніздовського Я.;наїзд на пішохода - на нерегульованому пішохідному переході;порушення правил маневрування;2;49.839953;23.969484;1;0;0;1;0;2022;11;3;16;Львів;Наїзд на пішохода;Порушення маневрування
вівторок;Франківський;Городоцька;зіткнення бокове;перевищення безпечної швидкості, порушення правил маневрування;6;49.834132;23.987993;5;0;1;0;0;2022;10;1;8;Львів;Зіткнення автомобілів;Порушення маневрування
субота;Сихівський;Зелена;зіткнення бокове;порушення правил маневрування;2;49.800401;24.067376;1;0;0;1;0;2022;10;5;14;Львів;Зіткнення автомобілів;Порушення маневрування
середа;Шевченківський;Нова;наїзд на інші види перешкод;перевищення безпечної швидкості, керування транспортним засобом у нетверезому стані;2;49.896601;24.019383;1;0;0;1;0;2022;11;2;20;Передмістя;Наїзд на перешкоду;Перевищення швидкості
середа;Залізничний;Садова;наїзд на пішохода - на нерегульованому пішохідному переході;порушення правил проїзду пішохідних переходів;2;49.822245;23.983744;1;0;1;0;0;2022;10;2;8;Львів;Наїзд на пішохода;Порушення проїзду переходів
понеділок;Франківський;Городоцька;наїзд на пішохода - на нерегульованому пішохідному переході;порушення правил проїзду пішохідних переходів;2;49.83554;23.995889;1;0;0;1;0;2022;11;0;7;Львів;Наїзд на пішохода;Порушення проїзду переходів
понеділок;Франківський;Героїв Упа;зіткнення бокове;порушення правил маневрування;5;49.828668;23.991469;2;0;3;0;0;2022;11;0;19;Львів;Зіткнення автомобілів;Порушення маневрування
понеділок;Залізничний;Левандівська;наїзд на пішохода - на нерегульованому пішохідному переході;порушення правил проїзду перехресть, перевищення безпечної швидкості, недодержання дистанції;2;49.844767;23.984781;1;0;0;1;0;2022;11;0;17;Львів;Наїзд на пішохода;Перевищення швидкості
вівторок;Залізничний;Збиральна;наїзд на транспортний засіб, що стоїть - по ходу руху;недодержання дистанції, керування транспортним засобом у нетверезому стані;1;49.825;23.917472;0;0;1;0;0;2022;11;1;19;Львів;Інше;Недотримання дистанції
субота;Залізничний;Любінська;зіткнення бокове;порушення правил маневрування, порушення правил проїзду перехресть;3;49.824093;23.977312;2;0;1;0;0;2022;10;5;13;Львів;Зіткнення автомобілів;Порушення маневрування
субота;Залізничний;Кульпарківська;наїзд на пішохода - на нерегульованому пішохідному переході;порушення правил проїзду пішохідних переходів;2;49.821404;23.988653;1;0;1;0;0;2022;11;5;20;Львів;Наїзд на пішохода;Порушення проїзду переходів
неділя;Личаківський;Студентська;наїзд на пішохода - на регульованому пішохідному переході;порушення правил проїзду пішохідних переходів;2;49.829242;24.045521;1;0;0;1;0;2022;11;6;12;Львів;Наїзд на пішохода;Порушення проїзду переходів
четвер;Франківський;Ісаєвича Я., акад.;наїзд на пішохода - пішохід рухався у попутному напрямку;неочікуваний вихід на проїзну частину;2;49.820982;24.004768;1;0;1;0;0;2022;11;3;16;Львів;Наїзд на пішохода;Інше
п'ятниця;Залізничний;Городоцька;перекидання тз;перевищення безпечної швидкості;2;49.835284;23.994302;0;0;2;0;0;2022;10;4;13;Львів;Перекидання;Перевищення швидкості
субота;Шевченківський;Миколайчука І.;наїзд на пішохода - на регульованому пішохідному переході;порушення правил маневрування, порушення правил проїзду пішохідних переходів;2;49.872246;24.042286;1;0;1;0;0;2022;11;5;12;Львів;Наїзд на пішохода;Порушення маневрування
неділя;Личаківський;Пасічна;наїзд на опори (леп, телефонних та телеграфних ліній, рекламоносіїв, щогли антен мобільного зв'язку, тощо);порушення правил маневрування;2;49.823169;24.074961;1;0;1;0;0;2022;11;6;14;Львів;Інше;Порушення маневрування
субота;Шевченківський;Шевченка Т.;зіткнення бокове;порушення правил маневрування;3;49.863381;23.962319;2;0;1;0;0;2022;11;5;15;Львів;Зіткнення автомобілів;Порушення маневрування
понеділок;Сихівський;Стрийська;зіткнення бокове;порушення правил маневрування;3;49.794245;24.016478;2;0;1;0;0;2022;10;0;15;Львів;Зіткнення автомобілів;Порушення маневрування
п'ятниця;Залізничний;Городоцька;наїзд на інші види перешкод;порушення правил маневрування;1;49.828851;23.95827;0;0;1;0;0;2022;11;4;12;Львів;Наїзд на перешкоду;Порушення маневрування
понеділок;Залізничний;Сяйво;наїзд на пішохода - на нерегульованому пішохідному переході;порушення правил проїзду пішохідних переходів;2;49.837045;23.978541;1;0;1;0;0;2022;11;0;11;Львів;Наїзд на пішохода;Порушення проїзду переходів
понеділок;Личаківський;Шімзерів;наїзд на пішохода - на нерегульованому пішохідному переході;перевищення безпечної швидкості, недодержання дистанції;2;49.834689;24.052649;1;0;0;1;0;2022;11;0;19;Львів;Наїзд на пішохода;Перевищення швидкості
вівторок;Залізничний;Широка;наїзд на пішохода - пішохід переходив дорогу поза межами піш.переходу;порушення правил маневрування;2;49.842421;23.976604;1;1;0;0;0;2022;10;1;20;Львів;Наїзд на пішохода;Порушення маневрування
середа;Франківський;Кульпарківська;наїзд на пішохода - пішохід переходив дорогу поза межами піш.переходу;перехід у невстановленому місці;2;49.818819;23.987793;1;0;1;0;0;2022;2;2;18;Львів;Наїзд на пішохода;Інше
п'ятниця;Сихівський;Гашека Я.;наїзд на пішохода - на регульованому пішохідному переході;порушення правил маневрування;2;49.797306;24.021118;1;0;1;0;0;2022;3;4;16;Львів;Наїзд на пішохода;Порушення маневрування
четвер;Франківський;Симоненка В.;наїзд на пішохода - пішохід на тротуарі чи велосипедній доріжці;порушення правил маневрування;2;49.810269;23.988036;1;0;1;0;0;2022;1;3;13;Львів;Наїзд на пішохода;Порушення маневрування
середа;Галицький;Свободи, просп.;наїзд на пішохода - пішохід переходив дорогу поза межами піш.переходу;перехід у невстановленому місці;2;49.839484;24.029079;1;0;1;0;0;2022;2;2;9;Львів;Наїзд на пішохода;Інше
вівторок;Личаківський;Соборності;перекидання тз;перевищення безпечної швидкості, керування транспортним засобом у нетверезому стані;1;49.811866;24.14342;0;0;1;0;0;2022;2;1;13;Передмістя;Перекидання;Перевищення швидкості
п'ятниця;Залізничний;Кульпарківська;наїзд на пішохода - пішохід рухався у попутному напрямку;порушення правил проїзду пішохідних переходів;2;49.821442;23.988562;1;0;1;0;0;2022;2;4;8;Львів;Наїзд на пішохода;Порушення проїзду переходів
п'ятниця;Залізничний;Любінська;наїзд на пішохода - на регульованому пішохідному переході;порушення правил проїзду пішохідних переходів;2;49.820656;23.968978;1;0;1;0;0;2022;2;4;18;Львів;Наїзд на пішохода;Порушення проїзду переходів
вівторок;Галицький;Городоцька;наїзд на пішохода - стояв на проїздній частині;порушення правил маневрування;2;49.842034;24.016854;1;0;1;0;0;2022;1;1;10;Львів;Наїзд на пішохода;Порушення маневрування
субота;Галицький;Свободи, просп.;зіткнення бокове;порушення правил маневрування;3;49.841193;24.027411;2;0;1;0;0;2022;2;5;4;Львів;Зіткнення автомобілів;Порушення маневрування
субота;Шевченківський;Шевченка Т.;наїзд на пішохода - пішохід переходив дорогу поза межами піш.переходу;неочікуваний вихід на проїзну частину;2;49.860829;23.968209;1;0;0;1;0;2022;1;5;5;Львів;Наїзд на пішохода;Інше
четвер;Франківський;Кульпарківська;зіткнення бокове;порушення правил проїзду перехресть;2;49.828855;23.990182;1;0;1;0;0;2022;2;3;9;Львів;Зіткнення автомобілів;Порушення проїзду перехресть
четвер;Личаківський;Личаківська;зіткнення бокове;порушення правил проїзду перехресть;2;49.839906;24.041626;1;0;1;0;0;2022;2;3;17;Львів;Зіткнення автомобілів;Порушення проїзду перехресть
понеділок;Шевченківський;Дублянська;зіткнення бокове;невиконання вимог сигналів регулювання;3;49.911357;24.053868;2;0;1;0;0;2022;1;0;14;Передмістя;Зіткнення автомобілів;Інше
середа;Галицький;Зелена;наїзд на пішохода - пішохід рухався у попутному напрямку;перевищення безпечної швидкості, пішохід у нетверезому стані, пішоходи невиконання вимог сигналів регулювання;2;49.82356;24.052076;1;0;1;0;0;2022;2;2;20;Львів;Наїзд на пішохода;Перевищення швидкості
п'ятниця;Сихівський;Червоної Калини, просп.;наїзд на пішохода - пішохід переходив дорогу поза межами піш.переходу;перехід у невстановленому місці;2;49.785916;24.057505;1;0;1;0;0;2022;1;4;20;Львів;Наїзд на пішохода;Інше
п'ятниця;Галицький;Городоцька;наїзд на пішохода - пішохід рухався у попутному напрямку;невиконання вимог сигналів регулювання;2;49.837612;24.005942;1;0;1;0;0;2022;2;4;4;Львів;Наїзд на пішохода;Інше
п'ятниця;Сихівський;Сихівська;наїзд на пішохода - на регульованому пішохідному переході;порушення правил проїзду перехресть;2;49.794608;24.064409;1;0;1;0;0;2022;2;4;23;Львів;Наїзд на пішохода;Порушення проїзду перехресть
п'ятниця;Сихівський;Дністерcька;наїзд на пішохода - пішохід переходив дорогу поза межами піш.переходу;порушення правил маневрування;2;49.81689;24.052044;1;0;1;0;0;2022;2;4;16;Львів;Наїзд на пішохода;Порушення маневрування
понеділок;Франківський;Стрийська;зіткнення бокове;недодержання дистанції;4;49.807626;24.018512;3;0;1;0;0;2022;3;0;19;Львів;Зіткнення автомобілів;Недотримання дистанції
п'ятниця;Франківський;Кульпарківська;наїзд на пішохода - на нерегульованому пішохідному переході;порушення правил маневрування, порушення правил проїзду пішохідних переходів;2;49.831685;23.990761;1;0;1;0;0;2022;2;4;18;Львів;Наїзд на пішохода;Порушення маневрування
четвер;Залізничний;Бортнянського Д.;падіння пасажира;порушення правил перевезення пасажирів;2;49.845492;24.002217;1;0;1;0;0;2022;1;3;18;Львів;Падіння пасажира;Інше
неділя;Галицький;Свободи, просп.;наїзд на пішохода - на нерегульованому пішохідному переході;порушення правил проїзду пішохідних переходів;2;49.843798;24.026847;1;0;1;0;0;2022;1;6;0;Львів;Наїзд на пішохода;Порушення проїзду переходів
субота;Галицький;Чорновола В., просп.;зіткнення бокове;перевищення безпечної швидкості;4;49.847406;24.025581;3;0;1;0;0;2022;2;5;20;Львів;Зіткнення автомобілів;Перевищення швидкості
четвер;Галицький;Городоцька;наїзд на пішохода - на нерегульованому пішохідному переході;порушення правил проїзду пішохідних переходів;2;49.845178;24.020759;1;0;1;0;0;2022;2;3;16;Львів;Наїзд на пішохода;Порушення проїзду переходів
п'ятниця;Залізничний;Роксоляни;наїзд на пішохода - пішохід переходив дорогу поза межами піш.переходу;недодержання дистанції;2;49.846645;23.962035;1;0;1;0;0;2022;2;4;20;Львів;Наїзд на пішохода;Недотримання дистанції
вівторок;Залізничний;Кульпарківська;зіткнення бокове;недодержання дистанції;3;49.812328;23.983648;2;0;1;0;0;2022;3;1;13;Львів;Зіткнення автомобілів;Недотримання дистанції
середа;Шевченківський;Незалежності України;зіткнення бокове;перевищення безпечної швидкості;2;49.903936;23.939638;1;0;1;0;0;2022;2;2;8;Передмістя;Зіткнення автомобілів;Перевищення швидкості
четвер;Шевченківський;Липинського В.;зіткнення бокове;перевищення безпечної швидкості, невиконання вимог сигналів регулювання;3;49.863557;24.033279;2;0;1;0;0;2022;2;3;6;Львів;Зіткнення автомобілів;Перевищення швидкості
четвер;Личаківський;Митна, пл.;зіткнення бокове;порушення правил маневрування, керування транспортним засобом у нетверезому стані;3;49.839325;24.03609;1;0;2;0;0;2022;2;3;1;Львів;Зіткнення автомобілів;Порушення маневрування
п'ятниця;Личаківський;Глинянський Тракт;перекидання тз;перевищення безпечної швидкості;2;49.841994;24.144136;0;1;0;1;0;2022;1;4;1;Передмістя;Перекидання;Перевищення швидкості
вівторок;Франківський;Перфецького Л.;зіткнення;порушення правил маневрування;2;49.815001;23.985699;1;0;1;0;0;2022;2;1;16;Львів;Зіткнення автомобілів;Порушення маневрування
середа;Франківський;Наукова;наїзд на пішохода - пішохід рухався у попутному напрямку;порушення правил маневрування;2;49.804684;24.001817;1;0;1;0;0;2022;2;2;15;Львів;Наїзд на пішохода;Порушення маневрування
середа;Шевченківський;Шевченка Т.;зіткнення бокове;невиконання вимог сигналів регулювання;2;49.868321;23.951365;1;0;1;0;0;2022;1;2;19;Львів;Зіткнення автомобілів;Інше
четвер;Залізничний;Городоцька;зіткнення бокове;перевищення безпечної швидкості;11;49.834751;23.991378;3;0;8;0;0;2022;1;3;14;Львів;Зіткнення автомобілів;Перевищення швидкості
неділя;Залізничний;Бортнянського Д.;наїзд на пішохода - на регульованому пішохідному переході;порушення правил проїзду пішохідних переходів, порушення правил маневрування;2;49.845275;24.001999;1;0;1;0;0;2022;2;6;17;Львів;Наїзд на пішохода;Порушення маневрування
четвер;Галицький;Шпитальна;наїзд на пішохода - на регульованому пішохідному переході;недодержання дистанції;2;49.844725;24.021832;1;0;1;0;0;2022;2;3;12;Львів;Наїзд на пішохода;Недотримання дистанції
середа;Личаківський;Лисеницька;наїзд на пішохода - пішохід переходив дорогу поза межами піш.переходу;порушення правил маневрування;2;49.816326;24.08305;1;0;1;0;0;2022;2;2;18;Львів;Наїзд на пішохода;Порушення маневрування
четвер;Галицький;Ярослава Мудрого;наїзд на пішохода - пішохід рухався у попутному напрямку;порушення правил проїзду перехресть, порушення правил маневрування;2;49.840342;24.012106;1;0;1;0;0;2022;2;3;20;Львів;Наїзд на пішохода;Порушення маневрування
четвер;Шевченківський;Київська;наїзд на пішохода - пішохід рухався у попутному напрямку;порушення правил маневрування;2;49.883796;24.075422;1;0;1;0;0;2022;6;3;22;Передмістя;Наїзд на пішохода;Порушення маневрування
вівторок;Шевченківський;Липинського В.;наїзд на пішохода - пішохід на тротуарі чи велосипедній доріжці;порушення правил маневрування;2;49.864816;24.040146;1;0;1;0;0;2022;6;1;19;Львів;Наїзд на пішохода;Порушення маневрування
четвер;Сихівський;Стрийська;наїзд на велосипедиста - поза межами велосипедної доріжки;порушення правил маневрування;2;49.801883;24.018039;1;1;0;0;0;2022;6;3;11;Львів;Наїзд на велосипедиста;Порушення маневрування
понеділок;Шевченківський;Миколайчука І.;перекидання тз;перевищення безпечної швидкості;1;49.880652;24.033957;0;0;1;0;0;2022;7;0;19;Львів;Перекидання;Перевищення швидкості
субота;Шевченківський;Невідомо;наїзд на інші види перешкод;порушення правил маневрування;1;49.920449;24.161081;0;0;1;0;0;2022;7;5;22;Передмістя;Наїзд на перешкоду;Порушення маневрування
вівторок;Залізничний;Галицька;наїзд на пішохода - стояв на проїздній частині;порушення правил зупинки і стоянки транспортного засобу;1;49.839301;23.858952;0;0;0;1;0;2022;7;1;17;Передмістя;Наїзд на пішохода;Інше
п'ятниця;Франківський;Кульпарківська;наїзд на пішохода - пішохід переходив дорогу поза межами піш.переходу;перехід у невстановленому місці, неочікуваний вихід на проїзну частину;2;49.834194;23.990868;1;0;1;0;0;2022;7;4;12;Львів;Наїзд на пішохода;Інше
неділя;Личаківський;Пасічна;наїзд на інші види перешкод;порушення правил маневрування;1;49.818549;24.076589;0;0;1;0;0;2022;7;6;23;Львів;Наїзд на перешкоду;Порушення маневрування
п'ятниця;Франківський;Кульпарківська;зіткнення бокове;недодержання дистанції, порушення правил маневрування;2;49.825404;23.989769;1;0;1;0;0;2022;7;4;22;Львів;Зіткнення автомобілів;Порушення маневрування
понеділок;Галицький;Святого Юра, пл.;наїзд на транспортний засіб, що стоїть - по ходу руху;порушення правил маневрування, перевищення безпечної швидкості;2;49.837329;24.012498;1;0;1;0;0;2022;7;0;11;Львів;Інше;Порушення маневрування
субота;Шевченківський;Львівська;зіткнення бокове;порушення правил проїзду перехресть;3;49.88952;24.089708;1;1;1;0;0;2022;6;5;20;Передмістя;Зіткнення автомобілів;Порушення проїзду перехресть
вівторок;Шевченківський;Липинського В.;наїзд на пішохода - на нерегульованому пішохідному переході;порушення правил проїзду пішохідних переходів;2;49.856233;24.019858;1;0;1;0;0;2022;7;1;13;Львів;Наїзд на пішохода;Порушення проїзду переходів
понеділок;Галицький;Костюшка Т.;наїзд на пішохода - на нерегульованому пішохідному переході;порушення правил проїзду пішохідних переходів;2;49.839169;24.02534;1;0;1;0;0;2022;7;0;18;Львів;Наїзд на пішохода;Порушення проїзду переходів
субота;Залізничний;Городоцька;наїзд на пішохода - пішохід на тротуарі чи велосипедній доріжці;порушення правил маневрування;2;49.830789;23.970226;1;0;1;0;0;2022;7;5;14;Львів;Наїзд на пішохода;Порушення маневрування
четвер;Сихівський;Стрийська;зіткнення бокове;невиконання вимог сигналів регулювання, перевищення встановленої швидкості;2;49.79537;24.016655;1;0;0;1;0;2022;7;3;19;Львів;Зіткнення автомобілів;Перевищення швидкості
п'ятниця;Личаківський;Личаківська;зіткнення бокове;порушення правил маневрування;2;49.840653;24.046889;1;0;1;0;0;2022;6;4;17;Львів;Зіткнення автомобілів;Порушення маневрування
субота;Личаківський;Митна, пл.;падіння пасажира;порушення правил маневрування;1;49.839408;24.035747;0;0;1;0;0;2022;6;5;10;Львів;Падіння пасажира;Порушення маневрування
середа;Сихівський;Хоткевича Г.;падіння пасажира;порушення правил маневрування;1;49.798345;24.039073;0;0;1;0;0;2022;6;2;8;Львів;Падіння пасажира;Порушення маневрування
середа;Личаківський;Богданівська;зіткнення бокове;порушення правил маневрування;3;49.855458;24.075637;2;0;0;1;0;2022;6;2;16;Львів;Зіткнення автомобілів;Порушення маневрування
неділя;Сихівський;Мирного Панаса;наїзд на велосипедиста - велосипедист рухався у попутному напрямку;порушення правил маневрування;2;49.814897;24.032464;1;0;1;0;0;2022;6;6;18;Львів;Наїзд на велосипедиста;Порушення маневрування
вівторок;Шевченківський;Львівська;зіткнення бокове;перевищення безпечної швидкості;3;49.904109;23.960248;0;0;3;0;0;2022;6;1;17;Передмістя;Зіткнення автомобілів;Перевищення швидкості
понеділок;Залізничний;Кульпарківська;зіткнення бокове;порушення правил проїзду перехресть;2;49.806658;23.979186;1;0;1;0;0;2022;6;0;13;Львів;Зіткнення автомобілів;Порушення проїзду перехресть
п'ятниця;Личаківський;Водогінна;наїзд на пішохода - пішохід рухався у попутному напрямку;порушення правил маневрування;2;49.827664;24.044668;1;0;1;0;0;2022;7;4;16;Львів;Наїзд на пішохода;Порушення маневрування
п'ятниця;Галицький;Свободи, просп.;падіння пасажира;перевищення безпечної швидкості, недодержання дистанції, керування транспортним засобом у нетверезому стані;2;49.84128;24.027293;1;0;1;0;0;2022;6;4;21;Львів;Падіння пасажира;Перевищення швидкості
вівторок;Шевченківський;Замарстинівська;наїзд на пішохода - на нерегульованому пішохідному переході;порушення правил проїзду пішохідних переходів;3;49.870158;24.020834;2;0;1;0;0;2022;7;1;12;Львів;Наїзд на пішохода;Порушення проїзду переходів
неділя;Сихівський;Стрийська;наїзд на дерево;перевищення безпечної швидкості;2;49.805297;24.018769;1;0;1;0;0;2022;6;6;4;Львів;Наїзд на перешкоду;Перевищення швидкості
вівторок;Личаківський;Пекарська;наїзд на пішохода - пішохід на тротуарі чи велосипедній доріжці;недодержання дистанції;2;49.837315;24.042855;1;0;1;0;0;2022;7;1;7;Львів;Наїзд на пішохода;Недотримання дистанції
середа;Шевченківський;Київська;зіткнення бокове;порушення правил маневрування, перевищення безпечної швидкості;2;49.889343;24.089016;1;0;1;0;0;2022;7;2;17;Передмістя;Зіткнення автомобілів;Порушення маневрування
субота;Залізничний;Широка;наїзд на пішохода - на нерегульованому пішохідному переході;перевищення безпечної швидкості, порушення правил проїзду пішохідних переходів, керування транспортним засобом у нетверезому стані;3;49.842;23.9591;1;0;2;0;0;2022;6;5;20;Львів;Наїзд на пішохода;Перевищення швидкості
п'ятниця;Галицький;Шевченка Т.;зіткнення бокове;невиконання вимог сигналів регулювання, порушення правил проїзду перехресть;2;49.843082;24.014965;1;0;1;0;0;2022;6;4;18;Львів;Зіткнення автомобілів;Порушення проїзду перехресть
п'ятниця;Шевченківський;Липинського В.;зіткнення лобове;порушення правил проїзду пішохідних переходів;2;49.864868;24.040993;1;0;1;0;0;2022;7;4;19;Львів;Зіткнення автомобілів;Порушення проїзду переходів
середа;Галицький;Городоцька;наїзд на пішохода - на нерегульованому пішохідному переході;порушення правил маневрування, порушення правил проїзду перехресть;2;49.843054;24.021022;1;0;1;0;0;2022;6;2;20;Львів;Наїзд на пішохода;Порушення маневрування
четвер;Франківський;Княгині Ольги;наїзд на інші види перешкод;порушення правил маневрування;1;49.824955;24.00848;0;0;1;0;0;2022;7;3;21;Львів;Наїзд на перешкоду;Порушення маневрування
четвер;Франківський;Наукова;зіткнення бокове;порушення правил маневрування;5;49.802621;24.011747;2;0;2;1;0;2022;6;3;20;Львів;Зіткнення автомобілів;Порушення маневрування
п'ятниця;Шевченківський;Торф'яна;наїзд на пішохода - на нерегульованому пішохідному переході;порушення правил проїзду пішохідних переходів;2;49.861431;24.026595;1;0;1;0;0;2022;6;4;18;Львів;Наїзд на пішохода;Порушення проїзду переходів
неділя;Личаківський;Пекарська;наїзд на пішохода - пішохід переходив дорогу поза межами піш.переходу;перевищення безпечної швидкості;2;49.836446;24.045934;1;0;1;0;0;2022;6;6;12;Львів;Наїзд на пішохода;Перевищення швидкості
неділя;Галицький;Університетська;наїзд на пішохода - пішохід на тротуарі чи велосипедній доріжці;порушення правил маневрування;2;49.839954;24.022095;1;0;1;0;0;2022;6;6;19;Львів;Наїзд на пішохода;Порушення маневрування
вівторок;Личаківський;Галицька;зіткнення бокове;порушення правил маневрування;2;49.817794;24.130558;1;0;1;0;0;2022;7;1;19;Передмістя;Зіткнення автомобілів;Порушення маневрування
вівторок;Сихівський;Червоної Калини, просп.;зіткнення бокове;недодержання дистанції;2;49.810227;24.046605;1;0;1;0;0;2022;7;1;23;Львів;Зіткнення автомобілів;Недотримання дистанції
понеділок;Личаківський;Центнерівка;наїзд на пішохода - пішохід рухався у попутному напрямку;невиконання вимог сигналів регулювання, недодержання дистанції;2;49.834252;24.062449;1;0;1;0;0;2022;7;0;17;Львів;Наїзд на пішохода;Недотримання дистанції
середа;Франківський;Кульпарківська;зіткнення бокове;порушення правил проїзду перехресть;2;49.825366;23.989811;1;0;0;1;0;2022;7;2;12;Львів;Зіткнення автомобілів;Порушення проїзду перехресть
понеділок;Галицький;Шпитальна;зіткнення бокове;перевищення безпечної швидкості;3;49.845282;24.020319;2;0;1;0;0;2022;7;0;21;Львів;Зіткнення автомобілів;Перевищення швидкості
п'ятниця;Франківський;Княгині Ольги;наїзд на пішохода - на нерегульованому пішохідному переході;недодержання дистанції;2;49.823583;24.006948;1;0;1;0;0;2022;7;4;16;Львів;Наїзд на пішохода;Недотримання дистанції
субота;Франківський;Кульпарківська;наїзд на пішохода - пішохід рухався у попутному напрямку;невиконання вимог сигналів регулювання;2;49.802763;23.980708;1;0;1;0;0;2022;7;5;22;Львів;Наїзд на пішохода;Інше
четвер;Галицький;Озаркевича Є.;наїзд на пішохода - пішохід рухався у зустрічному напрямку;невиконання вимог сигналів регулювання;2;49.839317;24.011276;1;0;1;0;0;2022;7;3;13;Львів;Наїзд на пішохода;Інше
п'ятниця;Личаківський;Пасічна;наїзд на пішохода - пішохід на тротуарі чи велосипедній доріжці;порушення правил маневрування;2;49.832132;24.067011;1;0;1;0;0;2022;7;4;20;Львів;Наїзд на пішохода;Порушення маневрування
субота;Сихівський;Зелена;наїзд на пішохода - на нерегульованому пішохідному переході;порушення правил проїзду пішохідних переходів;2;49.806583;24.06252;1;0;1;0;0;2022;6;5;15;Львів;Наїзд на пішохода;Порушення проїзду переходів
середа;Галицький;Бандери С.;наїзд на пішохода - на нерегульованому пішохідному переході;порушення правил маневрування, невиконання вимог сигналів регулювання, перевищення безпечної швидкості;2;49.834723;24.016757;1;0;1;0;0;2022;6;2;10;Львів;Наїзд на пішохода;Порушення маневрування
четвер;Залізничний;Виговського І.;наїзд на велосипедиста - велосипедист рухався у попутному напрямку;недодержання дистанції;2;49.81322;23.9771;1;0;1;0;0;2022;6;3;17;Львів;Наїзд на велосипедиста;Недотримання дистанції
понеділок;Галицький;Зелена;наїзд на дорожний знак, бордюрний камінь;перевищення безпечної швидкості;1;49.824633;24.049748;0;0;1;0;0;2022;7;0;5;Львів;Наїзд на перешкоду;Перевищення швидкості
четвер;Залізничний;Городоцька;зіткнення бокове;порушення правил проїзду перехресть;2;49.830398;23.97242;1;0;1;0;0;2022;7;3;16;Львів;Зіткнення автомобілів;Порушення проїзду перехресть
четвер;Залізничний;Кульпарківська;наїзд на велосипедиста - велосипедист рухався у попутному напрямку;порушення правил маневрування;2;49.80502;23.981196;1;0;1;0;0;2022;6;3;10;Львів;Наїзд на велосипедиста;Порушення маневрування
вівторок;Шевченківський;Замарстинівська;наїзд на пішохода - на нерегульованому пішохідному переході;порушення правил проїзду пішохідних переходів;2;49.861247;24.026729;1;0;1;0;0;2022;6;1;19;Львів;Наїзд на пішохода;Порушення проїзду переходів
четвер;Залізничний;Широка;наїзд на транспортний засіб, що стоїть - по ходу руху;перевищення безпечної швидкості;2;49.841812;23.971822;1;0;1;0;0;2022;7;3;18;Львів;Інше;Перевищення швидкості
вівторок;Сихівський;Морозна;наїзд на пішохода - стояв на проїздній частині;перевищення безпечної швидкості, недодержання дистанції;2;49.796582;24.069757;1;0;1;0;0;2022;7;1;19;Львів;Наїзд на пішохода;Перевищення швидкості