accidentDay;district;streetName;accidentType;mainAccidentCause;totalParticipantsAmount;latitude;longitude;Count_Без ушкоджень;Count_Загинув;Count_Легко травмований;Count_Тяжко травмований;Is_Intersection;Year;Month;DayOfWeek;Hour;settlement_grouped;Simple_Type;Simple_Cause
четвер;Сихівський;Мирного Панаса;зіткнення лобове;перевищення безпечної швидкості;2;49.814443;24.034;1;0;1;0;0;2022;12;3;14;Львів;Зіткнення автомобілів;Перевищення швидкості
п'ятниця;Залізничний;Виговського І.;падіння пасажира;порушення правил маневрування;2;49.813511;23.977149;1;0;1;0;0;2022;12;4;13;Львів;Падіння пасажира;Порушення маневрування
середа;Личаківський;Хмельницького Б.;наїзд на пішохода - пішохід рухався у попутному напрямку;порушення правил маневрування;2;49.866161;24.05573;1;0;1;0;0;2022;11;2;17;Львів;Наїзд на пішохода;Порушення маневрування
четвер;Шевченківський;Миколайчука І.;наїзд на пішохода - на нерегульованому пішохідному переході;порушення правил проїзду пішохідних переходів;2;49.875883;24.041004;1;0;1;0;0;2022;12;3;17;Львів;Наїзд на пішохода;Порушення проїзду переходів
п'ятниця;Шевченківський;Липинського В.;зіткнення бокове;керування транспортним засобом у нетверезому стані, перевищення безпечної швидкості;3;49.865062;24.050531;0;0;3;0;0;2022;12;4;23;Львів;Зіткнення автомобілів;Перевищення швидкості
вівторок;Личаківський;Хмельницького Б.;наїзд на пішохода - на нерегульованому пішохідному переході;порушення правил маневрування;2;49.865746;24.054453;1;0;1;0;0;2022;12;1;18;Львів;Наїзд на пішохода;Порушення маневрування
п'ятниця;Шевченківський;Липинського В.;зіткнення з задньою частиною тз;недодержання дистанції;6;49.860148;24.026864;2;0;4;0;0;2022;12;4;11;Львів;Зіткнення автомобілів;Недотримання дистанції
вівторок;Шевченківський;Мазепи І., гетьм.;наїзд на пішохода - на нерегульованому пішохідному переході;перевищення безпечної швидкості, порушення правил проїзду пішохідних переходів;2;49.872488;24.035897;1;0;0;1;0;2022;12;1;17;Львів;Наїзд на пішохода;Перевищення швидкості
четвер;Личаківський;Личаківська;наїзд на пішохода - пішохід рухався у попутному напрямку;порушення правил маневрування, керування транспортним засобом у нетверезому стані;2;49.832803;24.090641;1;0;1;0;0;2022;12;3;22;Львів;Наїзд на пішохода;Порушення маневрування
п'ятниця;Галицький;Галицька;падіння пасажира;порушення правил перевезення пасажирів;2;49.840345;24.031445;1;0;1;0;0;2022;12;4;12;Львів;Падіння пасажира;Інше
середа;Личаківський;Петрушевича Є., пл.;наїзд на пішохода - пішохід рухався у попутному напрямку;порушення правил маневрування;2;49.832758;24.036691;1;0;1;0;0;2022;12;2;20;Львів;Наїзд на пішохода;Порушення маневрування
середа;Залізничний;Городоцька;наїзд на пішохода - на нерегульованому пішохідному переході;недодержання дистанції;2;49.835367;23.994795;1;0;0;1;0;2022;12;2;13;Львів;Наїзд на пішохода;Недотримання дистанції
неділя;Личаківський;Глинянський Тракт;наїзд на пішохода - на нерегульованому пішохідному переході;порушення правил проїзду пішохідних переходів;2;49.842296;24.103174;1;0;1;0;0;2022;12;6;18;Львів;Наїзд на пішохода;Порушення проїзду переходів
четвер;Залізничний;Любінська;зіткнення бокове;порушення правил маневрування;2;49.8241;23.977286;1;0;0;1;0;2022;12;3;20;Львів;Зіткнення автомобілів;Порушення маневрування
середа;Залізничний;Любінська;наїзд на пішохода - пішохід рухався у попутному напрямку;перехід у невстановленому місці;2;49.822913;23.974764;1;1;0;0;0;2022;11;2;18;Львів;Наїзд на пішохода;Інше
четвер;Залізничний;Любінська;наїзд на пішохода - пішохід рухався у попутному напрямку;невиконання вимог сигналів регулювання;3;49.823709;23.97588;1;0;2;0;0;2022;12;3;8;Львів;Наїзд на пішохода;Інше
четвер;Галицький;Франка І.;наїзд на пішохода - пішохід рухався у попутному напрямку;порушення правил проїзду пішохідних переходів;2;49.827024;24.033322;1;0;1;0;0;2022;12;3;17;Львів;Наїзд на пішохода;Порушення проїзду переходів
середа;Шевченківський;Чорновола В., просп.;наїзд на пішохода - на нерегульованому пішохідному переході;неочікуваний вихід на проїзну частину;2;49.858024;24.021006;1;0;0;1;0;2022;11;2;18;Львів;Наїзд на пішохода;Інше
четвер;Личаківський;Польова;наїзд на пішохода - пішохід рухався у попутному напрямку;неочікуваний вихід на проїзну частину;2;49.8557;24.063642;1;0;1;0;0;2022;12;3;18;Львів;Наїзд на пішохода;Інше
четвер;Шевченківський;Чорновола В., просп.;наїзд на пішохода - пішохід рухався у попутному напрямку;порушення правил маневрування;2;49.863865;24.017653;1;1;0;0;0;2022;12;3;9;Львів;Наїзд на пішохода;Порушення маневрування
четвер;Шевченківський;Незалежності України;наїзд на велосипедиста - велосипедист рухався у зустрічному напрямку;невиконання вимог сигналів регулювання;2;49.902026;23.941489;1;0;1;0;0;2022;12;3;16;Передмістя;Наїзд на велосипедиста;Інше
четвер;Залізничний;Виговського І.;наїзд на пішохода - пішохід рухався у попутному напрямку;порушення правил проїзду пішохідних переходів;2;49.816686;23.972919;1;0;1;0;0;2022;12;3;7;Львів;Наїзд на пішохода;Порушення проїзду переходів
четвер;Шевченківський;Брюховицька;зіткнення бокове;перевищення безпечної швидкості, недодержання дистанції;4;49.872146;23.960758;0;0;1;3;0;2022;12;3;20;Львів;Зіткнення автомобілів;Перевищення швидкості
неділя;Залізничний;Городоцька;наїзд на пішохода - пішохід переходив дорогу поза межами піш.переходу;перехід у невстановленому місці;2;49.837692;24.005599;1;0;1;0;0;2022;12;6;19;Львів;Наїзд на пішохода;Інше
середа;Сихівський;Зелена;зіткнення бокове;порушення правил маневрування;2;49.8;24.068121;1;0;1;0;0;2022;12;2;12;Львів;Зіткнення автомобілів;Порушення маневрування
п'ятниця;Залізничний;Мазепи І.;наїзд на пішохода - на регульованому пішохідному переході;порушення правил проїзду пішохідних переходів;2;49.834426;23.891208;1;1;0;0;0;2022;12;4;6;Передмістя;Наїзд на пішохода;Порушення проїзду переходів
неділя;Галицький;Дорошенка П.;зіткнення бокове;невиконання вимог сигналів регулювання, порушення правил проїзду перехресть, порушення правил утримання автодоріг та вулиць;3;49.838152;24.023522;1;0;2;0;0;2022;12;6;4;Львів;Зіткнення автомобілів;Порушення проїзду перехресть
субота;Сихівський;Червоної Калини, просп.;зіткнення бокове;недодержання дистанції;2;49.799082;24.049052;1;0;1;0;0;2022;12;5;14;Львів;Зіткнення автомобілів;Недотримання дистанції
понеділок;Шевченківський;Шевченка Т.;зіткнення бокове;недодержання дистанції;4;49.865494;23.957893;2;0;2;0;0;2022;12;0;9;Львів;Зіткнення автомобілів;Недотримання дистанції
понеділок;Шевченківський;Шевченка Т.;наїзд на пішохода - на нерегульованому пішохідному переході;порушення правил проїзду пішохідних переходів, перевищення безпечної швидкості;2;49.868416;23.951118;1;0;0;1;0;2022;12;0;23;Львів;Наїзд на пішохода;Перевищення швидкості
п'ятниця;Шевченківський;Липинського В.;наїзд на пішохода - пішохід рухався у попутному напрямку;перехід у невстановленому місці;2;49.865027;24.050993;1;0;1;0;0;2022;12;4;6;Львів;Наїзд на пішохода;Інше
п'ятниця;Франківський;Кульпарківська;наїзд на велосипедиста - велосипедист рухався у попутному напрямку;недодержання дистанції;2;49.815007;23.985665;1;0;1;0;0;2022;12;4;20;Львів;Наїзд на велосипедиста;Недотримання дистанції
п'ятниця;Личаківський;Галицька;наїзд на пішохода - пішохід рухався у попутному напрямку;неочікуваний вихід на проїзну частину;2;49.817178;24.141759;1;0;0;1;0;2022;12;4;19;Передмістя;Наїзд на пішохода;Інше
п'ятниця;Галицький;Городоцька;наїзд на пішохода - на нерегульованому пішохідному переході;порушення правил проїзду пішохідних переходів;2;49.844331;24.025399;1;0;0;1;0;2022;12;4;19;Львів;Наїзд на пішохода;Порушення проїзду переходів
середа;Залізничний;Виговського І.;падіння пасажира;перевищення безпечної швидкості;2;49.813218;23.977607;1;0;1;0;0;2022;12;2;15;Львів;Падіння пасажира;Перевищення швидкості
понеділок;Шевченківський;Хмельницького Б.;наїзд на пішохода - на нерегульованому пішохідному переході;порушення правил маневрування;2;49.851993;24.032249;1;0;1;0;0;2022;12;0;18;Львів;Наїзд на пішохода;Порушення маневрування
субота;Личаківський;Винна гора;зіткнення бокове;порушення правил проїзду перехресть;3;49.823318;24.136974;1;0;2;0;0;2022;12;5;19;Передмістя;Зіткнення автомобілів;Порушення проїзду перехресть
середа;Сихівський;Зелена;наїзд на пішохода - на нерегульованому пішохідному переході;перевищення безпечної швидкості;3;49.796045;24.073218;1;0;0;2;0;2022;12;2;18;Львів;Наїзд на пішохода;Перевищення швидкості
субота;Личаківський;Петрушевича Є., пл.;наїзд на пішохода - пішохід переходив дорогу поза межами піш.переходу;перехід у невстановленому місці;2;49.832623;24.035103;1;0;1;0;0;2022;12;5;11;Львів;Наїзд на пішохода;Інше
четвер;Залізничний;Авіаційна;наїзд на пішохода - пішохід рухався у попутному напрямку;порушення правил маневрування;2;49.825228;23.940346;1;0;1;0;0;2022;12;3;9;Львів;Наїзд на пішохода;Порушення маневрування
середа;Сихівський;Угорська;наїзд на пішохода - пішохід рухався у попутному напрямку;перевищення безпечної швидкості, порушення правил маневрування;2;49.810258;24.046213;1;0;1;0;0;2022;12;2;21;Львів;Наїзд на пішохода;Порушення маневрування
субота;Сихівський;Червоної Калини, просп.;зіткнення бокове;порушення правил маневрування;2;49.81364;24.045838;1;0;1;0;0;2022;12;5;23;Львів;Зіткнення автомобілів;Порушення маневрування
неділя;Шевченківський;Мазепи І., гетьм.;наїзд на пішохода - пішохід рухався у попутному напрямку;порушення правил маневрування;2;49.870984;24.040296;1;0;1;0;0;2022;12;6;13;Львів;Наїзд на пішохода;Порушення маневрування
п'ятниця;Залізничний;Городоцька;наїзд на пішохода - на нерегульованому пішохідному переході;порушення правил проїзду пішохідних переходів;2;49.831156;23.971251;1;1;0;0;0;2022;12;4;17;Львів;Наїзд на пішохода;Порушення проїзду переходів
четвер;Шевченківський;Величковського І.;наїзд на пішохода - пішохід рухався у зустрічному напрямку;порушення правил маневрування;2;49.874794;23.928845;1;0;1;0;0;2022;12;3;8;Львів;Наїзд на пішохода;Порушення маневрування
п'ятниця;Сихівський;Навроцького В.;наїзд на пішохода - лежав на дорозі;порушення правил маневрування;2;49.8113;24.048064;1;1;0;0;0;2022;12;4;23;Львів;Наїзд на пішохода;Порушення маневрування
п'ятниця;Сихівський;Червоної Калини, просп.;падіння пасажира;порушення правил перевезення пасажирів;2;49.798345;24.049394;1;0;1;0;0;2022;12;4;14;Львів;Падіння пасажира;Інше
п'ятниця;Личаківський;Пасічна;зіткнення бокове;порушення правил проїзду перехресть;4;49.821736;24.075395;3;0;1;0;0;2022;12;4;16;Львів;Зіткнення автомобілів;Порушення проїзду перехресть
четвер;Личаківський;Китайська;зіткнення бокове;порушення правил маневрування, порушення правил проїзду перехресть;3;49.821746;24.075336;1;0;2;0;0;2022;12;3;13;Львів;Зіткнення автомобілів;Порушення маневрування
субота;Сихівський;Зубрівська;зіткнення бокове;порушення правил маневрування;2;49.799799;24.064168;1;0;1;0;0;2022;12;5;17;Львів;Зіткнення автомобілів;Порушення маневрування
субота;Залізничний;Щирецька;наїзд на пішохода - пішохід рухався у попутному напрямку;порушення правил маневрування;2;49.811217;23.974936;1;0;0;1;0;2022;12;5;19;Львів;Наїзд на пішохода;Порушення маневрування
субота;Шевченківський;Львівська;наїзд на пішохода - пішохід рухався у попутному напрямку;недодержання дистанції, порушення правил маневрування;2;49.889817;24.09084;1;0;1;0;0;2022;12;5;18;Передмістя;Наїзд на пішохода;Порушення маневрування
вівторок;Шевченківський;Хмельницького Б.;наїзд на інші види перешкод;перевищення безпечної швидкості;1;49.876758;24.063411;0;0;1;0;0;2022;12;1;18;Львів;Наїзд на перешкоду;Перевищення швидкості
субота;Залізничний;Городоцька;наїзд на пішохода - пішохід рухався у попутному напрямку;порушення правил маневрування;3;49.828924;23.958467;2;0;1;0;0;2022;12;5;20;Львів;Наїзд на пішохода;Порушення маневрування
середа;Шевченківський;Плужника Є.;наїзд на пішохода - пішохід переходив дорогу поза межами піш.переходу;перехід у невстановленому місці;2;49.86408;24.009762;1;0;1;0;0;2022;12;2;13;Львів;Наїзд на пішохода;Інше
четвер;Залізничний;Городоцька;наїзд на пішохода - на нерегульованому пішохідному переході;порушення правил проїзду пішохідних переходів;2;49.82475;23.910027;1;0;0;1;0;2022;12;3;17;Львів;Наїзд на пішохода;Порушення проїзду переходів
вівторок;Личаківський;Кільцева;наїзд на інші види перешкод;порушення правил маневрування;1;49.812872;24.157734;0;0;1;0;0;2022;12;1;17;Передмістя;Наїзд на перешкоду;Порушення маневрування
четвер;Шевченківський;Лінкольна А.;наїзд на пішохода - пішохід рухався у попутному напрямку;неочікуваний вихід на проїзну частину;2;49.865473;24.031144;1;0;0;1;0;2022;12;3;17;Львів;Наїзд на пішохода;Інше
понеділок;Шевченківський;Хмельницького Б.;наїзд на пішохода - пішохід переходив дорогу поза межами піш.переходу;перехід у невстановленому місці;2;49.85367;24.04087;1;0;1;0;0;2022;12;0;17;Львів;Наїзд на пішохода;Інше
четвер;Франківський;Бандери С.;наїзд на пішохода - пішохід рухався у попутному напрямку;порушення правил проїзду пішохідних переходів;2;49.83454;24.010368;1;0;1;0;0;2022;12;3;12;Львів;Наїзд на пішохода;Порушення проїзду переходів
понеділок;Залізничний;Низинна;наїзд на пішохода - пішохід рухався у попутному напрямку;порушення правил маневрування;2;49.840245;23.971208;1;0;1;0;0;2022;12;0;17;Львів;Наїзд на пішохода;Порушення маневрування
понеділок;Галицький;Замарстинівська;наїзд на пішохода - пішохід рухався у попутному напрямку;порушення правил маневрування;2;49.847686;24.028119;1;0;1;0;0;2022;12;0;17;Львів;Наїзд на пішохода;Порушення маневрування
середа;Франківський;Володимира Великого;наїзд на пішохода - на нерегульованому пішохідному переході;порушення правил маневрування;2;49.812854;23.984506;1;0;0;1;0;2022;12;2;14;Львів;Наїзд на пішохода;Порушення маневрування
четвер;Сихівський;Червоної Калини, просп.;наїзд на пішохода - на нерегульованому пішохідному переході;порушення правил проїзду пішохідних переходів;2;49.783398;24.059409;1;0;0;1;0;2022;12;3;18;Львів;Наїзд на пішохода;Порушення проїзду переходів
субота;Шевченківський;Миколайчука І.;наїзд на пішохода - пішохід переходив дорогу поза межами піш.переходу;перехід у невстановленому місці;2;49.872229;24.042243;1;0;0;1;0;2022;12;5;9;Львів;Наїзд на пішохода;Інше
вівторок;Франківський;Бандери С.;наїзд на пішохода - на нерегульованому пішохідному переході;порушення правил проїзду пішохідних переходів;2;49.834723;24.010389;1;0;1;0;0;2022;11;1;13;Львів;Наїзд на пішохода;Порушення проїзду переходів
вівторок;Шевченківський;Варшавська;наїзд на пішохода - пішохід переходив дорогу поза межами піш.переходу;порушення правил проїзду перехресть;2;49.859425;24.009601;1;0;1;0;0;2022;12;1;11;Львів;Наїзд на пішохода;Порушення проїзду перехресть
середа;Сихівський;Святого Івана Павла ІІ, просп.;зіткнення бокове;порушення правил маневрування;3;49.799273;24.034953;2;0;1;0;0;2022;12;2;12;Львів;Зіткнення автомобілів;Порушення маневрування
вівторок;Франківський;Стрийська;наїзд на пішохода - на нерегульованому пішохідному переході;порушення правил проїзду пішохідних переходів;2;49.787797;24.01471;1;0;1;0;0;2022;11;1;9;Львів;Наїзд на пішохода;Порушення проїзду переходів
субота;Шевченківський;Львівська;наїзд на опори (леп, телефонних та телеграфних ліній, рекламоносіїв, щогли антен мобільного зв'язку, тощо);перевищення безпечної швидкості, керування транспортним засобом у нетверезому стані;1;49.892251;24.100902;0;0;1;0;0;2022;12;5;21;Передмістя;Інше;Перевищення швидкості
середа;Шевченківський;Хмельницького Б.;наїзд на пішохода - пішохід рухався у попутному напрямку;порушення правил маневрування;2;49.852352;24.033365;1;0;0;1;0;2022;11;2;18;Львів;Наїзд на пішохода;Порушення маневрування
вівторок;Франківський;Копистинського Т.;наїзд на пішохода - на регульованому пішохідному переході;порушення правил проїзду пішохідних переходів;2;49.828875;23.989865;1;0;1;0;0;2022;12;1;18;Львів;Наїзд на пішохода;Порушення проїзду переходів
понеділок;Галицький;Тиктора І.;наїзд на пішохода - на нерегульованому пішохідному переході;порушення правил проїзду пішохідних переходів;2;49.842525;24.024906;1;0;1;0;0;2022;11;0;17;Львів;Наїзд на пішохода;Порушення проїзду переходів
понеділок;Франківський;Кобилиці Л.;наїзд на інші види перешкод;порушення правил маневрування;1;49.816849;23.998309;0;0;1;0;0;2023;1;0;20;Львів;Наїзд на перешкоду;Порушення маневрування
вівторок;Галицький;Політехнічна;наїзд на пішохода - пішохід рухався у попутному напрямку;перехід у невстановленому місці, неочікуваний вихід на проїзну частину;2;49.834052;24.014472;1;0;1;0;0;2023;1;1;11;Львів;Наїзд на пішохода;Інше
п'ятниця;Франківський;Стрийська;наїзд на дорожний знак, бордюрний камінь;порушення правил маневрування;1;49.789604;24.015126;0;0;1;0;0;2023;1;4;23;Львів;Наїзд на перешкоду;Порушення маневрування
п'ятниця;Личаківський;Глинянський Тракт;зіткнення бокове;порушення правил маневрування;2;49.83656;24.07163;1;0;1;0;0;2023;1;4;21;Львів;Зіткнення автомобілів;Порушення маневрування
неділя;Залізничний;Кульпарківська;наїзд на пішохода - на нерегульованому пішохідному переході;неочікуваний вихід на проїзну частину;2;49.815014;23.985659;1;0;1;0;0;2023;1;6;18;Львів;Наїзд на пішохода;Інше
п'ятниця;Франківський;Героїв УПА;наїзд на транспортний засіб, що стоїть - по ходу руху;перевищення безпечної швидкості, недодержання дистанції, керування транспортним засобом у нетверезому стані;3;49.831042;23.996678;2;0;1;0;0;2023;1;4;12;Львів;Інше;Перевищення швидкості
неділя;Франківський;Наукова;наїзд на пішохода - пішохід рухався у попутному напрямку;порушення правил проїзду пішохідних переходів;2;49.80449;23.991668;1;0;1;0;0;2023;1;6;21;Львів;Наїзд на пішохода;Порушення проїзду переходів
п'ятниця;Шевченківський;Чорновола В., просп.;наїзд на пішохода - на нерегульованому пішохідному переході;неочікуваний вихід на проїзну частину;3;49.860874;24.019504;1;0;0;2;0;2023;2;4;23;Львів;Наїзд на пішохода;Інше
четвер;Сихівський;Червоної Калини, просп.;наїзд на пішохода - пішохід рухався у попутному напрямку;порушення правил маневрування;2;49.79484;24.057124;1;0;0;1;0;2023;1;3;20;Львів;Наїзд на пішохода;Порушення маневрування
середа;Шевченківський;Коновальця Є.;наїзд на пішохода - пішохід рухався у попутному напрямку;перевищення безпечної швидкості, недодержання дистанції;2;49.954658;23.99399;1;0;1;0;0;2023;1;2;18;Передмістя;Наїзд на пішохода;Перевищення швидкості
четвер;Франківський;Зерова М.;наїзд на пішохода - пішохід переходив дорогу поза межами піш.переходу;неочікуваний вихід на проїзну частину, керування транспортним засобом у нетверезому стані;2;49.833422;23.994892;1;0;1;0;0;2023;1;3;11;Львів;Наїзд на пішохода;П'яне водіння
вівторок;Залізничний;Городоцька;наїзд на пішохода - на нерегульованому пішохідному переході;порушення правил проїзду пішохідних переходів;2;49.828093;23.95454;1;0;1;0;0;2023;1;1;17;Львів;Наїзд на пішохода;Порушення проїзду переходів
п'ятниця;Шевченківський;Липинського В.;наїзд на пішохода - пішохід рухався у попутному напрямку;порушення правил маневрування;2;49.865141;24.04337;1;0;1;0;0;2023;1;4;18;Львів;Наїзд на пішохода;Порушення маневрування
четвер;Сихівський;Червоної Калини, просп.;наїзд на пішохода - пішохід рухався у попутному напрямку;порушення правил маневрування;2;49.792011;24.058444;1;0;1;0;0;2023;2;3;19;Львів;Наїзд на пішохода;Порушення маневрування
середа;Залізничний;Левандівська;зіткнення бокове;порушення правил проїзду перехресть;3;49.848686;23.994763;1;0;2;0;0;2023;1;2;16;Львів;Зіткнення автомобілів;Порушення проїзду перехресть
четвер;Галицький;Городоцька;зіткнення бокове;недодержання дистанції;3;49.840345;24.012465;2;0;1;0;0;2023;1;3;14;Львів;Зіткнення автомобілів;Недотримання дистанції
середа;Шевченківський;Єрошенка В.;зіткнення бокове;порушення правил маневрування;4;49.855756;24.009976;3;0;1;0;0;2023;1;2;12;Львів;Зіткнення автомобілів;Порушення маневрування
вівторок;Сихівський;Червоної Калини, просп.;зіткнення бокове;перевищення безпечної швидкості, недодержання дистанції, керування транспортним засобом у нетверезому стані;3;49.790519;24.059077;0;0;3;0;0;2023;1;1;22;Львів;Зіткнення автомобілів;Перевищення швидкості
вівторок;Шевченківський;Миколайчука І.;зіткнення бокове;невиконання вимог сигналів регулювання;3;49.872236;24.042195;2;0;0;1;0;2023;1;1;11;Львів;Зіткнення автомобілів;Інше
субота;Шевченківський;Миколайчука І.;наїзд на пішохода - пішохід переходив дорогу поза межами піш.переходу;неочікуваний вихід на проїзну частину, перехід у невстановленому місці;2;49.874625;24.041444;1;0;0;1;0;2023;1;5;18;Львів;Наїзд на пішохода;Інше
четвер;Залізничний;Виговського І.;наїзд на пішохода - пішохід переходив дорогу поза межами піш.переходу;порушення правил маневрування;2;49.813296;23.977366;1;0;1;0;0;2023;1;3;21;Львів;Наїзд на пішохода;Порушення маневрування
четвер;Франківський;Стрийська;зіткнення бокове;порушення правил проїзду перехресть;4;49.808171;24.019133;3;0;1;0;0;2023;1;3;10;Львів;Зіткнення автомобілів;Порушення проїзду перехресть
понеділок;Залізничний;Кульпарківська;наїзд на пішохода - на регульованому пішохідному переході;неочікуваний вихід на проїзну частину;2;49.813737;23.984957;1;1;0;0;0;2023;2;0;6;Львів;Наїзд на пішохода;Інше
понеділок;Франківський;Стрийська;падіння пасажира;порушення правил перевезення пасажирів;2;49.801911;24.017932;1;0;1;0;0;2023;2;0;19;Львів;Падіння пасажира;Інше
середа;Франківський;Сахарова А., акад.;наїзд на пішохода - пішохід рухався у попутному напрямку;порушення правил проїзду пішохідних переходів;2;49.819947;24.017878;1;0;1;0;0;2023;2;2;14;Львів;Наїзд на пішохода;Порушення проїзду переходів
вівторок;Шевченківський;Мазепи І., гетьм.;наїзд на пішохода - пішохід рухався у попутному напрямку;порушення правил маневрування;2;49.873059;24.040387;1;0;1;0;0;2023;2;1;18;Львів;Наїзд на пішохода;Порушення маневрування
понеділок;Личаківський;Богданівська;зіткнення бокове;порушення правил проїзду перехресть;3;49.847994;24.084622;2;0;1;0;0;2023;2;0;19;Львів;Зіткнення автомобілів;Порушення проїзду перехресть
субота;Сихівський;Стрийська;зіткнення бокове;недодержання дистанції, перевищення безпечної швидкості;3;49.816084;24.019922;2;0;1;0;0;2023;1;5;15;Львів;Зіткнення автомобілів;Перевищення швидкості
неділя;Шевченківський;Липинського В.;наїзд на велосипедиста - на велосипедній доріжці;порушення правил маневрування;2;49.858204;24.024262;1;0;1;0;0;2023;1;6;18;Львів;Наїзд на велосипедиста;Порушення маневрування
вівторок;Шевченківський;Шевченка Т.;наїзд на пішохода - пішохід рухався у попутному напрямку;управління несправним транспортним засобом;1;49.872129;23.95019;0;0;0;1;0;2023;1;1;10;Львів;Наїзд на пішохода;Інше
п'ятниця;Залізничний;Гніздовського Я.;наїзд на пішохода - на нерегульованому пішохідному переході;порушення правил маневрування, порушення правил проїзду пішохідних переходів;2;49.839048;23.969604;1;0;0;1;0;2023;2;4;14;Львів;Наїзд на пішохода;Порушення маневрування
п'ятниця;Франківський;Володимира Великого;наїзд на пішохода - пішохід рухався у попутному напрямку;порушення правил проїзду пішохідних переходів;2;49.810642;23.999312;1;0;1;0;0;2023;1;4;11;Львів;Наїзд на пішохода;Порушення проїзду переходів
п'ятниця;Шевченківський;Мазепи І., гетьм.;зіткнення бокове;порушення правил маневрування;2;49.869449;24.023345;1;1;0;0;0;2023;1;4;17;Львів;Зіткнення автомобілів;Порушення маневрування
четвер;Шевченківський;Величковського І.;наїзд на пішохода - пішохід рухався у попутному напрямку;порушення правил маневрування;2;49.877014;23.933909;1;0;1;0;0;2023;1;3;0;Львів;Наїзд на пішохода;Порушення маневрування
понеділок;Залізничний;Городоцька;наїзд на пішохода - на нерегульованому пішохідному переході;порушення правил проїзду пішохідних переходів;2;49.821566;23.918674;1;0;0;1;0;2023;1;0;15;Львів;Наїзд на пішохода;Порушення проїзду переходів
вівторок;Франківський;Симоненка В.;наїзд на пішохода - на нерегульованому пішохідному переході;порушення правил проїзду пішохідних переходів;2;49.811494;23.989162;1;0;1;0;0;2023;1;1;18;Львів;Наїзд на пішохода;Порушення проїзду переходів
понеділок;Сихівський;Червоної Калини, просп.;наїзд на пішохода - на нерегульованому пішохідному переході;перехід у невстановленому місці, неочікуваний вихід на проїзну частину;2;49.813;24.045757;1;0;0;1;0;2023;1;0;19;Львів;Наїзд на пішохода;Інше
вівторок;Шевченківський;Чорновола В., просп.;зіткнення бокове;порушення правил надання безперешкодного проїзду, порушення правил проїзду перехресть;3;49.867071;24.015663;2;0;1;0;0;2023;1;1;13;Львів;Зіткнення автомобілів;Порушення проїзду перехресть
п'ятниця;Галицький;Міцкевича А., пл.;наїзд на пішохода - пішохід рухався у попутному напрямку;перехід у невстановленому місці, неочікуваний вихід на проїзну частину;2;49.839176;24.030141;1;0;0;1;0;2023;1;4;14;Львів;Наїзд на пішохода;Інше
четвер;Залізничний;Хотинська;наїзд на пішохода - пішохід рухався у попутному напрямку;порушення правил проїзду пішохідних переходів;2;49.837931;24.004864;1;0;0;1;0;2023;1;3;11;Львів;Наїзд на пішохода;Порушення проїзду переходів
вівторок;Залізничний;Центральна;зіткнення бокове;порушення правил маневрування, перевищення безпечної швидкості;2;49.87365;23.905206;1;0;1;0;0;2023;1;1;21;Передмістя;Зіткнення автомобілів;Порушення маневрування
четвер;Шевченківський;Липинського В.;наїзд на пішохода - на нерегульованому пішохідному переході;порушення правил маневрування;2;49.864913;24.051354;1;0;1;0;0;2023;2;3;6;Львів;Наїзд на пішохода;Порушення маневрування
субота;Франківський;Кобилиці Л.;зіткнення бокове;порушення правил маневрування;2;49.815887;24.001957;1;0;1;0;0;2023;1;5;14;Львів;Зіткнення автомобілів;Порушення маневрування
субота;Личаківський;Пасічна;зіткнення бокове;виїзд на смугу зустрічного руху, недодержання дистанції, керування транспортним засобом у нетверезому стані, невиконання вимог сигналів регулювання;3;49.815544;24.077756;2;0;1;0;0;2023;2;5;22;Львів;Зіткнення автомобілів;Недотримання дистанції
субота;Залізничний;Сяйво;наїзд на пішохода - пішохід рухався у попутному напрямку;недодержання дистанції;2;49.836605;23.977098;1;0;1;0;0;2023;1;5;19;Львів;Наїзд на пішохода;Недотримання дистанції
четвер;Франківський;Городоцька;наїзд на пішохода - пішохід переходив дорогу поза межами піш.переходу;перехід у невстановленому місці;2;49.835529;23.995847;1;0;1;0;0;2023;1;3;7;Львів;Наїзд на пішохода;Інше
п'ятниця;Сихівський;Стуса В.;наїзд на інші види перешкод;перевищення безпечної швидкості, порушення правил маневрування;2;49.817105;24.045124;1;0;1;0;0;2023;1;4;8;Львів;Наїзд на перешкоду;Порушення маневрування
вівторок;Шевченківський;Шевченка Т.;наїзд на пішохода - пішохід переходив дорогу поза межами піш.переходу;неочікуваний вихід на проїзну частину, перехід у невстановленому місці;2;49.851456;23.99089;1;0;0;1;0;2023;1;1;20;Львів;Наїзд на пішохода;Інше