accidentDay;district;streetName;accidentType;mainAccidentCause;totalParticipantsAmount;latitude;longitude;Count_Без ушкоджень;Count_Загинув;Count_Легко травмований;Count_Тяжко травмований;Is_Intersection;Year;Month;DayOfWeek;Hour;settlement_grouped;Simple_Type;Simple_Cause
понеділок;Личаківський;Хмельницького Б.;наїзд на пішохода - на нерегульованому пішохідному переході;порушення правил проїзду пішохідних переходів;2;49.873705;24.060665;1;0;1;0;0;2023;1;0;12;Львів;Наїзд на пішохода;Порушення проїзду переходів
середа;Франківський;Коновальця Є.;наїзд на пішохода - пішохід рухався у попутному напрямку;порушення правил маневрування;2;49.832322;24.005958;1;0;0;1;0;2023;1;2;17;Львів;Наїзд на пішохода;Порушення маневрування
вівторок;Шевченківський;Леонтовича М.;наїзд на пішохода - на нерегульованому пішохідному переході;порушення правил проїзду пішохідних переходів;2;49.842957;24.018517;1;0;1;0;0;2023;1;1;20;Львів;Наїзд на пішохода;Порушення проїзду переходів
п'ятниця;Франківський;Володимира Великого;наїзд на пішохода - на нерегульованому пішохідному переході;порушення правил проїзду пішохідних переходів;2;49.808853;24.008024;1;0;1;0;0;2023;2;4;8;Львів;Наїзд на пішохода;Порушення проїзду переходів
середа;Франківський;Бандери С.;зіткнення бокове;недодержання дистанції;2;49.834976;24.006672;1;0;1;0;0;2023;1;2;10;Львів;Зіткнення автомобілів;Недотримання дистанції
п'ятниця;Франківський;Кульпарківська;наїзд на пішохода - на нерегульованому пішохідному переході;неочікуваний вихід на проїзну частину;2;49.832858;23.990766;1;0;1;0;0;2023;1;4;19;Львів;Наїзд на пішохода;Інше
понеділок;Сихівський;Чукаріна В.;падіння пасажира;порушення правил маневрування;2;49.799612;24.041911;1;0;1;0;0;2023;1;0;9;Львів;Падіння пасажира;Порушення маневрування
середа;Франківський;Наукова;наїзд на пішохода - на нерегульованому пішохідному переході;порушення правил проїзду пішохідних переходів;2;49.80539;23.986867;1;0;1;0;0;2023;1;2;22;Львів;Наїзд на пішохода;Порушення проїзду переходів
понеділок;Залізничний;Любінська;наїзд на пішохода - пішохід рухався у попутному напрямку;порушення правил маневрування;2;49.821431;23.975022;1;1;0;0;0;2023;1;0;9;Львів;Наїзд на пішохода;Порушення маневрування
середа;Шевченківський;Миколайчука І.;наїзд на пішохода - пішохід рухався у попутному напрямку;порушення правил маневрування;2;49.874628;24.041487;1;0;0;1;0;2023;1;2;22;Львів;Наїзд на пішохода;Порушення маневрування
понеділок;Галицький;Бандери С.;наїзд на пішохода - пішохід рухався у попутному напрямку;порушення правил маневрування;2;49.834747;24.01812;1;0;1;0;0;2023;2;0;12;Львів;Наїзд на пішохода;Порушення маневрування
п'ятниця;Галицький;Свободи, просп.;наїзд на пішохода - на нерегульованому пішохідному переході;порушення правил проїзду пішохідних переходів;2;49.842978;24.026392;1;0;1;0;0;2023;1;4;12;Львів;Наїзд на пішохода;Порушення проїзду переходів
субота;Франківський;Чупринки Т., ген.;зіткнення бокове;порушення правил маневрування, недодержання дистанції;2;49.832353;24.012063;1;0;1;0;0;2023;1;5;19;Львів;Зіткнення автомобілів;Порушення маневрування
п'ятниця;Франківський;Стрийська;зіткнення бокове;недодержання дистанції, керування транспортним засобом у нетверезому стані, перевищення безпечної швидкості, порушення правил маневрування;3;49.80308324275269;24.01818423228241;2;0;1;0;0;2023;2;4;21;Львів;Зіткнення автомобілів;Порушення маневрування
середа;Залізничний;Городоцька;наїзд на пішохода - на нерегульованому пішохідному переході;перевищення безпечної швидкості, недодержання дистанції;2;49.824211;23.930583;1;0;1;0;0;2023;1;2;18;Львів;Наїзд на пішохода;Перевищення швидкості
вівторок;Шевченківський;Брюховицька;наїзд на пішохода - пішохід рухався у попутному напрямку;порушення правил маневрування;2;49.873799;23.952035;1;0;1;0;0;2023;1;1;20;Львів;Наїзд на пішохода;Порушення маневрування
субота;Залізничний;Виговського І.;наїзд на пішохода - пішохід рухався у попутному напрямку;перехід у невстановленому місці;2;49.827391;23.967909;1;0;1;0;0;2023;2;5;20;Львів;Наїзд на пішохода;Інше
неділя;Галицький;Городоцька;падіння пасажира;порушення правил маневрування;2;49.842843;24.01923;1;0;0;1;0;2023;1;6;11;Львів;Падіння пасажира;Порушення маневрування
п'ятниця;Личаківський;Тракт-Глинянський;зіткнення бокове;порушення правил маневрування;2;49.842044;24.141324;1;0;1;0;0;2023;1;4;17;Передмістя;Зіткнення автомобілів;Порушення маневрування
неділя;Галицький;Свєнціцького І.;наїзд на велосипедиста - велосипедист рухався у попутному напрямку;порушення правил маневрування;2;49.824785;24.035935;1;0;1;0;0;2023;4;6;10;Львів;Наїзд на велосипедиста;Порушення маневрування
неділя;Личаківський;Лисенка М.;зіткнення бокове;порушення правил маневрування;2;49.843462;24.040076;1;0;1;0;0;2023;4;6;8;Львів;Зіткнення автомобілів;Порушення маневрування
понеділок;Залізничний;Левандівська;зіткнення бокове;недодержання дистанції;2;49.846403;23.990005;1;0;0;1;0;2023;4;0;16;Львів;Зіткнення автомобілів;Недотримання дистанції
субота;Шевченківський;Липинського В.;зіткнення бокове;порушення правил маневрування;3;49.860079;24.026842;2;0;1;0;0;2023;5;5;19;Львів;Зіткнення автомобілів;Порушення маневрування
вівторок;Залізничний;Гніздовського Я.;наїзд на пішохода - на регульованому пішохідному переході;перевищення безпечної швидкості, недодержання дистанції;2;49.841411;23.969271;1;1;0;0;0;2023;5;1;17;Львів;Наїзд на пішохода;Перевищення швидкості
понеділок;Франківський;Героїв УПА;зіткнення бокове;порушення правил маневрування, перевищення безпечної швидкості;4;49.829114;23.992483;3;0;1;0;0;2023;5;0;15;Львів;Зіткнення автомобілів;Порушення маневрування
вівторок;Галицький;Бандери С.;наїзд на пішохода - пішохід рухався у попутному напрямку;порушення правил маневрування;2;49.834841;24.008764;1;0;1;0;0;2023;4;1;17;Львів;Наїзд на пішохода;Порушення маневрування
понеділок;Франківський;Городоцька;падіння пасажира;порушення правил маневрування;2;49.836128;23.99929;1;0;0;1;0;2023;4;0;22;Львів;Падіння пасажира;Порушення маневрування
середа;Франківський;Наукова;зіткнення бокове;порушення правил маневрування;2;49.803947;23.997123;1;0;1;0;0;2023;5;2;11;Львів;Зіткнення автомобілів;Порушення маневрування
субота;Франківський;Чупринки Т., ген.;наїзд на пішохода - на регульованому пішохідному переході;порушення правил проїзду пішохідних переходів;2;49.832336;24.011972;1;0;1;0;0;2023;5;5;13;Львів;Наїзд на пішохода;Порушення проїзду переходів
середа;Галицький;Хмельницького Б.;наїзд на пішохода - на регульованому пішохідному переході;порушення правил проїзду пішохідних переходів, керування транспортним засобом у нетверезому стані;2;49.84765;24.028991;1;0;1;0;0;2023;5;2;15;Львів;Наїзд на пішохода;Порушення проїзду переходів
понеділок;Франківський;Героїв УПА;наїзд на пішохода - пішохід рухався у попутному напрямку;виїзд на смугу зустрічного руху;2;49.835007;24.004194;1;0;1;0;0;2023;4;0;13;Львів;Наїзд на пішохода;Інше
субота;Сихівський;Червоної Калини, просп.;наїзд на пішохода - пішохід рухався у попутному напрямку;пішоходи невиконання вимог сигналів регулювання;2;49.794453;24.053975;1;0;1;0;0;2023;4;5;21;Львів;Наїзд на пішохода;Інше
понеділок;Залізничний;Бортнянського Д.;наїзд на пішохода - на нерегульованому пішохідному переході;порушення правил проїзду пішохідних переходів;2;49.846719;24.00211;1;0;1;0;0;2023;5;0;17;Львів;Наїзд на пішохода;Порушення проїзду переходів
п'ятниця;Залізничний;Широка;наїзд на пішохода - на регульованому пішохідному переході;порушення правил маневрування;2;49.841961;23.968976;1;0;1;0;0;2023;4;4;18;Львів;Наїзд на пішохода;Порушення маневрування
неділя;Шевченківський;Шевченка Т.;наїзд на інші види перешкод;перевищення безпечної швидкості;1;49.870497;23.945721;0;0;1;0;0;2023;4;6;0;Львів;Наїзд на перешкоду;Перевищення швидкості
четвер;Галицький;Листопадового Чину;перекидання тз;перевищення безпечної швидкості, недодержання дистанції;2;49.839204;24.01768;1;0;1;0;0;2023;4;3;18;Львів;Перекидання;Перевищення швидкості
вівторок;Шевченківський;Мазепи І., гетьм.;наїзд на пішохода - стояв на проїздній частині;перехід у невстановленому місці;3;49.872578;24.044185;2;0;1;0;0;2023;5;1;18;Львів;Наїзд на пішохода;Інше
вівторок;Залізничний;Кузневича Г.;зіткнення лобове;порушення правил маневрування, керування транспортним засобом у нетверезому стані;2;49.833533;23.980135;1;0;0;1;0;2023;5;1;21;Львів;Зіткнення автомобілів;Порушення маневрування
вівторок;Шевченківський;Яблонської С.;наїзд на пішохода - на регульованому пішохідному переході;порушення правил маневрування;2;49.85377;24.027529;1;0;1;0;0;2023;3;1;20;Львів;Наїзд на пішохода;Порушення маневрування
п'ятниця;Сихівський;Зелена;наїзд на інші види перешкод;перевищення безпечної швидкості, керування транспортним засобом у нетверезому стані;2;49.806329;24.062097;0;0;1;1;0;2023;5;4;0;Львів;Наїзд на перешкоду;Перевищення швидкості
неділя;Галицький;Підвальна;падіння пасажира;порушення правил маневрування;2;49.842207;24.03527;1;0;1;0;0;2023;4;6;15;Львів;Падіння пасажира;Порушення маневрування
вівторок;Франківський;Окружна;зіткнення бокове;порушення правил маневрування;2;49.826425;23.98412;1;0;1;0;0;2023;4;1;23;Львів;Зіткнення автомобілів;Порушення маневрування
четвер;Личаківський;Глинянський Тракт;наїзд на пішохода - на регульованому пішохідному переході;порушення правил маневрування;2;49.842023;24.101129;1;0;1;0;0;2023;5;3;15;Львів;Наїзд на пішохода;Порушення маневрування
п'ятниця;Залізничний;Городоцька;наїзд на пішохода - стояв на проїздній частині;порушення правил маневрування;2;49.837446;24.00481;1;0;1;0;0;2023;4;4;7;Львів;Наїзд на пішохода;Порушення маневрування
четвер;Личаківський;Пасічна;падіння пасажира;порушення правил маневрування;2;49.835301;24.068186;1;0;1;0;0;2023;4;3;6;Львів;Падіння пасажира;Порушення маневрування
четвер;Залізничний;Городоцька;наїзд на пішохода - стояв на проїздній частині;порушення правил маневрування;2;49.823864;23.930411;1;0;0;1;0;2023;4;3;12;Львів;Наїзд на пішохода;Порушення маневрування
п'ятниця;Сихівський;Святого Івана Павла ІІ, просп.;зіткнення лобове;порушення правил маневрування;2;49.799792;24.026515;1;0;1;0;0;2023;5;4;10;Львів;Зіткнення автомобілів;Порушення маневрування
субота;Личаківський;Вовка Ф.;зіткнення бокове;перевищення безпечної швидкості;2;49.844092;24.084874;1;0;1;0;0;2023;4;5;12;Львів;Зіткнення автомобілів;Перевищення швидкості
п'ятниця;Галицький;Словацького Ю.;наїзд на велосипедиста - велосипедист рухався у попутному напрямку;порушення правил маневрування;2;49.837602;24.022529;1;0;1;0;0;2023;5;4;21;Львів;Наїзд на велосипедиста;Порушення маневрування
п'ятниця;Сихівський;Червоної Калини, просп.;наїзд на інші види перешкод;порушення правил маневрування;1;49.796187;24.054244;0;0;1;0;0;2023;4;4;16;Львів;Наїзд на перешкоду;Порушення маневрування
субота;Галицький;Кривоноса М.;зіткнення бокове;порушення правил маневрування;2;49.844846;24.038789;1;0;1;0;0;2023;4;5;15;Львів;Зіткнення автомобілів;Порушення маневрування
середа;Шевченківський;Торф'яна;наїзд на пішохода - стояв на проїздній частині;порушення правил маневрування;2;49.861642;24.025018;1;0;1;0;0;2023;3;2;15;Львів;Наїзд на пішохода;Порушення маневрування
понеділок;Сихівський;Святого Івана Павла ІІ, просп.;зіткнення з задньою частиною тз;перевищення безпечної швидкості, недодержання дистанції;3;49.800658;24.030533;2;0;1;0;0;2023;5;0;21;Львів;Зіткнення автомобілів;Перевищення швидкості
понеділок;Галицький;Личаківська;наїзд на інші види перешкод;порушення правил маневрування;2;49.839937;24.038327;0;0;2;0;0;2023;4;0;15;Львів;Наїзд на перешкоду;Порушення маневрування
середа;Галицький;Дорошенка П.;перекидання тз;перевищення безпечної швидкості;1;49.836934;24.021467;0;0;1;0;0;2023;4;2;20;Львів;Перекидання;Перевищення швидкості
вівторок;Галицький;Тарнавського М., ген.;наїзд на пішохода - пішохід рухався у попутному напрямку;недодержання дистанції;2;49.82891;24.036541;1;0;1;0;0;2023;4;1;10;Львів;Наїзд на пішохода;Недотримання дистанції
п'ятниця;Галицький;700-річчя Львова, пл.;падіння пасажира;порушення правил маневрування;3;49.85046;24.024653;2;0;1;0;0;2023;5;4;12;Львів;Падіння пасажира;Порушення маневрування
вівторок;Залізничний;Щирецька;зіткнення лобове;перевищення безпечної швидкості, недодержання дистанції;2;49.80679;23.97559;0;0;2;0;0;2023;5;1;13;Львів;Зіткнення автомобілів;Перевищення швидкості
понеділок;Шевченківський;Чорновола В., просп.;наїзд на пішохода - пішохід рухався у попутному напрямку;порушення правил проїзду пішохідних переходів;2;49.86645;24.016316;1;0;0;1;0;2023;4;0;21;Львів;Наїзд на пішохода;Порушення проїзду переходів
вівторок;Шевченківський;Тунельна;зіткнення бокове;недодержання дистанції;4;49.863606;24.006286;3;0;1;0;0;2023;4;1;12;Львів;Зіткнення автомобілів;Недотримання дистанції
п'ятниця;Залізничний;Петлюри С.;падіння пасажира;порушення правил проїзду зупинок громадського транспорту, порушення правил маневрування;2;49.81994;23.980692;1;0;1;0;0;2023;5;4;16;Львів;Падіння пасажира;Порушення маневрування
неділя;Сихівський;Броварського Л.;наїзд на пішохода - пішохід рухався у попутному напрямку;порушення правил маневрування;2;49.7681;24.029911;1;0;0;1;0;2023;4;6;16;Львів;Наїзд на пішохода;Порушення маневрування
п'ятниця;Залізничний;Чернівецька;наїзд на пішохода - пішохід переходив дорогу поза межами піш.переходу;порушення правил маневрування;2;49.839187;23.995765;1;0;0;1;0;2023;4;4;16;Львів;Наїзд на пішохода;Порушення маневрування
неділя;Шевченківський;Липинського В.;наїзд на пішохода - стояв на проїздній частині;порушення правил маневрування;2;49.865743;24.049528;1;0;1;0;0;2023;4;6;15;Львів;Наїзд на пішохода;Порушення маневрування
четвер;Франківський;Сахарова А., акад.;наїзд на пішохода - пішохід рухався у попутному напрямку;порушення правил маневрування;2;49.82075;24.017551;1;0;1;0;0;2023;4;3;16;Львів;Наїзд на пішохода;Порушення маневрування
понеділок;Франківський;Коновальця Є.;наїзд на пішохода - на регульованому пішохідному переході;порушення правил проїзду пішохідних переходів;2;49.828958;24.000406;1;0;1;0;0;2023;5;0;21;Львів;Наїзд на пішохода;Порушення проїзду переходів
понеділок;Шевченківський;Замарстинівська;зіткнення бокове;невиконання вимог сигналів регулювання, порушення правил маневрування;3;49.860092;24.026821;2;0;1;0;0;2023;4;0;14;Львів;Зіткнення автомобілів;Порушення маневрування
неділя;Личаківський;Хмельницького Б.;зіткнення з задньою частиною тз;недодержання дистанції;3;49.873522;24.060364;2;0;1;0;0;2023;5;6;21;Львів;Зіткнення автомобілів;Недотримання дистанції
п'ятниця;Сихівський;Святого Івана Павла ІІ, просп.;наїзд на пішохода - пішохід переходив дорогу поза межами піш.переходу;порушення правил маневрування;2;49.799757;24.026611;1;0;1;0;0;2023;4;4;6;Львів;Наїзд на пішохода;Порушення маневрування
неділя;Шевченківський;Хмельницького Б.;зіткнення з задньою частиною тз;порушення правил проїзду перехресть;3;49.869871;24.057226;2;0;1;0;0;2023;5;6;23;Львів;Зіткнення автомобілів;Порушення проїзду перехресть
вівторок;Сихівський;Святого Івана Павла ІІ, просп.;зіткнення бокове;порушення правил маневрування;2;49.801994;24.030941;1;0;1;0;0;2023;4;1;20;Львів;Зіткнення автомобілів;Порушення маневрування
п'ятниця;Залізничний;Двірцева, пл.;наїзд на пішохода - пішохід рухався у попутному напрямку;порушення правил маневрування, порушення правил зупинки і стоянки транспортних засобів;2;49.839664;23.994452;1;0;1;0;0;2023;4;4;8;Львів;Наїзд на пішохода;Порушення маневрування
середа;Шевченківський;Львівська;наїзд на інші види перешкод;порушення правил маневрування;2;49.910376;23.964765;0;0;2;0;0;2023;5;2;17;Передмістя;Наїзд на перешкоду;Порушення маневрування
п'ятниця;Залізничний;Шевченка Т.;наїзд на пішохода - на нерегульованому пішохідному переході;порушення правил маневрування;2;49.849219;23.995514;1;0;1;0;0;2023;4;4;7;Львів;Наїзд на пішохода;Порушення маневрування
четвер;Сихівський;Червоної Калини, просп.;зіткнення лобове;перевищення безпечної швидкості, невиконання вимог сигналів регулювання, порушення правил маневрування, порушення правил проїзду перехресть;2;49.811848;24.046075;1;0;1;0;0;2023;5;3;19;Львів;Зіткнення автомобілів;Порушення маневрування
вівторок;Сихівський;Святого Івана Павла ІІ, просп.;наїзд на пішохода - на регульованому пішохідному переході;перехід у невстановленому місці, неочікуваний вихід на проїзну частину;2;49.800879;24.026928;1;0;1;0;0;2023;6;1;17;Львів;Наїзд на пішохода;Інше
вівторок;Личаківський;Хмельницького Б.;наїзд на транспортний засіб, що стоїть - по ходу руху;недодержання дистанції;2;49.874739;24.061539;1;0;1;0;0;2023;6;1;7;Львів;Інше;Недотримання дистанції
вівторок;Шевченківський;Шевченка Т.;наїзд на транспортний засіб, що стоїть - по ходу руху;перевищення безпечної швидкості, недодержання дистанції;2;49.854369;23.983825;1;0;1;0;0;2023;7;1;13;Львів;Інше;Перевищення швидкості
п'ятниця;Франківський;Володимира Великого;падіння пасажира;порушення правил перевезення пасажирів;2;49.810286;24.001242;1;0;1;0;0;2023;7;4;13;Львів;Падіння пасажира;Інше
середа;Залізничний;Городоцька;падіння пасажира;порушення правил маневрування;3;49.83366;23.985279;2;0;1;0;0;2023;6;2;17;Львів;Падіння пасажира;Порушення маневрування
середа;Личаківський;Личаківська;наїзд на пішохода - на регульованому пішохідному переході;порушення правил проїзду пішохідних переходів;2;49.840169;24.042871;1;0;0;1;0;2023;7;2;8;Львів;Наїзд на пішохода;Порушення проїзду переходів
неділя;Залізничний;Самбірська;падіння пасажира;порушення правил маневрування;1;49.830186;23.959436;0;0;0;1;0;2023;7;6;14;Львів;Падіння пасажира;Порушення маневрування
субота;Шевченківський;Липинського В.;зіткнення бокове;недодержання дистанції;3;49.864301;24.043724;2;0;1;0;0;2023;6;5;13;Львів;Зіткнення автомобілів;Недотримання дистанції
п'ятниця;Галицький;Театральна;наїзд на пішохода - пішоходний перехід, тз здійснював поворот вліво (вправо);недодержання дистанції;2;49.842684;24.028881;1;0;0;1;0;2023;6;4;11;Львів;Наїзд на пішохода;Недотримання дистанції
середа;Залізничний;Городоцька;наїзд на пішохода - пішохід рухався у попутному напрямку;порушення правил маневрування;2;49.830799;23.96911;1;0;1;0;0;2023;6;2;13;Львів;Наїзд на пішохода;Порушення маневрування
вівторок;Шевченківський;Чорновола В., просп.;зіткнення з задньою частиною тз;недодержання дистанції, перевищення безпечної швидкості, порушення правил обгону;3;49.852308;24.023898;2;0;1;0;0;2023;7;1;19;Львів;Зіткнення автомобілів;Перевищення швидкості
середа;Сихівський;Антонича Б. - І.;зіткнення лобове;порушення правил проїзду перехресть;2;49.785116;24.069784;1;0;1;0;0;2023;7;2;20;Львів;Зіткнення автомобілів;Порушення проїзду перехресть
середа;Шевченківський;Тучапського П.;наїзд на інші види перешкод;порушення правил маневрування;2;49.859816;24.028899;1;0;1;0;0;2023;7;2;15;Львів;Наїзд на перешкоду;Порушення маневрування
неділя;Франківський;Коновальця Є.;зіткнення лобове;порушення правил проїзду перехресть;3;49.824446;23.993381;2;0;1;0;0;2023;7;6;14;Львів;Зіткнення автомобілів;Порушення проїзду перехресть
вівторок;Личаківський;Медової Печери;наїзд на пішохода - пішохід рухався у зустрічному напрямку;порушення правил маневрування;2;49.825252;24.07723;1;0;1;0;0;2023;7;1;13;Львів;Наїзд на пішохода;Порушення маневрування
субота;Сихівський;Броварського Л.;зіткнення бокове;порушення правил маневрування;3;49.781195;24.030232;1;0;2;0;0;2023;7;5;19;Львів;Зіткнення автомобілів;Порушення маневрування
середа;Сихівський;Зелена;зіткнення бокове;порушення правил проїзду перехресть;2;49.8033485091186;24.0644366524423;1;0;1;0;0;2023;7;2;8;Львів;Зіткнення автомобілів;Порушення проїзду перехресть
вівторок;Залізничний;Садова;наїзд на пішохода - пішохід рухався у попутному напрямку;порушення правил проїзду перехресть;2;49.821373;23.988669;1;0;1;0;0;2023;7;1;13;Львів;Наїзд на пішохода;Порушення проїзду перехресть
понеділок;Залізничний;Городоцька;зіткнення бокове;невиконання вимог сигналів регулювання, порушення правил маневрування;2;49.826716;23.946987;1;0;1;0;0;2023;7;0;15;Львів;Зіткнення автомобілів;Порушення маневрування
п'ятниця;Залізничний;Шевченка Т.;наїзд на пішохода - пішоходний перехід, тз здійснював поворот вліво (вправо);перевищення безпечної швидкості;2;49.845362;24.008287;1;0;1;0;0;2023;6;4;7;Львів;Наїзд на пішохода;Перевищення швидкості
четвер;Личаківський;Пекарська;зіткнення бокове;недодержання дистанції;2;49.837;24.043922;1;0;1;0;0;2023;7;3;20;Львів;Зіткнення автомобілів;Недотримання дистанції
четвер;Личаківський;Погулянка;наїзд на пішохода - пішохід рухався у попутному напрямку;порушення правил маневрування;2;49.828488;24.055563;1;0;1;0;0;2023;6;3;15;Львів;Наїзд на пішохода;Порушення маневрування
вівторок;Шевченківський;Липинського В.;зіткнення лобове;недодержання дистанції;2;49.864934;24.041358;1;0;1;0;0;2023;6;1;12;Львів;Зіткнення автомобілів;Недотримання дистанції
понеділок;Франківський;Коновальця Є.;наїзд на пішохода - на регульованому пішохідному переході;пішоходи невиконання вимог сигналів регулювання;2;49.830949;24.003603;1;0;1;0;0;2023;7;0;8;Львів;Наїзд на пішохода;Інше
понеділок;Залізничний;Любінська;зіткнення бокове;порушення правил маневрування;2;49.821009;23.968654;1;0;1;0;0;2023;7;0;8;Львів;Зіткнення автомобілів;Порушення маневрування
п'ятниця;Галицький;Коперника М.;наїзд на пішохода - пішохід рухався у попутному напрямку;порушення правил маневрування;2;49.833637;24.019386;1;0;1;0;0;2023;6;4;13;Львів;Наїзд на пішохода;Порушення маневрування
середа;Личаківський;Богданівська;зіткнення лобове;виїзд на смугу зустрічного руху;4;49.853307;24.077418;1;0;0;3;0;2023;7;2;19;Львів;Зіткнення автомобілів;Інше
субота;Залізничний;Невідомо;зіткнення з задньою частиною тз;перевищення безпечної швидкості;3;49.870383;23.898697;0;0;3;0;0;2023;6;5;11;Передмістя;Зіткнення автомобілів;Перевищення швидкості
понеділок;Залізничний;Паркова;зіткнення бокове;порушення правил проїзду перехресть;3;49.873374;23.90323;2;0;1;0;0;2023;6;0;16;Передмістя;Зіткнення автомобілів;Порушення проїзду перехресть
четвер;Личаківський;Митна, пл.;наїзд на пішохода - пішохід рухався у попутному напрямку;порушення правил маневрування;2;49.83973053581088;24.03609020910082;1;0;1;0;0;2023;7;3;8;Львів;Наїзд на пішохода;Порушення маневрування
вівторок;Галицький;Підвальна;наїзд на пішохода - на нерегульованому пішохідному переході;порушення правил проїзду пішохідних переходів;2;49.840899;24.035688;1;0;1;0;0;2023;7;1;15;Львів;Наїзд на пішохода;Порушення проїзду переходів
вівторок;Франківський;Наукова;зіткнення лобове;невиконання вимог сигналів регулювання, перевищення безпечної швидкості;2;49.804172;23.994902;1;0;1;0;0;2023;6;1;22;Львів;Зіткнення автомобілів;Перевищення швидкості
понеділок;Залізничний;Грушевського М.;зіткнення лобове;порушення правил маневрування, порушення правил проїзду перехресть;3;49.837877;23.811919;2;0;1;0;0;2023;7;0;20;Передмістя;Зіткнення автомобілів;Порушення маневрування
четвер;Сихівський;Стрийська;зіткнення з задньою частиною тз;порушення правил маневрування;2;49.795298;24.01665;1;0;1;0;0;2023;7;3;23;Львів;Зіткнення автомобілів;Порушення маневрування
субота;Сихівський;Святого Івана Павла II Папи Римського, майдан;наїзд на велосипедиста - велосипедист рухався у попутному напрямку;порушення правил маневрування;2;49.79322;24.056475;1;0;1;0;0;2023;7;5;14;Львів;Наїзд на велосипедиста;Порушення маневрування
середа;Личаківський;Хмельницького Б.;зіткнення з задньою частиною тз;перевищення безпечної швидкості, недодержання дистанції;4;49.82095;24.11222;1;0;3;0;0;2023;7;2;18;Передмістя;Зіткнення автомобілів;Перевищення швидкості
середа;Личаківський;Зелена;зіткнення бокове;виїзд на смугу зустрічного руху;2;49.834255;24.035948;1;0;0;1;0;2023;7;2;16;Львів;Зіткнення автомобілів;Інше
понеділок;Сихівський;Червоної Калини, просп.;наїзд на пішохода - пішохід рухався у попутному напрямку;неочікуваний вихід на проїзну частину;2;49.784776;24.060681;1;0;1;0;0;2023;6;0;17;Львів;Наїзд на пішохода;Інше
понеділок;Личаківський;Хмельницького Б.;зіткнення бокове;порушення правил проїзду перехресть;3;49.854798;24.044593;2;0;1;0;0;2023;7;0;9;Львів;Зіткнення автомобілів;Порушення проїзду перехресть
вівторок;Залізничний;Кільцева;зіткнення бокове;порушення правил маневрування, невиконання вимог сигналів регулювання;3;49.873322;23.89778;1;0;2;0;0;2023;7;1;13;Передмістя;Зіткнення автомобілів;Порушення маневрування
неділя;Шевченківський;Чорновола В., просп.;зіткнення бокове;порушення правил маневрування;2;49.859906;24.01871;1;0;1;0;0;2023;7;6;22;Львів;Зіткнення автомобілів;Порушення маневрування
неділя;Галицький;Коперника М.;зіткнення з задньою частиною тз;порушення правил маневрування;2;49.83643;24.023159;0;0;2;0;0;2023;7;6;15;Львів;Зіткнення автомобілів;Порушення маневрування
вівторок;Сихівський;Сихівська;зіткнення бокове;порушення правил маневрування;2;49.795055;24.066646;1;0;1;0;0;2023;6;1;19;Львів;Зіткнення автомобілів;Порушення маневрування
понеділок;Сихівський;Зубрівська;наїзд на пішохода - пішохід переходив дорогу поза межами піш.переходу;порушення правил маневрування;2;49.79545;24.059871;1;0;1;0;0;2023;7;0;18;Львів;Наїзд на пішохода;Порушення маневрування
середа;Шевченківський;Шевченка Т.;наїзд на пішохода - пішохід рухався у попутному напрямку;порушення правил маневрування;2;49.845192;24.00988;1;0;1;0;0;2023;7;2;14;Львів;Наїзд на пішохода;Порушення маневрування
субота;Франківський;Стрийська;наїзд на транспортний засіб, що стоїть - під час відкривання дверей;порушення правил маневрування;2;49.801388;24.01778;1;0;0;1;0;2023;7;5;10;Львів;Інше;Порушення маневрування
субота;Личаківський;Галицька;зіткнення лобове;виїзд на смугу зустрічного руху;3;49.81804;24.130692;2;0;1;0;0;2023;7;5;12;Передмістя;Зіткнення автомобілів;Інше
п'ятниця;Залізничний;Виговського І.;наїзд на пішохода - пішоходний перехід, тз здійснював поворот вліво (вправо);порушення правил маневрування;3;49.825325;23.967544;1;0;2;0;0;2023;6;4;20;Львів;Наїзд на пішохода;Порушення маневрування
субота;Залізничний;Чернівецька;наїзд на пішохода - пішохід рухався у зустрічному напрямку;порушення правил маневрування, порушення правил проїзду пішохідних переходів;2;49.837899;23.999408;1;0;0;1;0;2023;7;5;22;Львів;Наїзд на пішохода;Порушення маневрування
понеділок;Залізничний;Білогорща;зіткнення бокове;порушення правил проїзду перехресть;3;49.844358;23.938855;1;0;2;0;0;2023;7;0;19;Львів;Зіткнення автомобілів;Порушення проїзду перехресть
неділя;Франківський;Наукова;зіткнення лобове;перевищення безпечної швидкості, недодержання дистанції, керування транспортним засобом у нетверезому стані;2;49.802094;24.016302;1;0;1;0;0;2023;7;6;20;Львів;Зіткнення автомобілів;Перевищення швидкості