accidentDay;district;streetName;accidentType;mainAccidentCause;totalParticipantsAmount;latitude;longitude;Count_Без ушкоджень;Count_Загинув;Count_Легко травмований;Count_Тяжко травмований;Is_Intersection;Year;Month;DayOfWeek;Hour;settlement_grouped;Simple_Type;Simple_Cause
понеділок;Сихівський;Святого Івана Павла ІІ, просп.;наїзд на інші види перешкод;порушення правил маневрування;1;49.8017057196246;24.0248587417853;0;0;1;0;0;2023;7;0;12;Львів;Наїзд на перешкоду;Порушення маневрування
п'ятниця;Сихівський;Святого Івана Павла ІІ, просп.;наїзд на пішохода - на нерегульованому пішохідному переході;порушення правил маневрування;2;49.800033;24.044547;1;0;1;0;0;2023;7;4;15;Львів;Наїзд на пішохода;Порушення маневрування
вівторок;Залізничний;Сяйво;падіння пасажира;порушення правил маневрування;2;49.837252;23.976878;1;0;1;0;0;2023;6;1;16;Львів;Падіння пасажира;Порушення маневрування
четвер;Сихівський;Стрийська;зіткнення з задньою частиною тз;порушення правил зупинки і стоянки транспортного засобу;3;49.793784;24.017803;2;0;1;0;0;2023;7;3;12;Львів;Зіткнення автомобілів;Інше
неділя;Франківський;Наукова;зіткнення бокове;порушення правил маневрування;2;49.80539964646759;23.982507924894225;1;0;1;0;0;2023;7;6;15;Львів;Зіткнення автомобілів;Порушення маневрування
середа;Галицький;Куліша П.;наїзд на транспортний засіб, що стоїть - по ходу руху;перевищення безпечної швидкості, порушення правил маневрування;2;49.847053;24.024203;1;0;1;0;0;2023;6;2;14;Львів;Інше;Порушення маневрування
субота;Франківський;Народна;зіткнення лобове;порушення правил маневрування;2;49.83178;23.984561;1;0;1;0;0;2023;7;5;19;Львів;Зіткнення автомобілів;Порушення маневрування
понеділок;Галицький;Городоцька;наїзд на пішохода - на регульованому пішохідному переході;порушення правил проїзду пішохідних переходів;2;49.841201;24.015872;1;0;1;0;0;2023;6;0;7;Львів;Наїзд на пішохода;Порушення проїзду переходів
понеділок;Франківський;Кульпарківська;зіткнення бокове;порушення правил маневрування;2;49.8148;23.986179;1;0;1;0;0;2023;7;0;17;Львів;Зіткнення автомобілів;Порушення маневрування
неділя;Сихівський;Святого Івана Павла ІІ, просп.;наїзд на інші види перешкод;перевищення безпечної швидкості;1;49.800321;24.030388;0;0;1;0;0;2023;7;6;20;Львів;Наїзд на перешкоду;Перевищення швидкості
четвер;Сихівський;Угорська;наїзд на пішохода - на регульованому пішохідному переході;порушення правил проїзду пішохідних переходів;2;49.809531;24.046385;1;0;1;0;0;2023;7;3;13;Львів;Наїзд на пішохода;Порушення проїзду переходів
понеділок;Шевченківський;Липинського В.;зіткнення бокове;порушення правил маневрування;2;49.862568;24.03123;1;0;1;0;0;2023;6;0;17;Львів;Зіткнення автомобілів;Порушення маневрування
п'ятниця;Шевченківський;Брюховицька;наїзд на інші види перешкод;порушення правил маневрування;2;49.873944;23.950115;1;0;1;0;0;2023;7;4;0;Львів;Наїзд на перешкоду;Порушення маневрування
понеділок;Личаківський;Хмельницького Б.;зіткнення з задньою частиною тз;керування транспортним засобом у нетверезому стані, перевищення безпечної швидкості;3;49.874185;24.061001;3;0;0;0;0;2023;7;0;21;Львів;Зіткнення автомобілів;Перевищення швидкості
середа;Залізничний;Сяйво;зіткнення лобове;порушення правил маневрування;2;49.832158;23.977899;1;0;1;0;0;2023;7;2;19;Львів;Зіткнення автомобілів;Порушення маневрування
п'ятниця;Сихівський;Святого Івана Павла ІІ, просп.;наїзд на інші види перешкод;перевищення безпечної швидкості;2;49.801574;24.043369;1;0;1;0;0;2023;7;4;0;Львів;Наїзд на перешкоду;Перевищення швидкості
вівторок;Шевченківський;Замарстинівська;наїзд на транспортний засіб, що стоїть - по ходу руху;недодержання дистанції, перевищення безпечної швидкості;2;49.862181;24.026622;1;0;1;0;0;2023;7;1;13;Львів;Інше;Перевищення швидкості
субота;Личаківський;Опришківська;зіткнення бокове;перевищення безпечної швидкості, порушення правил маневрування;3;49.85092;24.043686;2;0;1;0;0;2023;6;5;13;Львів;Зіткнення автомобілів;Порушення маневрування
четвер;Шевченківський;Лінкольна А.;наїзд на пішохода - пішохід рухався у попутному напрямку;порушення правил маневрування;2;49.866732;24.044008;1;0;1;0;0;2023;7;3;11;Львів;Наїзд на пішохода;Порушення маневрування
четвер;Залізничний;На Чвертях;наїзд на пішохода - пішохід рухався у попутному напрямку;порушення правил маневрування;2;49.849457;23.970746;1;0;1;0;0;2023;6;3;7;Львів;Наїзд на пішохода;Порушення маневрування
четвер;Сихівський;Сихівська;зіткнення бокове;порушення правил проїзду перехресть, керування транспортним засобом у нетверезому стані;3;49.795346;24.066464;2;0;1;0;0;2023;7;3;19;Львів;Зіткнення автомобілів;Порушення проїзду перехресть
вівторок;Личаківський;Личаківська;наїзд на пішохода - на нерегульованому пішохідному переході;порушення правил проїзду пішохідних переходів;2;49.839775;24.050156;1;0;1;0;0;2023;7;1;12;Львів;Наїзд на пішохода;Порушення проїзду переходів
понеділок;Франківський;Городоцька;наїзд на пішохода - на нерегульованому пішохідному переході;порушення правил маневрування;2;49.832835;23.980796;1;1;0;0;0;2023;7;0;7;Львів;Наїзд на пішохода;Порушення маневрування
четвер;Личаківський;Митрополита Яхимовича;наїзд на пішохода - на регульованому пішохідному переході;порушення правил проїзду пішохідних переходів;2;49.844912;24.155045;1;0;1;0;0;2023;6;3;13;Передмістя;Наїзд на пішохода;Порушення проїзду переходів
четвер;Шевченківський;Липинського В.;зіткнення з задньою частиною тз;порушення правил зупинки і стоянки транспортного засобу;3;49.863952;24.030147;2;0;1;0;0;2023;7;3;7;Львів;Зіткнення автомобілів;Інше
п'ятниця;Сихівський;Пасічна;наїзд на пішохода - на регульованому пішохідному переході;порушення правил маневрування;2;49.806294;24.068513;1;0;1;0;0;2023;6;4;9;Львів;Наїзд на пішохода;Порушення маневрування
субота;Залізничний;Сяйво;зіткнення з задньою частиною тз;порушення правил маневрування, керування транспортним засобом у нетверезому стані;3;49.834049;23.977562;2;0;1;0;0;2023;7;5;20;Львів;Зіткнення автомобілів;Порушення маневрування
понеділок;Сихівський;Луганська;наїзд на пішохода - на регульованому пішохідному переході;порушення правил проїзду пішохідних переходів;2;49.807153;24.057688;1;0;1;0;0;2023;7;0;20;Львів;Наїзд на пішохода;Порушення проїзду переходів
п'ятниця;Шевченківський;Клепарівська;наїзд на велосипедиста - поза межами велосипедної доріжки;порушення правил маневрування;2;49.850893;24.014992;1;0;1;0;0;2023;6;4;20;Львів;Наїзд на велосипедиста;Порушення маневрування
понеділок;Франківський;Чупринки Т., ген.;зіткнення з задньою частиною тз;невиконання вимог сигналів регулювання, керування транспортним засобом у нетверезому стані;2;49.832478;24.012117;1;0;1;0;0;2023;6;0;17;Львів;Зіткнення автомобілів;П'яне водіння
п'ятниця;Шевченківський;Хмельницького Б.;зіткнення бокове;недодержання дистанції;4;49.858322;24.04742;3;0;1;0;0;2023;7;4;15;Львів;Зіткнення автомобілів;Недотримання дистанції
четвер;Шевченківський;Мазепи І., гетьм.;наїзд на пішохода - пішохід переходив дорогу поза межами піш.переходу;порушення правил маневрування;2;49.873066;24.040419;1;1;0;0;0;2023;7;3;8;Львів;Наїзд на пішохода;Порушення маневрування
п'ятниця;Залізничний;Нагірних;зіткнення лобове;порушення правил проїзду перехресть;3;49.837629;23.877157;2;0;1;0;0;2023;6;4;20;Передмістя;Зіткнення автомобілів;Порушення проїзду перехресть
вівторок;Залізничний;Городоцька;падіння пасажира;порушення правил перевезення пасажирів;2;49.837747;24.005771;1;0;1;0;0;2023;7;1;11;Львів;Падіння пасажира;Інше
субота;Галицький;Замарстинівська;наїзд на пішохода - пішохід рухався у попутному напрямку;недодержання дистанції;2;49.850016918405736;24.0270023581997;1;0;0;1;0;2023;7;5;11;Львів;Наїзд на пішохода;Недотримання дистанції
середа;Сихівський;Луганська;зіткнення з задньою частиною тз;порушення правил проїзду перехресть;3;49.810938;24.024973;2;0;1;0;0;2023;7;2;18;Львів;Зіткнення автомобілів;Порушення проїзду перехресть
неділя;Франківський;Молдавська;наїзд на пішохода - пішохід рухався у попутному напрямку;порушення правил маневрування;2;49.817007;23.99603;1;0;1;0;0;2023;7;6;12;Львів;Наїзд на пішохода;Порушення маневрування
неділя;Галицький;Замарстинівська;наїзд на пішохода - пішохід рухався у попутному напрямку;порушення правил маневрування;2;49.85046;24.027019;1;0;1;0;0;2023;6;6;17;Львів;Наїзд на пішохода;Порушення маневрування
п'ятниця;шевченківський;Варшавська;зіткнення бокове;порушення правил маневрування;2;49.864795;24.008154;1;0;0;1;0;2023;9;4;15;Львів;Зіткнення автомобілів;Порушення маневрування
вівторок;Галицький;Шпитальна;наїзд на пішохода - пішохід переходив дорогу поза межами піш.переходу;перехід у невстановленому місці;2;49.843596;24.023655;1;0;1;0;0;2023;9;1;16;Львів;Наїзд на пішохода;Інше
субота;Личаківський;Хмельницького Б.;зіткнення лобове;порушення правил маневрування, недодержання дистанції, порушення правил обгону, керування транспортним засобом у нетверезому стані;3;49.824841;24.103679;1;0;2;0;0;2023;9;5;19;Передмістя;Зіткнення автомобілів;Порушення маневрування
понеділок;Шевченківський;Коновальця Є.;наїзд на транспортний засіб, що стоїть - по ходу руху;перевищення безпечної швидкості;3;49.954486;23.97559;2;0;1;0;0;2023;9;0;17;Передмістя;Інше;Перевищення швидкості
п'ятниця;Франківський;Тролейбусна;зіткнення лобове;порушення правил проїзду перехресть;3;49.797895;24.005116;2;0;1;0;0;2023;9;4;7;Львів;Зіткнення автомобілів;Порушення проїзду перехресть
середа;Шевченківський;Івана Франка;зіткнення бокове;перевищення безпечної швидкості, недодержання дистанції;2;49.879454;24.082407;1;0;1;0;0;2023;9;2;18;Передмістя;Зіткнення автомобілів;Перевищення швидкості
четвер;Франківський;Героїв УПА;наїзд на пішохода - на нерегульованому пішохідному переході;порушення правил проїзду пішохідних переходів;2;49.829353;23.992966;1;0;1;0;0;2023;9;3;19;Львів;Наїзд на пішохода;Порушення проїзду переходів
п'ятниця;Личаківський;Галицька;наїзд на велосипедиста - велосипедист рухався у попутному напрямку;порушення правил зупинки і стоянки транспортного засобу;2;49.81715;24.14111;1;0;1;0;0;2023;9;4;16;Передмістя;Наїзд на велосипедиста;Інше
п'ятниця;Залізничний;Скнилівський пров., 8-й;зіткнення;порушення правил маневрування;3;49.813218;23.977232;2;0;1;0;0;2023;9;4;9;Львів;Зіткнення автомобілів;Порушення маневрування
четвер;Сихівський;Зелена;зіткнення лобове;порушення правил маневрування;2;49.788732;24.074875;1;0;0;1;0;2023;8;3;10;Львів;Зіткнення автомобілів;Порушення маневрування
понеділок;Сихівський;Угорська;зіткнення лобове;порушення правил маневрування;2;49.809718;24.050714;1;0;1;0;0;2023;8;0;19;Львів;Зіткнення автомобілів;Порушення маневрування
середа;Галицький;Торгова;падіння пасажира;порушення правил перевезення пасажирів;2;49.84468954471406;24.02706723900576;1;0;1;0;0;2023;9;2;10;Львів;Падіння пасажира;Інше
понеділок;Залізничний;Авіаційна;наїзд на інші види перешкод;порушення правил маневрування;2;49.825318;23.941906;1;0;1;0;0;2023;9;0;5;Львів;Наїзд на перешкоду;Порушення маневрування
п'ятниця;Залізничний;Героїв Небесної Сотні;зіткнення лобове;порушення правил маневрування, невиконання вимог сигналів регулювання;2;49.8392;23.898697;1;0;1;0;0;2023;9;4;7;Передмістя;Зіткнення автомобілів;Порушення маневрування
субота;Сихівський;Сихівська;зіткнення бокове;перевищення безпечної швидкості;2;49.796136;24.072182;1;0;1;0;0;2023;9;5;16;Львів;Зіткнення автомобілів;Перевищення швидкості
неділя;Сихівський;Червоної Калини, просп.;наїзд на транспортний засіб, що стоїть - по ходу руху;недодержання дистанції;6;49.797611;24.051379;2;0;4;0;0;2023;9;6;16;Львів;Інше;Недотримання дистанції
п'ятниця;Сихівський;Сихівська;зіткнення з задньою частиною тз;керування транспортним засобом у нетверезому стані, порушення правил маневрування, порушення правил проїзду перехресть;2;49.794543;24.06398;1;0;1;0;0;2023;9;4;22;Львів;Зіткнення автомобілів;Порушення маневрування
понеділок;Галицький;Стрийська;зіткнення з задньою частиною тз;керування транспортним засобом у нетверезому стані, порушення правил маневрування, порушення правил обгону, виїзд на смугу зустрічного руху;2;49.825175;24.021544;1;0;1;0;0;2023;9;0;7;Львів;Зіткнення автомобілів;Порушення маневрування
субота;Шевченківський;Хмельницького Б.;наїзд на велосипедиста - велосипедист рухався у попутному напрямку;порушення правил проїзду перехресть;2;49.85471;24.044483;1;0;1;0;0;2023;9;5;19;Львів;Наїзд на велосипедиста;Порушення проїзду перехресть
вівторок;Сихівський;Луганська;наїзд на пішохода - на нерегульованому пішохідному переході;порушення правил проїзду пішохідних переходів;2;49.808084;24.050617;1;0;1;0;0;2023;9;1;4;Львів;Наїзд на пішохода;Порушення проїзду переходів
субота;Залізничний;Машиністів;наїзд на пішохода - пішохід рухався у попутному напрямку;перевищення безпечної швидкості;3;49.848869;23.978938;2;0;1;0;0;2023;9;5;11;Львів;Наїзд на пішохода;Перевищення швидкості
четвер;Франківський;Княгині Ольги;зіткнення бокове;недодержання дистанції;2;49.8044;23.99911;1;0;1;0;0;2023;9;3;10;Львів;Зіткнення автомобілів;Недотримання дистанції
п'ятниця;Шевченківський;Чорновола В., просп.;наїзд на пішохода - на нерегульованому пішохідному переході;порушення правил проїзду пішохідних переходів;2;49.86058769908503;24.01982950862196;1;0;1;0;0;2023;9;4;19;Львів;Наїзд на пішохода;Порушення проїзду переходів
вівторок;Личаківський;Личаківська;зіткнення лобове;порушення правил маневрування;4;49.836066;24.068213;1;0;3;0;0;2023;9;1;23;Львів;Зіткнення автомобілів;Порушення маневрування
вівторок;Франківський;Стрийська;наїзд на пішохода - пішохід переходив дорогу поза межами піш.переходу;перехід у невстановленому місці;2;49.817126;24.020056;1;0;1;0;0;2023;9;1;21;Львів;Наїзд на пішохода;Інше
неділя;Франківський;Кульпарківська;падіння пасажира;порушення техніки безпеки пасажиром;2;49.830981168629286;23.99060709713069;1;0;1;0;0;2023;9;6;18;Львів;Падіння пасажира;Інше
середа;Галицький;Замкнена;зіткнення бокове;порушення правил обгону, виїзд на смугу зустрічного руху;4;49.841442;24.015437;2;0;2;0;0;2023;9;2;18;Львів;Зіткнення автомобілів;Інше
четвер;Залізничний;Шевченка Т.;наїзд на пішохода - на нерегульованому пішохідному переході;порушення правил проїзду пішохідних переходів;2;49.850855;23.99222;1;0;1;0;0;2023;9;3;16;Львів;Наїзд на пішохода;Порушення проїзду переходів
понеділок;Галицький;Менцинського М.;зіткнення бокове;порушення правил маневрування;2;49.84192;24.022304;1;0;1;0;0;2023;9;0;14;Львів;Зіткнення автомобілів;Порушення маневрування
четвер;Личаківський;Руфа Ю.;зіткнення бокове;перевищення безпечної швидкості, недодержання дистанції;2;49.835446;24.059629;1;0;1;0;0;2023;9;3;9;Львів;Зіткнення автомобілів;Перевищення швидкості
понеділок;Франківський;Київська;наїзд на пішохода - на нерегульованому пішохідному переході;порушення правил проїзду пішохідних переходів;2;49.833678;24.007182;1;0;1;0;0;2023;9;0;18;Львів;Наїзд на пішохода;Порушення проїзду переходів
четвер;Шевченківський;Липинського В.;наїзд на велосипедиста - велосипедист рухався у попутному напрямку;порушення правил маневрування;2;49.865113;24.050113;1;0;1;0;0;2023;9;3;18;Львів;Наїзд на велосипедиста;Порушення маневрування
п'ятниця;Шевченківський;Дороша Тараса;зіткнення бокове;виїзд на смугу зустрічного руху, порушення правил маневрування, керування транспортним засобом у нетверезому стані;3;49.877273;24.077641;1;0;2;0;0;2023;9;4;15;Передмістя;Зіткнення автомобілів;Порушення маневрування
середа;Галицький;Грецька;наїзд на інші види перешкод;перевищення безпечної швидкості, недодержання дистанції;1;49.829225;24.025045;0;0;1;0;0;2023;9;2;21;Львів;Наїзд на перешкоду;Перевищення швидкості
понеділок;Франківський;Тролейбусна;наїзд на пішохода - на нерегульованому пішохідному переході;порушення правил проїзду пішохідних переходів;2;49.809784;24.008024;1;0;1;0;0;2023;9;0;12;Львів;Наїзд на пішохода;Порушення проїзду переходів
субота;Сихівський;Червоної Калини, просп.;перекидання тз;порушення правил маневрування;1;49.799622;24.047871;0;1;0;0;0;2023;9;5;23;Львів;Перекидання;Порушення маневрування
четвер;Залізничний;Шевченка Т.;наїзд на пішохода - на нерегульованому пішохідному переході;порушення правил проїзду пішохідних переходів;2;49.845431;24.008211;1;0;1;0;0;2023;9;3;9;Львів;Наїзд на пішохода;Порушення проїзду переходів
п'ятниця;Франківський;Рубчака І.;наїзд на велосипедиста - велосипедист рухався у попутному напрямку;порушення правил маневрування;2;49.80599;24.01246;1;0;1;0;0;2023;9;4;16;Львів;Наїзд на велосипедиста;Порушення маневрування
п'ятниця;Шевченківський;Чорновола В., просп.;наїзд на пішохода - пішохід на тротуарі чи велосипедній доріжці;порушення правил маневрування;2;49.857288;24.021842;1;0;1;0;0;2023;9;4;13;Львів;Наїзд на пішохода;Порушення маневрування
понеділок;Сихівський;Червоної Калини, просп.;наїзд на велосипедиста - поза межами велосипедної доріжки;порушення правил проїзду пішохідних переходів;2;49.785902;24.059461;1;0;1;0;0;2023;9;0;22;Львів;Наїзд на велосипедиста;Порушення проїзду переходів
середа;Сихівський;Червоної Калини, просп.;наїзд на пішохода - на нерегульованому пішохідному переході;перевищення безпечної швидкості, порушення правил маневрування, порушення правил проїзду пішохідних переходів;2;49.785808;24.059286;1;0;1;0;0;2023;8;2;22;Львів;Наїзд на пішохода;Порушення маневрування
четвер;Залізничний;Бортнянського Д.;наїзд на пішохода - пішохід рухався у попутному напрямку;порушення правил маневрування;2;49.844722;24.004151;1;0;1;0;0;2023;9;3;19;Львів;Наїзд на пішохода;Порушення маневрування
п'ятниця;Галицький;Куліша П.;зіткнення бокове;порушення правил маневрування;2;49.847423;24.024294;1;0;1;0;0;2023;9;4;16;Львів;Зіткнення автомобілів;Порушення маневрування
п'ятниця;Шевченківський;Шевченка Т.;зіткнення з задньою частиною тз;перевищення безпечної швидкості, недодержання дистанції, керування транспортним засобом у нетверезому стані;2;49.855341;23.983111;1;0;1;0;0;2023;9;4;20;Львів;Зіткнення автомобілів;Перевищення швидкості
неділя;Шевченківський;Золота;наїзд на пішохода - пішохід рухався у попутному напрямку;перехід у невстановленому місці;2;49.848973;24.007632;1;0;1;0;0;2023;10;6;16;Львів;Наїзд на пішохода;Інше
понеділок;Галицький;Митрополита Андрея;наїзд на пішохода - на нерегульованому пішохідному переході;порушення правил проїзду пішохідних переходів;2;49.835702;24.008421;1;0;0;1;0;2023;10;0;8;Львів;Наїзд на пішохода;Порушення проїзду переходів
п'ятниця;Сихівський;Скорини Ф.;зіткнення бокове;порушення правил маневрування;2;49.798472;24.026627;1;0;1;0;0;2023;9;4;18;Львів;Зіткнення автомобілів;Порушення маневрування
вівторок;Франківський;Трускавецька;наїзд на транспортний засіб, що стоїть - по ходу руху;порушення правил маневрування;1;49.79746056608282;24.008680034943843;0;0;1;0;0;2023;9;1;20;Львів;Інше;Порушення маневрування
понеділок;Галицький;Матейка Я.;наїзд на пішохода - на нерегульованому пішохідному переході;порушення правил маневрування;2;49.837538766183954;24.017134968337054;1;0;1;0;0;2023;9;0;14;Львів;Наїзд на пішохода;Порушення маневрування
вівторок;Личаківський;Богданівська;зіткнення бокове;порушення правил проїзду перехресть;2;49.85737;24.07361;1;0;1;0;0;2023;9;1;15;Львів;Зіткнення автомобілів;Порушення проїзду перехресть
вівторок;Личаківський;Івасюка В.;наїзд на пішохода - пішохід переходив дорогу поза межами піш.переходу;перехід у невстановленому місці;2;49.821214;24.13709;1;0;0;1;0;2023;9;1;15;Передмістя;Наїзд на пішохода;Інше
п'ятниця;Сихівський;Червоної Калини, просп.;наїзд на пішохода - на регульованому пішохідному переході;перехід у невстановленому місці;3;49.796793;24.052269;1;0;2;0;0;2023;9;4;18;Львів;Наїзд на пішохода;Інше
понеділок;Франківський;Володимира Великого;наїзд на пішохода - на нерегульованому пішохідному переході;порушення правил маневрування;2;49.810206;24.002155;1;0;1;0;0;2023;9;0;10;Львів;Наїзд на пішохода;Порушення маневрування
вівторок;Сихівський;Червоної Калини, просп.;падіння пасажира;порушення техніки безпеки пасажиром;2;49.811937;24.045762;1;0;1;0;0;2023;9;1;12;Львів;Падіння пасажира;Інше
четвер;Франківський;Наукова;наїзд на велосипедиста - велосипедист рухався у попутному напрямку;порушення правил маневрування;2;49.805283;23.983943;1;0;1;0;0;2023;9;3;7;Львів;Наїзд на велосипедиста;Порушення маневрування
середа;Личаківський;Личаківська;наїзд на пішохода - пішохід переходив дорогу поза межами піш.переходу;порушення правил маневрування;2;49.836996;24.061542;1;0;0;1;0;2023;9;2;14;Львів;Наїзд на пішохода;Порушення маневрування
понеділок;Сихівський;Мирного Панаса;наїзд на інші види перешкод;порушення правил маневрування;1;49.815883;24.029379;0;0;1;0;0;2023;9;0;18;Львів;Наїзд на перешкоду;Порушення маневрування
четвер;Сихівський;Трильовського К.;зіткнення з задньою частиною тз;невиконання вимог сигналів регулювання;3;49.787395;24.066195;2;0;1;0;0;2023;9;3;18;Львів;Зіткнення автомобілів;Інше
четвер;Франківський;Кульпарківська;зіткнення з задньою частиною тз;порушення правил маневрування, порушення правил проїзду перехресть;2;49.81498;23.985718;1;0;1;0;0;2023;9;3;8;Львів;Зіткнення автомобілів;Порушення маневрування
вівторок;Сихівський;Стуса В.;зіткнення бокове;порушення правил маневрування;2;49.817315;24.044885;0;0;2;0;0;2023;9;1;23;Львів;Зіткнення автомобілів;Порушення маневрування
середа;Личаківський;Пасічна;зіткнення бокове;порушення правил маневрування;3;49.827706;24.071281;2;0;1;0;0;2023;8;2;17;Львів;Зіткнення автомобілів;Порушення маневрування
п'ятниця;Личаківський;Тракт-Глинянський;зіткнення з задньою частиною тз;перевищення безпечної швидкості, недодержання дистанції;2;49.84202;24.146987;1;0;1;0;0;2023;9;4;13;Передмістя;Зіткнення автомобілів;Перевищення швидкості
четвер;Шевченківський;Шевченка Т.;наїзд на пішохода - на нерегульованому пішохідному переході;порушення правил проїзду пішохідних переходів;2;49.847773;24.001125;1;0;1;0;0;2023;9;3;20;Львів;Наїзд на пішохода;Порушення проїзду переходів
п'ятниця;Сихівський;Червоної Калини, просп.;падіння пасажира;порушення техніки безпеки пасажиром;2;49.785989;24.058143;1;0;1;0;0;2023;9;4;19;Львів;Падіння пасажира;Інше
середа;Галицький;Калинець І.;наїзд на інші види перешкод;перевищення безпечної швидкості;1;49.834277;24.018281;0;0;1;0;0;2023;9;2;19;Львів;Наїзд на перешкоду;Перевищення швидкості
четвер;Личаківський;Дніпровська;наїзд на пішохода;порушення правил маневрування;2;49.831426;24.045516;1;0;1;0;0;2023;9;3;18;Львів;Наїзд на пішохода;Порушення маневрування
вівторок;Залізничний;Кульпарківська;зіткнення з задньою частиною тз;порушення правил маневрування;2;49.805916;23.981165;1;0;1;0;0;2023;9;1;17;Львів;Зіткнення автомобілів;Порушення маневрування
вівторок;Шевченківський;Хмельницького Б.;зіткнення з задньою частиною тз;порушення правил маневрування;2;49.853227;24.036659;1;0;1;0;0;2023;9;1;15;Львів;Зіткнення автомобілів;Порушення маневрування
четвер;Личаківський;Личаківська;падіння пасажира;порушення правил маневрування;2;49.839685;24.037442;1;0;1;0;0;2023;9;3;18;Львів;Падіння пасажира;Порушення маневрування
четвер;Личаківський;Хмельницького Б.;наїзд на пішохода - на нерегульованому пішохідному переході;пішоходи невиконання вимог сигналів регулювання;2;49.863032;24.051594;0;1;1;0;0;2023;9;3;12;Львів;Наїзд на пішохода;Інше
вівторок;Сихівський;Коломийська;наїзд на пішохода - на нерегульованому пішохідному переході;порушення правил проїзду пішохідних переходів;2;49.787793;24.062982;1;0;1;0;0;2023;11;1;18;Львів;Наїзд на пішохода;Порушення проїзду переходів
понеділок;Шевченківський;Шевченка Т.;зіткнення з задньою частиною тз;перевищення безпечної швидкості;2;49.871576;23.949299;1;0;1;0;0;2023;11;0;17;Львів;Зіткнення автомобілів;Перевищення швидкості
неділя;Сихівський;Сихівська;наїзд на велосипедиста - велосипедист рухався у попутному напрямку;порушення правил маневрування;2;49.79455;24.064136;1;0;1;0;0;2023;11;6;17;Львів;Наїзд на велосипедиста;Порушення маневрування
четвер;Шевченківський;Мазепи І., гетьм.;наїзд на пішохода - на нерегульованому пішохідному переході;порушення правил проїзду пішохідних переходів;2;49.87305983390522;24.049643952125862;1;0;1;0;0;2023;11;3;14;Львів;Наїзд на пішохода;Порушення проїзду переходів
вівторок;Франківський;Кульпарківська;наїзд на дерево;порушення правил маневрування;1;49.8315826484778;23.990713296368416;0;0;1;0;0;2023;11;1;16;Львів;Наїзд на перешкоду;Порушення маневрування
понеділок;Залізничний;Городоцька;наїзд на пішохода - на нерегульованому пішохідному переході;порушення правил проїзду пішохідних переходів;2;49.833609;23.970285;1;0;1;0;0;2023;12;0;15;Львів;Наїзд на пішохода;Порушення проїзду переходів
субота;Сихівський;Зелена;наїзд на велосипедиста - велосипедист рухався у попутному напрямку;порушення правил проїзду перехресть;2;49.791779;24.074258;1;0;1;0;0;2023;11;5;14;Львів;Наїзд на велосипедиста;Порушення проїзду перехресть
неділя;Личаківський;Зелена;зіткнення лобове;невиконання вимог сигналів регулювання;2;49.833843;24.037883;1;0;1;0;0;2023;11;6;10;Львів;Зіткнення автомобілів;Інше
п'ятниця;Франківський;Володимира Великого;зіткнення бокове;порушення правил маневрування;2;49.812782;23.984436;1;0;1;0;0;2023;11;4;20;Львів;Зіткнення автомобілів;Порушення маневрування
понеділок;Франківський;Наукова;наїзд на пішохода - на регульованому пішохідному переході;порушення правил маневрування;2;49.803164;24.006393;1;1;0;0;0;2023;11;0;23;Львів;Наїзд на пішохода;Порушення маневрування
вівторок;Личаківський;Пасічна;наїзд на пішохода - пішохід переходив дорогу поза межами піш.переходу;перехід у невстановленому місці;2;49.826072;24.073169;1;1;0;0;0;2023;11;1;16;Львів;Наїзд на пішохода;Інше
середа;Шевченківський;Варшавська;наїзд на пішохода - пішохід переходив дорогу поза межами піш.переходу;порушення правил маневрування;2;49.86558187470234;24.011261439503294;1;0;1;0;0;2023;11;2;15;Львів;Наїзд на пішохода;Порушення маневрування
вівторок;Личаківський;Мечникова І.;наїзд на пішохода - на нерегульованому пішохідному переході;порушення правил маневрування;2;49.834699;24.0527;1;0;1;0;0;2023;11;1;16;Львів;Наїзд на пішохода;Порушення маневрування
четвер;Франківський;Кульпарківська;наїзд на пішохода - на нерегульованому пішохідному переході;порушення правил проїзду пішохідних переходів;2;49.83344;23.99075;1;0;1;0;0;2023;11;3;18;Львів;Наїзд на пішохода;Порушення проїзду переходів
субота;Сихівський;Зелена;наїзд на пішохода - на нерегульованому пішохідному переході;порушення правил маневрування;2;49.802029;24.066083;1;0;1;0;0;2023;11;5;11;Львів;Наїзд на пішохода;Порушення маневрування