accidentDay;district;streetName;accidentType;mainAccidentCause;totalParticipantsAmount;latitude;longitude;Count_Без ушкоджень;Count_Загинув;Count_Легко травмований;Count_Тяжко травмований;Is_Intersection;Year;Month;DayOfWeek;Hour;settlement_grouped;Simple_Type;Simple_Cause
четвер;Сихівський;Святого Івана Павла ІІ, просп.;наїзд на пішохода - на нерегульованому пішохідному переході;порушення правил проїзду пішохідних переходів;2;49.801604;24.020675;1;0;1;0;0;2023;11;3;7;Львів;Наїзд на пішохода;Порушення проїзду переходів
субота;Галицький;Вітовського Д.;зіткнення лобове;порушення правил маневрування, невиконання вимог сигналів регулювання, порушення правил проїзду перехресть;2;49.83023;24.02369;1;0;1;0;0;2023;12;5;12;Львів;Зіткнення автомобілів;Порушення маневрування
четвер;Залізничний;Юнаківа М., ген.;наїзд на пішохода - пішохід переходив дорогу поза межами піш.переходу;перехід у невстановленому місці;2;49.846496;24.00046;1;0;1;0;0;2023;11;3;14;Львів;Наїзд на пішохода;Інше
неділя;Личаківський;Личаківська;наїзд на пішохода;порушення правил проїзду пішохідних переходів;2;49.838733;24.053997;1;0;1;0;0;2023;11;6;11;Львів;Наїзд на пішохода;Порушення проїзду переходів
п'ятниця;Шевченківський;Замарстинівська;наїзд на пішохода - на нерегульованому пішохідному переході;порушення правил маневрування, порушення правил проїзду пішохідних переходів;2;49.857025;24.027717;1;0;1;0;0;2023;11;4;8;Львів;Наїзд на пішохода;Порушення маневрування
п'ятниця;Сихівський;Червоної Калини, просп.;зіткнення з задньою частиною тз;порушення правил маневрування, керування транспортним засобом у нетверезому стані, недодержання дистанції;2;49.807658;24.046894;1;0;1;0;0;2023;11;4;20;Львів;Зіткнення автомобілів;Порушення маневрування
субота;Залізничний;Городоцька;наїзд на пішохода - на нерегульованому пішохідному переході;порушення правил проїзду пішохідних переходів;2;49.838007;24.006457;1;0;1;0;0;2023;11;5;18;Львів;Наїзд на пішохода;Порушення проїзду переходів
понеділок;Личаківський;Личаківська;зіткнення бокове;недодержання дистанції;3;49.840233;24.048238;2;0;1;0;0;2023;12;0;18;Львів;Зіткнення автомобілів;Недотримання дистанції
неділя;Шевченківський;Варшавська;наїзд на пішохода - пішохід переходив дорогу поза межами піш.переходу;порушення правил маневрування;2;49.86465;24.007654;1;0;1;0;0;2023;11;6;18;Львів;Наїзд на пішохода;Порушення маневрування
субота;Франківський;Бандери С.;наїзд на пішохода - на регульованому пішохідному переході;пішоходи невиконання вимог сигналів регулювання;2;49.835414;24.0052486;1;0;1;0;0;2023;11;5;11;Львів;Наїзд на пішохода;Інше
понеділок;Сихівський;Святого Івана Павла ІІ, просп.;наїзд на пішохода - лежав на дорозі;порушення правил маневрування;2;49.801904;24.046197;1;0;1;0;0;2023;11;0;7;Львів;Наїзд на пішохода;Порушення маневрування
неділя;Шевченківський;Лінкольна А.;наїзд на велосипедиста - велосипедист рухався у попутному напрямку;порушення правил маневрування, порушення правил обгону;2;49.86649;24.039534;1;0;1;0;0;2023;11;6;15;Львів;Наїзд на велосипедиста;Порушення маневрування
вівторок;Сихівський;Стрийська;зіткнення бокове;порушення правил проїзду перехресть;2;49.786209;24.02645;1;0;1;0;0;2023;11;1;16;Львів;Зіткнення автомобілів;Порушення проїзду перехресть
четвер;Франківський;Тролейбусна;зіткнення з задньою частиною тз;порушення правил проїзду перехресть, невиконання вимог сигналів регулювання;2;49.79786;24.005116;1;0;1;0;0;2023;11;3;23;Львів;Зіткнення автомобілів;Порушення проїзду перехресть
п'ятниця;Сихівський;Святого Івана Павла ІІ, просп.;наїзд на пішохода - на нерегульованому пішохідному переході;порушення правил маневрування;2;49.802143;24.029031;1;0;1;0;0;2023;11;4;6;Львів;Наїзд на пішохода;Порушення маневрування
субота;Галицький;Стуса В.;наїзд на пішохода - на регульованому пішохідному переході;пішоходи невиконання вимог сигналів регулювання;2;49.820743;24.03991;1;0;1;0;0;2023;11;5;17;Львів;Наїзд на пішохода;Інше
п'ятниця;Франківський;Княгині Ольги;наїзд на пішохода - на нерегульованому пішохідному переході;порушення правил проїзду пішохідних переходів;2;49.80673;23.998647;1;0;1;0;0;2023;11;4;17;Львів;Наїзд на пішохода;Порушення проїзду переходів
п'ятниця;Залізничний;Городоцька;наїзд на дорожний знак, бордюрний камінь;перевищення безпечної швидкості;1;49.82531;23.938902;0;0;1;0;0;2023;11;4;21;Львів;Наїзд на перешкоду;Перевищення швидкості
середа;Залізничний;Городоцька;зіткнення лобове;порушення правил маневрування, керування транспортним засобом у нетверезому стані;2;49.82883;23.958408;1;0;1;0;0;2023;11;2;18;Львів;Зіткнення автомобілів;Порушення маневрування
п'ятниця;Шевченківський;Єрошенка В.;наїзд на транспортний засіб, що стоїть - по ходу руху;порушення правил маневрування, керування транспортним засобом у нетверезому стані;2;49.511;45467.0;1;0;1;0;0;2023;11;4;22;Львів;Інше;Порушення маневрування
середа;Залізничний;Сяйво;зіткнення з задньою частиною тз;перевищення безпечної швидкості, недодержання дистанції;3;49.839148;23.977377;2;0;1;0;0;2023;11;2;17;Львів;Зіткнення автомобілів;Перевищення швидкості
вівторок;Франківський;Кульпарківська;наїзд на дерево;перевищення безпечної швидкості;1;49.829176;23.990257;0;0;1;0;0;2023;11;1;5;Львів;Наїзд на перешкоду;Перевищення швидкості
неділя;Личаківський;Пасічна;наїзд на пішохода - на нерегульованому пішохідному переході;порушення правил проїзду пішохідних переходів;2;49.82782;24.071227;1;0;1;0;0;2023;11;6;15;Львів;Наїзд на пішохода;Порушення проїзду переходів
вівторок;Залізничний;Виговського І.;зіткнення з задньою частиною тз;порушення правил маневрування, недодержання дистанції;2;49.8134;23.978067;1;0;1;0;0;2023;11;1;17;Львів;Зіткнення автомобілів;Порушення маневрування
вівторок;Франківський;Княгині Ольги;наїзд на велосипедиста - велосипедист рухався у попутному напрямку;порушення правил проїзду пішохідних переходів;2;49.804241;23.997178;1;0;1;0;0;2023;11;1;12;Львів;Наїзд на велосипедиста;Порушення проїзду переходів
понеділок;Сихівський;Зелена;перекидання тз;порушення правил маневрування;1;49.799439;24.069414;0;0;1;0;0;2023;11;0;20;Львів;Перекидання;Порушення маневрування
вівторок;Залізничний;Залізнична;зіткнення з задньою частиною тз;перевищення безпечної швидкості, недодержання дистанції;3;49.837519;24.002037;2;0;1;0;0;2023;11;1;14;Львів;Зіткнення автомобілів;Перевищення швидкості
неділя;Шевченківський;Липинського В.;наїзд на пішохода - на нерегульованому пішохідному переході;порушення правил проїзду пішохідних переходів;2;49.865024;24.050944;1;0;1;0;0;2023;11;6;12;Львів;Наїзд на пішохода;Порушення проїзду переходів
субота;Галицький;Князя Ярослава Осмомисла, пл.;зіткнення лобове;порушення правил маневрування;2;49.844701;24.028602;1;0;1;0;0;2023;11;5;9;Львів;Зіткнення автомобілів;Порушення маневрування
четвер;Франківський;Коновальця Є.;наїзд на пішохода - пішохід переходив дорогу поза межами піш.переходу;перехід у невстановленому місці;2;49.828969;24.000591;1;0;1;0;0;2023;11;3;13;Львів;Наїзд на пішохода;Інше
четвер;Франківський;Кульпарківська;наїзд на інші види перешкод;порушення правил маневрування;2;49.82292075416931;23.98917599139344;1;0;1;0;0;2023;11;3;21;Львів;Наїзд на перешкоду;Порушення маневрування
п'ятниця;Залізничний;Яворницького Д.;наїзд на пішохода - на нерегульованому пішохідному переході;порушення правил проїзду пішохідних переходів;2;49.825519;23.975767;1;1;0;0;0;2023;11;4;6;Львів;Наїзд на пішохода;Порушення проїзду переходів
середа;Галицький;Кривоноса М.;зіткнення з задньою частиною тз;перевищення безпечної швидкості, керування транспортним засобом у нетверезому стані;2;49.845292;24.040221;1;0;1;0;0;2023;11;2;20;Львів;Зіткнення автомобілів;Перевищення швидкості
середа;Шевченківський;Хмельницького Б.;наїзд на інші види перешкод;перевищення безпечної швидкості;2;49.873439;24.060311;1;0;1;0;0;2023;11;2;20;Львів;Наїзд на перешкоду;Перевищення швидкості
вівторок;Франківський;Чупринки Т., ген.;наїзд на пішохода - пішохід переходив дорогу поза межами піш.переходу;перехід у невстановленому місці;2;49.828151;24.005095;1;1;0;0;0;2023;11;1;16;Львів;Наїзд на пішохода;Інше
неділя;Сихівський;Сихівська;наїзд на пішохода - на нерегульованому пішохідному переході;порушення правил маневрування;2;49.79471;24.0652;1;0;1;0;0;2023;11;6;14;Львів;Наїзд на пішохода;Порушення маневрування
вівторок;Франківський;Симоненка В.;зіткнення бокове;порушення правил проїзду перехресть;3;49.805017;23.986545;0;0;3;0;0;2023;12;1;7;Львів;Зіткнення автомобілів;Порушення проїзду перехресть
середа;Галицький;Ринок, пл.;наїзд на пішохода - пішохід переходив дорогу поза межами піш.переходу;порушення правил маневрування;2;49.84156899590784;24.032668929875545;1;0;1;0;0;2023;11;2;13;Львів;Наїзд на пішохода;Порушення маневрування
вівторок;Галицький;Кривоноса М.;наїзд на пішохода - пішохід рухався у попутному напрямку;порушення правил маневрування;2;49.847178;24.041685;1;0;1;0;0;2023;11;1;11;Львів;Наїзд на пішохода;Порушення маневрування
вівторок;Шевченківський;Варшавська;зіткнення з задньою частиною тз;перевищення безпечної швидкості, недодержання дистанції;4;49.86547;24.01099;3;0;0;1;0;2023;11;1;20;Львів;Зіткнення автомобілів;Перевищення швидкості
середа;Шевченківський;Шевченка Т.;зіткнення бокове;невиконання вимог сигналів регулювання, керування транспортним засобом у нетверезому стані;3;49.867923;23.952793;1;0;2;0;0;2023;11;2;14;Львів;Зіткнення автомобілів;П'яне водіння
четвер;Залізничний;Городоцька;наїзд на пішохода - пішохід переходив дорогу поза межами піш.переходу;перехід у невстановленому місці;2;49.830363;23.966868;1;0;1;0;0;2023;11;3;6;Львів;Наїзд на пішохода;Інше
понеділок;Сихівський;Святого Івана Павла ІІ, просп.;наїзд на пішохода - пішохід рухався у попутному напрямку;перевищення безпечної швидкості, керування транспортним засобом у нетверезому стані;2;49.799924;24.034781;1;0;1;0;0;2023;1;0;19;Львів;Наїзд на пішохода;Перевищення швидкості
понеділок;Сихівський;Зелена;наїзд на пішохода - пішохід рухався у попутному напрямку;перехід у невстановленому місці;2;49.80179;24.065772;1;0;0;1;0;2023;1;0;7;Львів;Наїзд на пішохода;Інше
понеділок;Сихівський;Зубрівська;наїзд на велосипедиста - велосипедист рухався у попутному напрямку;порушення правил маневрування;2;49.797756;24.062489;1;0;1;0;0;2023;1;0;14;Львів;Наїзд на велосипедиста;Порушення маневрування
понеділок;Франківський;Музики Я.;наїзд на велосипедиста - велосипедист рухався у попутному напрямку;порушення правил проїзду перехресть;2;49.814488;24.001458;1;0;1;0;0;2023;1;0;17;Львів;Наїзд на велосипедиста;Порушення проїзду перехресть
вівторок;Залізничний;Виговського І.;зіткнення бокове;недодержання дистанції;3;49.813079;23.977876;2;0;1;0;0;2023;2;1;12;Львів;Зіткнення автомобілів;Недотримання дистанції
четвер;Франківський;Київська;наїзд на пішохода - на нерегульованому пішохідному переході;порушення правил проїзду пішохідних переходів, порушення правил маневрування;2;49.83308;24.009622;1;0;1;0;0;2023;3;3;16;Львів;Наїзд на пішохода;Порушення маневрування
четвер;Шевченківський;Грінченка Б.;наїзд на пішохода - на нерегульованому пішохідному переході;порушення правил проїзду пішохідних переходів;2;49.872596;24.0508;1;0;1;0;0;2023;3;3;19;Львів;Наїзд на пішохода;Порушення проїзду переходів
субота;Шевченківський;Хмельницького Б.;зіткнення з задньою частиною тз;порушення правил маневрування, перевищення безпечної швидкості, недодержання дистанції;2;49.864564;24.053058;1;0;1;0;0;2023;2;5;21;Львів;Зіткнення автомобілів;Порушення маневрування
четвер;Залізничний;Кульчицької О.;наїзд на пішохода - пішохід рухався у попутному напрямку;порушення правил маневрування;2;49.817749;23.973391;1;0;1;0;0;2023;3;3;16;Львів;Наїзд на пішохода;Порушення маневрування
вівторок;Франківський;Гіпсова;наїзд на пішохода - пішохід рухався у попутному напрямку;порушення правил маневрування;2;49.82502;23.992156;1;0;1;0;0;2023;3;1;18;Львів;Наїзд на пішохода;Порушення маневрування
субота;Залізничний;Шевченка Т.;наїзд на пішохода - на нерегульованому пішохідному переході;порушення правил проїзду пішохідних переходів;2;49.84824;23.999253;1;0;1;0;0;2023;3;5;8;Львів;Наїзд на пішохода;Порушення проїзду переходів
середа;Сихівський;Святого Івана Павла ІІ, просп.;наїзд на інші види перешкод;перевищення безпечної швидкості;1;49.798497;24.034631;0;0;0;1;0;2023;3;2;20;Львів;Наїзд на перешкоду;Перевищення швидкості
вівторок;Личаківський;Зелена;наїзд на пішохода - пішохід рухався у попутному напрямку;порушення правил маневрування, порушення правил проїзду пішохідних переходів;2;49.83044;24.043697;1;0;1;0;0;2023;3;1;10;Львів;Наїзд на пішохода;Порушення маневрування
вівторок;Личаківський;Івасюка В.;наїзд на пішохода - пішохід рухався у попутному напрямку;порушення правил маневрування;3;49.817049;24.137471;2;0;1;0;0;2023;2;1;11;Передмістя;Наїзд на пішохода;Порушення маневрування
п'ятниця;Франківський;Тролейбусна;наїзд на пішохода - на регульованому пішохідному переході;порушення правил маневрування;2;49.797943;24.005105;1;0;1;0;0;2023;3;4;9;Львів;Наїзд на пішохода;Порушення маневрування
п'ятниця;Шевченківський;Хмельницького Б.;наїзд на пішохода - пішохід рухався у попутному напрямку;порушення правил проїзду пішохідних переходів;2;49.853058;24.035618;1;0;1;0;0;2023;2;4;21;Львів;Наїзд на пішохода;Порушення проїзду переходів
понеділок;Личаківський;Тракт-Глинянський;зіткнення бокове;перевищення безпечної швидкості;4;49.841463;24.151425;2;0;2;0;0;2023;2;0;17;Передмістя;Зіткнення автомобілів;Перевищення швидкості
неділя;Франківський;Сахарова А., акад.;наїзд на інші види перешкод;перевищення безпечної швидкості, недодержання дистанції;2;49.830391798054;24.0145089739863;0;0;2;0;0;2023;3;6;22;Львів;Наїзд на перешкоду;Перевищення швидкості
неділя;Шевченківський;Хмельницького Б.;наїзд на опори (леп, телефонних та телеграфних ліній, рекламоносіїв, щогли антен моб. зв'язку, тощо);перевищення безпечної швидкості;2;49.876758;24.063411;0;0;2;0;0;2023;2;6;20;Львів;Інше;Перевищення швидкості
понеділок;Шевченківський;Варшавська;наїзд на пішохода - пішохід рухався у попутному напрямку;порушення правил проїзду пішохідних переходів;2;49.862043;24.007552;1;0;0;1;0;2023;3;0;13;Львів;Наїзд на пішохода;Порушення проїзду переходів
четвер;Залізничний;Виговського І.;зіткнення бокове;керування транспортним засобом у нетверезому стані, перевищення безпечної швидкості, недодержання дистанції;3;49.81716;23.971862;2;0;1;0;0;2023;2;3;22;Львів;Зіткнення автомобілів;Перевищення швидкості
понеділок;Сихівський;Святого Івана Павла ІІ, просп.;наїзд на пішохода - пішохід рухався у попутному напрямку;порушення правил проїзду пішохідних переходів;2;49.801679;24.020626;1;0;1;0;0;2023;3;0;8;Львів;Наїзд на пішохода;Порушення проїзду переходів
вівторок;Франківський;Володимира Великого;наїзд на пішохода - пішохід рухався у попутному напрямку;порушення правил маневрування;2;49.808153;24.005502;1;0;1;0;0;2023;3;1;12;Львів;Наїзд на пішохода;Порушення маневрування
середа;Сихівський;Гашека Я.;наїзд на пішохода - на нерегульованому пішохідному переході;порушення правил проїзду пішохідних переходів, керування транспортним засобом у нетверезому стані;2;49.796641;24.021097;1;0;1;0;0;2023;2;2;14;Львів;Наїзд на пішохода;Порушення проїзду переходів
субота;Шевченківський;Шевченка Т.;наїзд на транспортний засіб, що стоїть - по ходу руху;перевищення безпечної швидкості, недодержання дистанції;3;49.871816;23.928902;2;0;1;0;0;2023;2;5;17;Львів;Інше;Перевищення швидкості
субота;Франківський;Наукова;зіткнення з задньою частиною тз;перевищення безпечної швидкості, недодержання дистанції, керування транспортним засобом у нетверезому стані;4;49.803081;24.005588;3;0;1;0;0;2023;2;5;18;Львів;Зіткнення автомобілів;Перевищення швидкості
вівторок;Залізничний;Городоцька;наїзд на пішохода - пішохід рухався у попутному напрямку;порушення правил маневрування;2;49.833069;23.981985;1;0;1;0;0;2023;3;1;22;Львів;Наїзд на пішохода;Порушення маневрування
четвер;Сихівський;Угорська;зіткнення бокове;порушення правил маневрування;2;49.812048;24.040752;1;0;1;0;0;2023;3;3;8;Львів;Зіткнення автомобілів;Порушення маневрування
середа;Франківський;Київська;наїзд на пішохода - пішохід рухався у попутному напрямку;порушення правил маневрування;2;49.833294;24.008158;1;0;1;0;0;2023;3;2;13;Львів;Наїзд на пішохода;Порушення маневрування
середа;Шевченківський;Єрошенка В.;наїзд на пішохода - пішохід рухався у попутному напрямку;перевищення безпечної швидкості, недодержання дистанції;2;49.848226;24.001045;1;0;1;0;0;2023;3;2;9;Львів;Наїзд на пішохода;Перевищення швидкості
середа;Залізничний;Кричевського М.;наїзд на пішохода - пішохід рухався у попутному напрямку;порушення правил маневрування;2;49.822584;23.96587;1;0;1;0;0;2023;2;2;14;Львів;Наїзд на пішохода;Порушення маневрування
середа;Залізничний;Кульпарківська;наїзд на пішохода - пішохід рухався у попутному напрямку;порушення правил маневрування;2;49.804522;23.981073;1;0;1;0;0;2023;2;2;20;Львів;Наїзд на пішохода;Порушення маневрування
вівторок;Залізничний;Городоцька;наїзд на пішохода - пішохід рухався у попутному напрямку;неочікуваний вихід на проїзну частину;2;49.821611;23.918706;1;0;1;0;0;2023;3;1;19;Львів;Наїзд на пішохода;Інше
субота;Франківський;Стрийська;наїзд на опори (леп, телефонних та телеграфних ліній, рекламоносіїв, щогли антен моб. зв'язку, тощо);перевищення безпечної швидкості;2;49.796305;24.016591;0;0;1;1;0;2023;3;5;0;Львів;Інше;Перевищення швидкості
четвер;Шевченківський;Єрошенка В.;зіткнення бокове;порушення правил маневрування;3;49.855782;24.073646;2;1;0;0;0;2023;3;3;16;Львів;Зіткнення автомобілів;Порушення маневрування
понеділок;Залізничний;Авіаційна;наїзд на пішохода - пішохід рухався у попутному напрямку;порушення правил маневрування;2;49.814481;23.930352;1;1;0;0;0;2023;3;0;13;Львів;Наїзд на пішохода;Порушення маневрування
вівторок;Личаківський;Пекарська;наїзд на пішохода - пішохід рухався у попутному напрямку;порушення правил маневрування;2;49.835785;24.048337;1;0;1;0;0;2023;3;1;16;Львів;Наїзд на пішохода;Порушення маневрування
вівторок;Залізничний;Городоцька;зіткнення бокове;порушення правил проїзду перехресть;3;49.838346;24.007112;2;0;1;0;0;2023;3;1;9;Львів;Зіткнення автомобілів;Порушення проїзду перехресть
субота;Залізничний;Виговського І.;наїзд на пішохода - пішохід переходив дорогу поза межами піш.переходу;перехід у невстановленому місці;2;49.813169;23.980891;1;0;1;0;0;2023;3;5;21;Львів;Наїзд на пішохода;Інше
четвер;Сихівський;Полуботка П.;зіткнення бокове;виїзд на смугу зустрічного руху;2;49.791727;24.070417;1;0;1;0;0;2023;3;3;11;Львів;Зіткнення автомобілів;Інше
неділя;Галицький;Дорошенка П.;наїзд на пішохода - пішохід переходив дорогу поза межами піш.переходу;неочікуваний вихід на проїзну частину;2;49.837488;24.0224;1;0;1;0;0;2023;3;6;19;Львів;Наїзд на пішохода;Інше
середа;Франківський;Симоненка В.;наїзд на пішохода - на нерегульованому пішохідному переході;порушення правил проїзду пішохідних переходів;2;49.8096;23.988401;1;0;1;0;0;2023;2;2;8;Львів;Наїзд на пішохода;Порушення проїзду переходів
понеділок;Франківський;Бандери С.;наїзд на пішохода - на нерегульованому пішохідному переході;порушення правил проїзду пішохідних переходів;2;49.834727;24.010416;1;0;1;0;0;2023;3;0;11;Львів;Наїзд на пішохода;Порушення проїзду переходів
четвер;Личаківський;Глинянський Тракт;зіткнення бокове;недодержання дистанції;2;49.840235;24.084933;1;0;1;0;0;2023;2;3;10;Львів;Зіткнення автомобілів;Недотримання дистанції
неділя;Залізничний;Чернівецька;наїзд на пішохода - на нерегульованому пішохідному переході;порушення правил проїзду пішохідних переходів;2;49.837519;23.999264;1;0;1;0;0;2023;3;6;13;Львів;Наїзд на пішохода;Порушення проїзду переходів
субота;Залізничний;Широка;наїзд на пішохода - пішохід рухався у попутному напрямку;порушення правил маневрування, недодержання дистанції;2;49.841885;23.970038;1;1;0;0;0;2023;2;5;19;Львів;Наїзд на пішохода;Порушення маневрування
середа;Франківський;Наукова;зіткнення бокове;порушення правил маневрування;3;49.80412;23.997359;2;0;1;0;0;2023;3;2;9;Львів;Зіткнення автомобілів;Порушення маневрування
понеділок;Личаківський;Богданівська;зіткнення бокове;перевищення безпечної швидкості;4;49.85341079170039;24.07737894711024;2;0;2;0;0;2023;2;0;19;Львів;Зіткнення автомобілів;Перевищення швидкості
четвер;Франківський;Поліщука В.;наїзд на пішохода - пішохід рухався у попутному напрямку;порушення правил маневрування;2;49.831595;23.993025;1;0;1;0;0;2023;3;3;19;Львів;Наїзд на пішохода;Порушення маневрування
субота;Галицький;Листопадового Чину;наїзд на пішохода - пішохід рухався у попутному напрямку;перевищення безпечної швидкості;2;49.840062;24.019858;1;0;0;1;0;2023;2;5;13;Львів;Наїзд на пішохода;Перевищення швидкості
середа;Сихівський;Червоної Калини, просп.;наїзд на пішохода - пішохід рухався у попутному напрямку;порушення правил маневрування;2;49.786113;24.058873;1;0;0;1;0;2023;3;2;12;Львів;Наїзд на пішохода;Порушення маневрування
середа;Сихівський;Зелена;наїзд на транспортний засіб, що стоїть - по ходу руху;недодержання дистанції, перевищення безпечної швидкості, порушення правил маневрування;2;49.792164;24.074306;0;0;2;0;0;2023;3;2;12;Львів;Інше;Порушення маневрування
понеділок;Шевченківський;Сеньковича Ф.;наїзд на пішохода - на нерегульованому пішохідному переході;порушення правил проїзду пішохідних переходів;2;49.869041;24.018146;1;1;0;0;0;2023;3;0;20;Львів;Наїзд на пішохода;Порушення проїзду переходів
вівторок;Шевченківський;Смолиста;зіткнення бокове;перевищення безпечної швидкості;3;49.894828;23.946601;2;0;1;0;0;2023;2;1;13;Передмістя;Зіткнення автомобілів;Перевищення швидкості
неділя;Личаківський;Пасічна;зіткнення бокове;перевищення безпечної швидкості, недодержання дистанції, керування транспортним засобом у нетверезому стані;3;49.827965;24.071154;2;0;1;0;0;2023;3;6;16;Львів;Зіткнення автомобілів;Перевищення швидкості
четвер;Личаківський;Пекарська;зіткнення бокове;перевищення безпечної швидкості;5;49.838124;24.040264;3;0;2;0;0;2023;3;3;23;Львів;Зіткнення автомобілів;Перевищення швидкості
п'ятниця;Франківський;Кульпарківська;зіткнення бокове;керування транспортним засобом у нетверезому стані, перевищення безпечної швидкості, недодержання дистанції;4;49.804009;23.980987;3;0;1;0;0;2023;2;4;19;Львів;Зіткнення автомобілів;Перевищення швидкості
понеділок;Шевченківський;Брюховицька;наїзд на пішохода - пішохід рухався у попутному напрямку;порушення правил маневрування;2;49.872388;23.95954;1;0;1;0;0;2023;2;0;21;Львів;Наїзд на пішохода;Порушення маневрування
понеділок;Залізничний;Шевченка Т.;зіткнення бокове;виїзд на смугу зустрічного руху, порушення правил маневрування, керування транспортним засобом у нетверезому стані;4;49.842525;23.860894;2;0;2;0;0;2023;3;0;20;Передмістя;Зіткнення автомобілів;Порушення маневрування
неділя;Франківський;Сулими І.;зіткнення бокове;порушення правил проїзду перехресть;3;49.829747;23.979678;1;0;2;0;0;2023;3;6;18;Львів;Зіткнення автомобілів;Порушення проїзду перехресть
неділя;Галицький;Торгова;зіткнення бокове;порушення правил маневрування;2;49.844971;24.025453;0;0;1;1;0;2023;3;6;19;Львів;Зіткнення автомобілів;Порушення маневрування
неділя;Сихівський;Боднарська;падіння пасажира;порушення правил маневрування;3;49.80072;24.020029;2;0;1;0;0;2023;3;6;15;Львів;Падіння пасажира;Порушення маневрування
середа;Залізничний;Петлюри С.;наїзд на пішохода - пішохід рухався у попутному напрямку;порушення правил маневрування;2;49.820587;23.978267;1;0;1;0;0;2023;3;2;8;Львів;Наїзд на пішохода;Порушення маневрування
неділя;Франківський;Княгині Ольги;наїзд на пішохода - на нерегульованому пішохідному переході;порушення правил проїзду пішохідних переходів;2;49.823359;24.007337;1;0;0;1;0;2023;2;6;20;Львів;Наїзд на пішохода;Порушення проїзду переходів
четвер;Личаківський;Зелена;наїзд на транспортний засіб, що стоїть - по ходу руху;порушення правил зупинки і стоянки транспортного засобу;2;49.829;24.044867;1;0;1;0;0;2023;2;3;9;Львів;Інше;Інше
субота;Франківський;Стрийська;падіння пасажира;порушення правил маневрування;2;49.774114;24.013882;1;0;1;0;0;2023;5;5;20;Львів;Падіння пасажира;Порушення маневрування
вівторок;Галицький;Підвальна;наїзд на пішохода - пішохід рухався у попутному напрямку;порушення правил обгону;2;49.842013;24.035221;1;0;0;1;0;2023;5;1;19;Львів;Наїзд на пішохода;Інше
субота;Сихівський;Стрийська;зіткнення лобове;перевищення безпечної швидкості;3;49.795045;24.01673;2;0;1;0;0;2023;5;5;21;Львів;Зіткнення автомобілів;Перевищення швидкості
четвер;Франківський;Наукова;перекидання тз;перевищення безпечної швидкості;1;49.804906;23.987677;0;0;1;0;0;2023;6;3;20;Львів;Перекидання;Перевищення швидкості
вівторок;Залізничний;Сяйво;зіткнення бокове;порушення правил проїзду перехресть;2;49.836273;23.977007;1;0;1;0;0;2023;5;1;20;Львів;Зіткнення автомобілів;Порушення проїзду перехресть
п'ятниця;Шевченківський;Висока;наїзд на пішохода - стояв на проїздній частині;порушення правил маневрування;2;49.87317;24.017648;1;0;1;0;0;2023;5;4;19;Львів;Наїзд на пішохода;Порушення маневрування
середа;Залізничний;Грушевського М.;наїзд на велосипедиста - велосипедист рухався у попутному напрямку;порушення правил маневрування;2;49.838474;23.861645;1;0;0;1;0;2023;5;2;16;Передмістя;Наїзд на велосипедиста;Порушення маневрування
четвер;Сихівський;Червоної Калини, просп.;перекидання тз;перевищення безпечної швидкості;1;49.790474;24.060193;0;0;1;0;0;2023;5;3;22;Львів;Перекидання;Перевищення швидкості
середа;Сихівський;Зубрівська;наїзд на інші види перешкод;перевищення встановленої швидкості;2;49.79769;24.063481;1;0;0;1;0;2023;5;2;21;Львів;Наїзд на перешкоду;Перевищення швидкості
середа;Личаківський;Мечникова І.;наїзд на інші види перешкод;перевищення безпечної швидкості;1;49.834962;24.052645;0;0;1;0;0;2023;5;2;23;Львів;Наїзд на перешкоду;Перевищення швидкості
четвер;Галицький;Франка І.;наїзд на пішохода - на нерегульованому пішохідному переході;порушення правил проїзду пішохідних переходів;2;49.837588;24.035087;1;0;1;0;0;2023;6;3;16;Львів;Наїзд на пішохода;Порушення проїзду переходів
середа;Сихівський;Кос-Анатольського А.;наїзд на пішохода - пішохід рухався у попутному напрямку;порушення правил маневрування;2;49.789414;24.062135;1;0;1;0;0;2023;5;2;17;Львів;Наїзд на пішохода;Порушення маневрування
субота;Шевченківський;Коновальця Є.;наїзд на велосипедиста - поза межами велосипедної доріжки;перевищення безпечної швидкості, недодержання дистанції;2;49.954478;23.997145;1;0;1;0;0;2023;5;5;10;Передмістя;Наїзд на велосипедиста;Перевищення швидкості
неділя;Шевченківський;Липинського В.;зіткнення з задньою частиною тз;порушення правил проїзду перехресть;4;49.860065;24.026864;2;0;2;0;0;2023;6;6;23;Львів;Зіткнення автомобілів;Порушення проїзду перехресть