accidentDay;district;streetName;accidentType;mainAccidentCause;totalParticipantsAmount;latitude;longitude;Count_Без ушкоджень;Count_Загинув;Count_Легко травмований;Count_Тяжко травмований;Is_Intersection;Year;Month;DayOfWeek;Hour;settlement_grouped;Simple_Type;Simple_Cause
четвер;Франківський;Наукова;наїзд на опори (леп, телефонних та телеграфних ліній, рекламоносіїв, щогли антен моб. зв'язку, тощо);невиконання вимог сигналів регулювання;4;49.803263;24.006425;1;0;3;0;0;2023;6;3;23;Львів;Інше;Інше
вівторок;Залізничний;Виговського І.;зіткнення бокове;порушення правил проїзду перехресть;2;49.824356;23.967603;1;0;1;0;0;2023;6;1;8;Львів;Зіткнення автомобілів;Порушення проїзду перехресть
четвер;Личаківський;Хмельницького Б.;наїзд на велосипедиста - велосипедист рухався у попутному напрямку;порушення правил маневрування;2;49.8555;24.045119;1;0;1;0;0;2023;5;3;11;Львів;Наїзд на велосипедиста;Порушення маневрування
середа;Сихівський;Святого Івана Павла ІІ, просп.;зіткнення лобове;недодержання дистанції;3;49.800118;24.03461;2;0;1;0;0;2023;5;2;15;Львів;Зіткнення автомобілів;Недотримання дистанції
четвер;Личаківський;Забава;зіткнення бокове;порушення правил зупинки і стоянки транспортного засобу;2;49.806159;24.120435;1;0;1;0;0;2023;5;3;20;Передмістя;Зіткнення автомобілів;Інше
понеділок;Личаківський;Івасюка В.;зіткнення з задньою частиною тз;порушення правил маневрування;3;49.816835;24.136684;2;0;1;0;0;2023;6;0;8;Передмістя;Зіткнення автомобілів;Порушення маневрування
п'ятниця;Галицький;Соборна, пл.;падіння пасажира;порушення правил маневрування, перевищення безпечної швидкості;2;49.838204;24.035178;1;0;1;0;0;2023;5;4;19;Львів;Падіння пасажира;Порушення маневрування
субота;Личаківський;Корольова С.;зіткнення бокове;порушення правил проїзду перехресть;2;49.827754;24.045886;1;0;1;0;0;2023;6;5;16;Львів;Зіткнення автомобілів;Порушення проїзду перехресть
понеділок;Франківський;Городоцька;падіння пасажира;порушення правил маневрування;2;49.836142;23.999494;1;0;1;0;0;2023;5;0;20;Львів;Падіння пасажира;Порушення маневрування
середа;Личаківський;Винна гора;наїзд на пішохода - пішохід рухався у попутному напрямку;неочікуваний вихід на проїзну частину;2;49.823505;24.139355;1;0;1;0;0;2023;5;2;17;Передмістя;Наїзд на пішохода;Інше
середа;Сихівський;Червоної Калини, просп.;наїзд на пішохода - пішохід рухався у попутному напрямку;неочікуваний вихід на проїзну частину;2;49.784745;24.060729;1;0;1;0;0;2023;5;2;16;Львів;Наїзд на пішохода;Інше
п'ятниця;Шевченківський;Промислова;наїзд на пішохода - пішохід переходив дорогу поза межами піш.переходу;перехід у невстановленому місці;2;49.855953;24.041487;1;0;1;0;0;2023;6;4;11;Львів;Наїзд на пішохода;Інше
середа;Личаківський;Глинянський Тракт;зіткнення бокове;порушення правил маневрування;3;49.837045;24.073829;2;0;1;0;0;2023;5;2;8;Львів;Зіткнення автомобілів;Порушення маневрування
четвер;Залізничний;Широка;наїзд на пішохода - на регульованому пішохідному переході;порушення правил маневрування;2;49.842248;23.974383;1;0;1;0;0;2023;5;3;9;Львів;Наїзд на пішохода;Порушення маневрування
вівторок;Франківський;Тролейбусна;зіткнення бокове;порушення правил маневрування;2;49.804089;24.006602;1;0;1;0;0;2023;5;1;19;Львів;Зіткнення автомобілів;Порушення маневрування
четвер;Франківський;Княгині Ольги;наїзд на пішохода - на регульованому пішохідному переході;порушення правил проїзду пішохідних переходів;3;49.822639;24.006801;1;0;2;0;0;2023;5;3;16;Львів;Наїзд на пішохода;Порушення проїзду переходів
п'ятниця;Личаківський;Галицька;зіткнення лобове;керування транспортним засобом у нетверезому стані, порушення правил маневрування, виїзд на смугу зустрічного руху;2;49.816932;24.134104;1;0;0;1;0;2023;5;4;21;Передмістя;Зіткнення автомобілів;Порушення маневрування
понеділок;Залізничний;Двірцева, пл.;наїзд на пішохода - стояв на проїздній частині;порушення правил маневрування;2;49.839584;23.995214;1;0;1;0;0;2023;6;0;12;Львів;Наїзд на пішохода;Порушення маневрування
неділя;Шевченківський;Шевченка Т.;наїзд на велосипедиста - на велосипедній доріжці;порушення правил маневрування;2;49.858619;23.973997;0;0;2;0;0;2023;5;6;11;Львів;Наїзд на велосипедиста;Порушення маневрування
четвер;Залізничний;Левандівська;зіткнення бокове;порушення правил маневрування;3;49.844179;23.983111;2;0;1;0;0;2023;5;3;20;Львів;Зіткнення автомобілів;Порушення маневрування
неділя;Шевченківський;Хмельницького Б.;зіткнення бокове;недодержання дистанції;3;49.871278;24.057929;2;0;1;0;0;2023;5;6;16;Львів;Зіткнення автомобілів;Недотримання дистанції
середа;Франківський;Володимира Великого;наїзд на пішохода - стояв на проїздній частині;перевищення безпечної швидкості, перехід у невстановленому місці;2;49.811359;23.990584;1;1;0;0;0;2023;6;2;0;Львів;Наїзд на пішохода;Перевищення швидкості
четвер;Личаківський;Пасічна;наїзд на пішохода - стояв на проїздній частині;перехід у невстановленому місці;2;49.818756;24.076635;1;0;1;0;0;2023;6;3;17;Львів;Наїзд на пішохода;Інше
середа;Шевченківський;Лінкольна А.;зіткнення лобове;порушення правил проїзду перехресть;2;49.866649;24.040967;1;0;1;0;0;2023;6;2;16;Львів;Зіткнення автомобілів;Порушення проїзду перехресть
понеділок;Залізничний;Кульпарківська;наїзд на пішохода - пішохід рухався у попутному напрямку;порушення правил маневрування;2;49.823754;23.989345;1;0;1;0;0;2023;5;0;11;Львів;Наїзд на пішохода;Порушення маневрування
четвер;Личаківський;Митна, пл.;перекидання тз;перевищення безпечної швидкості;1;49.839197;24.036857;0;0;1;0;0;2023;6;3;18;Львів;Перекидання;Перевищення швидкості
середа;Личаківський;Глинянський Тракт;падіння пасажира;порушення правил маневрування;2;49.841978;24.101064;1;0;1;0;0;2023;5;2;21;Львів;Падіння пасажира;Порушення маневрування
неділя;Шевченківський;Шевченка Т.;наїзд на пішохода - на регульованому пішохідному переході;порушення правил проїзду пішохідних переходів;2;49.854452;23.983959;1;0;1;0;0;2023;6;6;11;Львів;Наїзд на пішохода;Порушення проїзду переходів
четвер;Шевченківський;Замарстинівська;наїзд на пішохода - на нерегульованому пішохідному переході;порушення правил проїзду пішохідних переходів;2;49.86503;24.025517;1;0;1;0;0;2023;5;3;10;Львів;Наїзд на пішохода;Порушення проїзду переходів
субота;Сихівський;Мирного Панаса;наїзд на пішохода - на регульованому пішохідному переході;порушення правил проїзду пішохідних переходів;2;49.814062;24.035109;1;0;1;0;0;2023;5;5;19;Львів;Наїзд на пішохода;Порушення проїзду переходів
середа;Сихівський;Зелена;зіткнення лобове;виїзд на смугу зустрічного руху;2;49.797818;24.072112;1;0;1;0;0;2023;5;2;19;Львів;Зіткнення автомобілів;Інше
понеділок;Шевченківський;Хімічна;падіння пасажира;порушення правил маневрування;2;49.854683;24.027293;1;0;1;0;0;2023;5;0;21;Львів;Падіння пасажира;Порушення маневрування
п'ятниця;Франківський;Наукова;зіткнення бокове;порушення правил маневрування;2;49.804227;23.995793;1;0;1;0;0;2023;5;4;12;Львів;Зіткнення автомобілів;Порушення маневрування
четвер;Залізничний;Виговського І.;зіткнення лобове;перевищення безпечної швидкості;2;49.823435;23.967651;1;0;1;0;0;2023;6;3;15;Львів;Зіткнення автомобілів;Перевищення швидкості
середа;Личаківський;Личаківська;наїзд на пішохода - пішохід рухався у попутному напрямку;порушення правил маневрування;2;49.83302756206194;24.09029029863751;1;0;1;0;0;2023;5;2;21;Львів;Наїзд на пішохода;Порушення маневрування
четвер;Личаківський;Студентська;наїзд на пішохода - на регульованому пішохідному переході;порушення правил проїзду пішохідних переходів;2;49.82928;24.045811;1;0;1;0;0;2023;6;3;10;Львів;Наїзд на пішохода;Порушення проїзду переходів
неділя;Франківський;Тролейбусна;зіткнення бокове;порушення правил проїзду перехресть;2;49.797874;24.005159;1;0;1;0;0;2023;6;6;22;Львів;Зіткнення автомобілів;Порушення проїзду перехресть
середа;Залізничний;Любінська;падіння пасажира;порушення правил маневрування, недодержання дистанції;2;49.820725;23.970489;1;0;1;0;0;2023;6;2;18;Львів;Падіння пасажира;Порушення маневрування
п'ятниця;Залізничний;Караджича В.;наїзд на пішохода - стояв на проїздній частині;порушення правил маневрування;2;49.825598;23.970017;1;0;1;0;0;2023;5;4;19;Львів;Наїзд на пішохода;Порушення маневрування
четвер;Залізничний;Городоцька;наїзд на велосипедиста - велосипедист рухався у попутному напрямку;недодержання дистанції, порушення правил маневрування;2;49.830491;23.96896;1;0;1;0;0;2023;5;3;18;Львів;Наїзд на велосипедиста;Порушення маневрування
середа;Франківський;Кастелівка;наїзд на пішохода - пішохід переходив дорогу поза межами піш.переходу;порушення правил маневрування;2;49.828332;24.011108;1;0;1;0;0;2023;6;2;13;Львів;Наїзд на пішохода;Порушення маневрування
субота;Личаківський;Хоткевича Г.;наїзд на дорожне огородження;перевищення безпечної швидкості;3;49.804009;24.142392;0;0;3;0;0;2023;5;5;7;Передмістя;Наїзд на перешкоду;Перевищення швидкості
четвер;Личаківський;Руфа Ю.;наїзд на пішохода - пішоходний перехід, тз здійснював поворот вліво (вправо);порушення правил проїзду перехресть, порушення правил проїзду пішохідних переходів;2;49.836301;24.057323;1;0;0;1;0;2023;5;3;20;Львів;Наїзд на пішохода;Порушення проїзду перехресть
середа;Галицький;Дорошенка П.;зіткнення бокове;порушення правил маневрування;2;49.837619;24.02283;1;0;1;0;0;2023;6;2;13;Львів;Зіткнення автомобілів;Порушення маневрування
неділя;Галицький;Гонти І.;наїзд на пішохода - на регульованому пішохідному переході;порушення правил проїзду пішохідних переходів;2;49.844604;24.031053;1;0;1;0;0;2023;5;6;15;Львів;Наїзд на пішохода;Порушення проїзду переходів
вівторок;Сихівський;Стрийська;падіння пасажира;порушення техніки безпеки пасажиром;2;49.786664;24.015716;1;0;1;0;0;2023;6;1;22;Львів;Падіння пасажира;Інше
п'ятниця;Франківський;Мельника А.;зіткнення лобове;порушення правил проїзду перехресть;2;49.830512;24.004279;1;0;1;0;0;2023;5;4;18;Львів;Зіткнення автомобілів;Порушення проїзду перехресть
п'ятниця;Шевченківський;Чорновола В., просп.;зіткнення бокове;недодержання дистанції;2;49.859549;24.019938;1;0;1;0;0;2023;6;4;20;Львів;Зіткнення автомобілів;Недотримання дистанції
п'ятниця;Залізничний;Петлюри С.;наїзд на пішохода - на нерегульованому пішохідному переході;порушення правил проїзду пішохідних переходів;2;49.82347;23.97799;1;0;1;0;0;2023;6;4;14;Львів;Наїзд на пішохода;Порушення проїзду переходів
вівторок;Личаківський;Хмельницького Б.;зіткнення з задньою частиною тз;перевищення безпечної швидкості, недодержання дистанції;2;49.873508;24.060482;1;0;1;0;0;2023;6;1;7;Львів;Зіткнення автомобілів;Перевищення швидкості
п'ятниця;Галицький;Городоцька;наїзд на пішохода - пішохід на тротуарі чи велосипедній доріжці;порушення правил маневрування;2;49.843867;24.024096;1;0;1;0;0;2023;6;4;17;Львів;Наїзд на пішохода;Порушення маневрування
середа;Личаківський;Пасічна;зіткнення бокове;порушення правил проїзду перехресть;2;49.821726;24.075379;1;0;1;0;0;2023;5;2;19;Львів;Зіткнення автомобілів;Порушення проїзду перехресть
субота;Сихівський;Святого Івана Павла ІІ, просп.;наїзд на велосипедиста - поза межами велосипедної доріжки;порушення правил маневрування;2;49.801904;24.046197;1;0;1;0;0;2023;5;5;19;Львів;Наїзд на велосипедиста;Порушення маневрування
понеділок;Галицький;Гоголя М.;зіткнення лобове;перевищення безпечної швидкості;2;49.839913;24.018125;1;0;1;0;0;2023;6;0;18;Львів;Зіткнення автомобілів;Перевищення швидкості
неділя;Личаківський;Стрілецька;зіткнення лобове;порушення правил проїзду перехресть;2;49.812751;24.143454;1;0;1;0;0;2023;6;6;13;Передмістя;Зіткнення автомобілів;Порушення проїзду перехресть
середа;Личаківський;Богданівська;зіткнення бокове;порушення правил маневрування;2;49.855839;24.075251;1;0;1;0;0;2023;6;2;8;Львів;Зіткнення автомобілів;Порушення маневрування
вівторок;Сихівський;Червоної Калини, просп.;падіння пасажира;порушення правил маневрування;2;49.79804;24.049802;1;0;1;0;0;2023;5;1;19;Львів;Падіння пасажира;Порушення маневрування
четвер;Сихівський;Святого Івана Павла ІІ, просп.;наїзд на велосипедиста - поза межами велосипедної доріжки;порушення правил маневрування;2;49.801385;24.025109;1;1;0;0;0;2023;5;3;15;Львів;Наїзд на велосипедиста;Порушення маневрування
п'ятниця;Шевченківський;Варшавська;наїзд на пішохода - на нерегульованому пішохідному переході;порушення правил проїзду пішохідних переходів;2;49.864738;24.008002;1;0;1;0;0;2023;6;4;15;Львів;Наїзд на пішохода;Порушення проїзду переходів
середа;Шевченківський;Чорновола В., просп.;наїзд на пішохода - пішохід переходив дорогу поза межами піш.переходу;порушення правил маневрування;2;49.846991;24.025866;1;0;1;0;0;2023;6;2;15;Львів;Наїзд на пішохода;Порушення маневрування
понеділок;Шевченківський;Промислова;наїзд на велосипедиста - велосипедист рухався у попутному напрямку;порушення правил маневрування;2;49.859511;24.044716;1;0;1;0;0;2023;5;0;17;Львів;Наїзд на велосипедиста;Порушення маневрування
вівторок;Личаківський;Богданівська;наїзд на пішохода - стояв на проїздній частині;порушення правил проїзду пішохідних переходів;2;49.855839;24.075251;1;0;1;0;0;2023;6;1;18;Львів;Наїзд на пішохода;Порушення проїзду переходів
середа;Шевченківський;Невідомо;перекидання тз;порушення правил маневрування;1;49.904061;24.089863;0;0;1;0;0;2023;5;2;16;Передмістя;Перекидання;Порушення маневрування
вівторок;Шевченківський;Окуневського Т.;зіткнення бокове;порушення правил маневрування;3;49.858875;24.018302;2;0;1;0;0;2023;6;1;20;Львів;Зіткнення автомобілів;Порушення маневрування
середа;Залізничний;Кульпарківська;зіткнення бокове;порушення правил проїзду перехресть;4;49.817167;23.986861;0;0;4;0;0;2023;5;2;22;Львів;Зіткнення автомобілів;Порушення проїзду перехресть
середа;Личаківський;Івасюка В.;наїзд на пішохода - пішохід рухався у попутному напрямку;порушення правил маневрування;2;49.816939;24.136877;1;0;1;0;0;2023;6;2;20;Передмістя;Наїзд на пішохода;Порушення маневрування
субота;Сихівський;Святого Івана Павла ІІ, просп.;наїзд на велосипедиста - поза межами велосипедної доріжки;недодержання дистанції, перевищення безпечної швидкості;2;49.801932;24.021016;1;0;1;0;0;2023;5;5;12;Львів;Наїзд на велосипедиста;Перевищення швидкості
середа;Галицький;Соборна, пл.;наїзд на пішохода - пішоходний перехід, тз здійснював поворот вліво (вправо);недодержання дистанції;2;49.838827;24.035385;1;0;1;0;0;2023;8;2;17;Львів;Наїзд на пішохода;Недотримання дистанції
субота;Шевченківський;Чорновола В., просп.;наїзд на пішохода - пішохід рухався у попутному напрямку;порушення правил маневрування;2;49.863671;24.017766;1;0;1;0;0;2023;8;5;18;Львів;Наїзд на пішохода;Порушення маневрування
понеділок;Сихівський;Червоної Калини, просп.;зіткнення бокове;порушення правил маневрування;2;49.794993;24.056786;1;0;1;0;0;2023;7;0;23;Львів;Зіткнення автомобілів;Порушення маневрування
неділя;Залізничний;Любінська;зіткнення бокове;перевищення безпечної швидкості, недодержання дистанції;3;49.825216;23.979446;2;0;1;0;0;2023;7;6;20;Львів;Зіткнення автомобілів;Перевищення швидкості
вівторок;Галицький;Чорновола В., просп.;наїзд на пішохода - на нерегульованому пішохідному переході;порушення правил проїзду зупинок громадського транспорту;2;49.846987;24.025533;1;0;1;0;0;2023;8;1;17;Львів;Наїзд на пішохода;Інше
вівторок;Залізничний;Сяйво;наїзд на інші види перешкод;перевищення безпечної швидкості, керування транспортним засобом у нетверезому стані;1;49.83986349983882;23.977971870181268;0;0;1;0;0;2023;8;1;21;Львів;Наїзд на перешкоду;Перевищення швидкості
середа;Залізничний;Виговського І.;наїзд на пішохода - пішохід на зупинці громадського транспорту;порушення правил маневрування;2;49.813252;23.977452;1;0;1;0;0;2023;8;2;11;Львів;Наїзд на пішохода;Порушення маневрування
п'ятниця;Сихівський;Стрийська;перекидання тз;перевищення безпечної швидкості;1;49.797489;24.017202;0;0;1;0;0;2023;7;4;18;Львів;Перекидання;Перевищення швидкості
п'ятниця;Галицький;Данила Галицького, пл.;падіння пасажира;порушення правил маневрування;2;49.844182;24.032185;1;0;1;0;0;2023;8;4;18;Львів;Падіння пасажира;Порушення маневрування
субота;Франківський;Володимира Великого;зіткнення з задньою частиною тз;порушення правил маневрування;3;49.807866;23.99244;2;0;1;0;0;2023;8;5;21;Львів;Зіткнення автомобілів;Порушення маневрування
середа;Шевченківський;Дороша Тараса;зіткнення лобове;порушення правил маневрування;2;49.877009;24.074186;1;0;1;0;0;2023;8;2;14;Передмістя;Зіткнення автомобілів;Порушення маневрування
субота;Шевченківський;Чорновола В., просп.;перекидання тз;порушення правил маневрування;1;49.847019;24.025571;0;0;1;0;0;2023;8;5;21;Львів;Перекидання;Порушення маневрування
п'ятниця;Шевченківський;Чорновола В., просп.;наїзд на велосипедиста - поза межами велосипедної доріжки;невиконання вимог сигналів регулювання;2;49.85266;24.023479;1;0;1;0;0;2023;8;4;12;Львів;Наїзд на велосипедиста;Інше
четвер;Личаківський;Зелена;наїзд на пішохода - пішохід рухався у попутному напрямку;порушення правил маневрування;2;49.824927;24.050311;1;0;1;0;0;2023;7;3;22;Львів;Наїзд на пішохода;Порушення маневрування
п'ятниця;Галицький;Свєнціцького І.;падіння пасажира;порушення правил перевезення пасажирів;2;49.825657;24.035382;1;0;1;0;0;2023;7;4;19;Львів;Падіння пасажира;Інше
вівторок;Сихівський;Червоної Калини, просп.;наїзд на інші види перешкод;перевищення безпечної швидкості, недодержання дистанції;1;49.799633;24.047914;0;0;1;0;0;2023;8;1;0;Львів;Наїзд на перешкоду;Перевищення швидкості
п'ятниця;Залізничний;Левандівська;наїзд на пішохода - на нерегульованому пішохідному переході;порушення правил проїзду пішохідних переходів;2;49.847229;23.99159;0;0;2;0;0;2023;8;4;22;Львів;Наїзд на пішохода;Порушення проїзду переходів
неділя;Шевченківський;Чорновола В., просп.;наїзд на пішохода - на нерегульованому пішохідному переході;порушення правил маневрування;2;49.863571;24.017825;1;0;1;0;0;2023;8;6;20;Львів;Наїзд на пішохода;Порушення маневрування
четвер;Залізничний;Чорнобаївська;наїзд на велосипедиста - поза межами велосипедної доріжки;порушення правил маневрування;2;49.819528;23.969244;1;0;1;0;0;2023;8;3;15;Львів;Наїзд на велосипедиста;Порушення маневрування
субота;Шевченківський;Дублянська;наїзд на інші види перешкод;перевищення безпечної швидкості;1;49.910526;24.066843;0;0;1;0;0;2023;8;5;17;Передмістя;Наїзд на перешкоду;Перевищення швидкості
четвер;Галицький;Свободи, просп.;наїзд на пішохода - на нерегульованому пішохідному переході;пішоходи невиконання вимог сигналів регулювання;2;49.84041;24.02772;1;0;1;0;0;2023;7;3;11;Львів;Наїзд на пішохода;Інше
субота;Шевченківський;Львівська;наїзд на пішохода - на нерегульованому пішохідному переході;порушення правил проїзду пішохідних переходів;2;49.911115;24.053976;1;0;1;0;0;2023;8;5;21;Передмістя;Наїзд на пішохода;Порушення проїзду переходів
неділя;Залізничний;Кульпарківська;зіткнення бокове;недодержання дистанції, керування транспортним засобом у нетверезому стані, перевищення безпечної швидкості, порушення правил маневрування;2;49.804729;23.981159;1;0;1;0;0;2023;8;6;23;Львів;Зіткнення автомобілів;Порушення маневрування
понеділок;Сихівський;Червоної Калини, просп.;наїзд на пішохода - на нерегульованому пішохідному переході;порушення правил маневрування;2;49.796464;24.053664;1;0;1;0;0;2023;8;0;19;Львів;Наїзд на пішохода;Порушення маневрування
вівторок;Шевченківський;Липинського В.;наїзд на велосипедиста - велосипедист рухався у попутному напрямку;порушення правил проїзду перехресть;2;49.865238;24.048509;1;0;1;0;0;2023;8;1;13;Львів;Наїзд на велосипедиста;Порушення проїзду перехресть
субота;Залізничний;Городоцька;зіткнення лобове;невиконання вимог сигналів регулювання;2;49.82817;23.95457;1;0;1;0;0;2023;8;5;18;Львів;Зіткнення автомобілів;Інше
середа;Сихівський;Максимовича М.;зіткнення бокове;порушення правил маневрування;2;49.79383;24.02034;1;0;1;0;0;2023;8;2;11;Львів;Зіткнення автомобілів;Порушення маневрування
неділя;Залізничний;Кульпарківська;наїзд на пішохода - на нерегульованому пішохідному переході;порушення правил проїзду пішохідних переходів;2;49.804989;23.980891;1;0;1;0;0;2023;8;6;14;Львів;Наїзд на пішохода;Порушення проїзду переходів
субота;Франківський;Володимира Великого;наїзд на пішохода - пішохід рухався у попутному напрямку;порушення правил маневрування;2;49.809521;24.002681;1;0;1;0;0;2023;8;5;11;Львів;Наїзд на пішохода;Порушення маневрування
п'ятниця;Шевченківський;Сковороди Г.;наїзд на пішохода - пішохід рухався у попутному напрямку;порушення правил маневрування;2;49.886793;24.081791;1;0;1;0;0;2023;8;4;17;Передмістя;Наїзд на пішохода;Порушення маневрування
середа;Галицький;Франка І.;наїзд на пішохода - на нерегульованому пішохідному переході;порушення правил проїзду пішохідних переходів;2;49.827034;24.033741;1;0;0;1;0;2023;8;2;21;Львів;Наїзд на пішохода;Порушення проїзду переходів
середа;Сихівський;Стрийська;зіткнення бокове;перевищення безпечної швидкості, порушення правил проїзду перехресть;2;49.783772;24.014182;1;0;1;0;0;2023;8;2;9;Львів;Зіткнення автомобілів;Перевищення швидкості
п'ятниця;Сихівський;Стрийська;наїзд на пішохода - стояв на проїздній частині;порушення правил маневрування;2;49.798421;24.018527;1;0;1;0;0;2023;7;4;8;Львів;Наїзд на пішохода;Порушення маневрування
четвер;Личаківський;Мечникова І.;наїзд на пішохода - на нерегульованому пішохідному переході;перевищення безпечної швидкості;2;49.834699;24.0527;1;0;1;0;0;2023;8;3;12;Львів;Наїзд на пішохода;Перевищення швидкості
середа;Франківський;Кульпарківська;зіткнення бокове;порушення правил маневрування;3;49.830491;23.99052;1;0;2;0;0;2023;8;2;13;Львів;Зіткнення автомобілів;Порушення маневрування
середа;Сихівський;Луганська;зіткнення бокове;порушення правил проїзду перехресть;3;49.811883;24.022044;1;0;2;0;0;2023;7;2;18;Львів;Зіткнення автомобілів;Порушення проїзду перехресть
понеділок;Залізничний;Городоцька;наїзд на пішохода - пішохід рухався у попутному напрямку;порушення правил маневрування;2;49.838328;24.006886;1;0;1;0;0;2023;8;0;8;Львів;Наїзд на пішохода;Порушення маневрування
п'ятниця;Франківський;Кульпарківська;наїзд на пішохода - пішохід на тротуарі чи велосипедній доріжці;порушення правил маневрування;2;49.82638;23.989415;1;0;1;0;0;2023;6;4;18;Львів;Наїзд на пішохода;Порушення маневрування
п'ятниця;Сихівський;Червоної Калини, просп.;зіткнення бокове;порушення правил маневрування;2;49.798265;24.050794;1;0;1;0;0;2023;8;4;15;Львів;Зіткнення автомобілів;Порушення маневрування
п'ятниця;Залізничний;Виговського І.;зіткнення бокове;порушення правил маневрування;2;49.825013;23.96763;1;0;1;0;0;2023;7;4;11;Львів;Зіткнення автомобілів;Порушення маневрування
п'ятниця;Сихівський;Стрийська;зіткнення бокове;порушення правил маневрування, порушення правил проїзду перехресть;2;49.797393;24.017393;1;0;1;0;0;2023;7;4;19;Львів;Зіткнення автомобілів;Порушення маневрування
четвер;Сихівський;Сихівська;зіткнення лобове;невиконання вимог сигналів регулювання;2;49.796281;24.063358;1;0;1;0;0;2023;8;3;13;Львів;Зіткнення автомобілів;Інше
середа;Залізничний;Шевченка Т.;наїзд на пішохода - на нерегульованому пішохідному переході;порушення правил маневрування, керування транспортним засобом у нетверезому стані;2;49.845462;24.008131;1;0;1;0;0;2023;8;2;22;Львів;Наїзд на пішохода;Порушення маневрування
п'ятниця;Шевченківський;Промислова;наїзд на пішохода - на нерегульованому пішохідному переході;неочікуваний вихід на проїзну частину;2;49.857458;24.042452;1;0;1;0;0;2023;8;4;17;Львів;Наїзд на пішохода;Інше
середа;Франківський;Кульпарківська;наїзд на велосипедиста - на велосипедній доріжці;порушення правил маневрування;2;49.8046;23.98183;1;0;1;0;0;2023;8;2;8;Львів;Наїзд на велосипедиста;Порушення маневрування
вівторок;Галицький;Шептицьких;наїзд на пішохода - пішохід рухався у попутному напрямку;порушення правил маневрування;2;49.836823;24.006522;1;0;1;0;0;2023;8;1;15;Львів;Наїзд на пішохода;Порушення маневрування
понеділок;Галицький;Франка І.;перекидання тз;перевищення безпечної швидкості;1;49.8304161288526;24.0317238404565;0;0;1;0;0;2023;8;0;20;Львів;Перекидання;Перевищення швидкості
четвер;Залізничний;Городоцька;зіткнення лобове;порушення правил проїзду перехресть;4;49.823418;23.9295;1;0;3;0;0;2023;8;3;8;Львів;Зіткнення автомобілів;Порушення проїзду перехресть
п'ятниця;Сихівський;Луганська;зіткнення бокове;порушення правил маневрування;2;49.812134;24.021976;1;0;1;0;0;2023;8;4;17;Львів;Зіткнення автомобілів;Порушення маневрування
неділя;Галицький;Коперника М.;наїзд на велосипедиста - велосипедист рухався у попутному напрямку;порушення правил проїзду перехресть;2;49.834564;24.02019;1;0;1;0;0;2023;8;6;20;Львів;Наїзд на велосипедиста;Порушення проїзду перехресть
понеділок;Франківський;Чупринки Т., ген.;наїзд на пішохода - на нерегульованому пішохідному переході;порушення правил маневрування;2;49.830287;45558.0;1;0;1;0;0;2023;8;0;16;Львів;Наїзд на пішохода;Порушення маневрування
понеділок;Франківський;Кульпарківська;наїзд на пішохода - на нерегульованому пішохідному переході;порушення правил проїзду пішохідних переходів;2;49.829842;23.990334;1;0;1;0;0;2023;8;0;18;Львів;Наїзд на пішохода;Порушення проїзду переходів
понеділок;Шевченківський;Тесленка А.;наїзд на пішохода - на нерегульованому пішохідному переході;порушення правил проїзду пішохідних переходів, порушення правил проїзду перехресть;2;49.852705;24.027759;1;0;1;0;0;2023;7;0;19;Львів;Наїзд на пішохода;Порушення проїзду перехресть
вівторок;Сихівський;Червоної Калини, просп.;наїзд на пішохода - на нерегульованому пішохідному переході;неочікуваний вихід на проїзну частину;3;49.808162;24.046465;2;0;1;0;0;2023;8;1;22;Львів;Наїзд на пішохода;Інше
неділя;Шевченківський;Під Голоском;наїзд на велосипедиста - велосипедист рухався у попутному напрямку;порушення правил маневрування;2;49.868717;24.01456;1;0;1;0;0;2023;8;6;13;Львів;Наїзд на велосипедиста;Порушення маневрування
середа;Шевченківський;Тичини П.;зіткнення з задньою частиною тз;неочікуваний вихід на проїзну частину;2;49.870576;24.033432;1;0;1;0;0;2023;8;2;14;Львів;Зіткнення автомобілів;Інше
вівторок;Личаківський;Личаківська;наїзд на пішохода - на нерегульованому пішохідному переході;порушення правил маневрування;2;49.839885;24.049603;1;0;1;0;0;2023;8;1;22;Львів;Наїзд на пішохода;Порушення маневрування
вівторок;Франківський;Стрийська;наїзд на пішохода - пішохід рухався у попутному напрямку;порушення правил маневрування;2;49.812684;24.018076;1;0;1;0;0;2023;8;1;14;Львів;Наїзд на пішохода;Порушення маневрування
субота;Сихівський;Стрийська;наїзд на пішохода - на нерегульованому пішохідному переході;порушення правил проїзду пішохідних переходів;2;49.787114;24.014853;1;0;1;0;0;2023;7;5;14;Львів;Наїзд на пішохода;Порушення проїзду переходів