accidentDay;district;streetName;accidentType;mainAccidentCause;totalParticipantsAmount;latitude;longitude;Count_Без ушкоджень;Count_Загинув;Count_Легко травмований;Count_Тяжко травмований;Is_Intersection;Year;Month;DayOfWeek;Hour;settlement_grouped;Simple_Type;Simple_Cause
понеділок;Шевченківський;Шевченка Т.;наїзд на пішохода - пішохід на тротуарі чи велосипедній доріжці;перевищення безпечної швидкості, недодержання дистанції, порушення правил маневрування;2;49.945388;23.982397;1;0;1;0;0;2023;8;0;19;Передмістя;Наїзд на пішохода;Порушення маневрування
середа;Личаківський;Богданівська;наїзд на велосипедиста - велосипедист рухався у попутному напрямку;порушення правил проїзду перехресть, порушення правил маневрування;2;49.840381;24.085558;1;0;1;0;0;2023;8;2;15;Львів;Наїзд на велосипедиста;Порушення маневрування
неділя;Залізничний;Патона Є.;зіткнення бокове;порушення правил проїзду перехресть, невиконання вимог сигналів регулювання;2;49.824467;23.949219;1;0;1;0;0;2023;8;6;16;Львів;Зіткнення автомобілів;Порушення проїзду перехресть
субота;Сихівський;Пасічна;зіткнення бокове;невиконання вимог сигналів регулювання;2;49.805266;24.075946;1;0;1;0;0;2023;8;5;15;Львів;Зіткнення автомобілів;Інше
понеділок;Шевченківський;Мазепи І., гетьм.;зіткнення бокове;порушення правил маневрування;2;49.871365;24.036702;1;0;1;0;0;2023;8;0;19;Львів;Зіткнення автомобілів;Порушення маневрування
четвер;Сихівський;Стрийська;зіткнення бокове;порушення правил маневрування;2;49.795384;24.01665;1;0;1;0;0;2023;7;3;17;Львів;Зіткнення автомобілів;Порушення маневрування
субота;Личаківський;Левицького К.;наїзд на пішохода - пішохід рухався у попутному напрямку;порушення правил маневрування;2;49.83373;24.04076;1;0;1;0;0;2023;8;5;22;Львів;Наїзд на пішохода;Порушення маневрування
неділя;Залізничний;Караджича В.;наїзд на пішохода - пішохід рухався у зустрічному напрямку;порушення правил маневрування;2;49.823567;23.973348;1;0;1;0;0;2023;8;6;17;Львів;Наїзд на пішохода;Порушення маневрування
четвер;Шевченківський;Київська;зіткнення з задньою частиною тз;перевищення безпечної швидкості, недодержання дистанції;4;49.886253;24.079039;3;0;1;0;0;2023;8;3;11;Передмістя;Зіткнення автомобілів;Перевищення швидкості
понеділок;Франківський;Стрийська;наїзд на пішохода - на нерегульованому пішохідному переході;порушення правил маневрування;2;49.824543;24.020727;1;0;1;0;0;2023;8;0;21;Львів;Наїзд на пішохода;Порушення маневрування
понеділок;Галицький;Замарстинівська;зіткнення бокове;порушення правил проїзду перехресть;5;49.848931;24.027405;2;0;3;0;0;2023;8;0;20;Львів;Зіткнення автомобілів;Порушення проїзду перехресть
понеділок;Залізничний;Городоцька;наїзд на пішохода - пішохід на тротуарі чи велосипедній доріжці;порушення правил маневрування;2;49.838242;24.007047;1;0;1;0;0;2023;8;0;12;Львів;Наїзд на пішохода;Порушення маневрування
понеділок;Личаківський;Іванова гора;перекидання тз;перевищення безпечної швидкості, керування транспортним засобом у нетверезому стані;2;49.842957;24.083405;0;0;1;1;0;2023;8;0;18;Львів;Перекидання;Перевищення швидкості
четвер;Личаківський;Личаківська;падіння пасажира;порушення правил проїзду перехресть;3;49.839813;24.039235;2;0;1;0;0;2023;7;3;14;Львів;Падіння пасажира;Порушення проїзду перехресть
понеділок;Сихівський;Стрийська;зіткнення бокове;порушення правил маневрування;3;49.787093;24.014858;2;0;1;0;0;2023;7;0;19;Львів;Зіткнення автомобілів;Порушення маневрування
вівторок;Шевченківський;Шевченка Т.;наїзд на пішохода - на нерегульованому пішохідному переході;порушення правил проїзду пішохідних переходів;2;49.861469;23.966896;1;0;1;0;0;2023;8;1;12;Львів;Наїзд на пішохода;Порушення проїзду переходів
понеділок;Сихівський;Червоної Калини, просп.;наїзд на пішохода - пішохід рухався у попутному напрямку;порушення правил проїзду пішохідних переходів;2;49.796243;24.052033;1;0;1;0;0;2023;8;0;23;Львів;Наїзд на пішохода;Порушення проїзду переходів
неділя;Франківський;Володимира Великого;наїзд на пішохода - на нерегульованому пішохідному переході;невиконання вимог сигналів регулювання;4;49.811529;23.989141;1;0;3;0;0;2023;8;6;19;Львів;Наїзд на пішохода;Інше
понеділок;Франківський;Наукова;наїзд на інші види перешкод;порушення правил маневрування;5;49.805294;23.985552;3;0;2;0;0;2023;8;0;23;Львів;Наїзд на перешкоду;Порушення маневрування
неділя;Шевченківський;Курортна;зіткнення з задньою частиною тз;керування транспортним засобом у нетверезому стані, недодержання дистанції;6;49.907038;23.949318;3;0;3;0;0;2023;8;6;21;Передмістя;Зіткнення автомобілів;Недотримання дистанції
вівторок;Франківський;Кульпарківська;наїзд на пішохода - на нерегульованому пішохідному переході;порушення правил проїзду пішохідних переходів;2;49.833485;23.990669;1;0;1;0;0;2023;8;1;8;Львів;Наїзд на пішохода;Порушення проїзду переходів
середа;Галицький;Вітовського Д.;наїзд на пішохода - пішохід переходив дорогу поза межами піш.переходу;неочікуваний вихід на проїзну частину;2;49.829713;24.027872;1;0;1;0;0;2023;8;2;21;Львів;Наїзд на пішохода;Інше
четвер;Залізничний;Кульпарківська;наїзд на пішохода - пішохід на тротуарі чи велосипедній доріжці;порушення правил маневрування, перевищення безпечної швидкості;2;49.811342;23.983219;1;0;1;0;0;2023;8;3;19;Львів;Наїзд на пішохода;Порушення маневрування
п'ятниця;Личаківський;Польова;зіткнення бокове;порушення правил маневрування;2;49.857398;24.063765;1;0;1;0;0;2023;8;4;21;Львів;Зіткнення автомобілів;Порушення маневрування
понеділок;Галицький;Городоцька;наїзд на пішохода - пішохід на тротуарі чи велосипедній доріжці;порушення правил маневрування;2;49.8392;24.00983;1;0;1;0;0;2023;7;0;20;Львів;Наїзд на пішохода;Порушення маневрування
четвер;Франківський;Княгині Ольги;зіткнення з задньою частиною тз;перевищення безпечної швидкості, недодержання дистанції;2;49.806367;23.998598;1;0;1;0;0;2023;8;3;8;Львів;Зіткнення автомобілів;Перевищення швидкості
п'ятниця;Франківський;Наукова;зіткнення лобове;порушення правил маневрування;2;49.803586;24.002138;0;0;2;0;0;2023;8;4;12;Львів;Зіткнення автомобілів;Порушення маневрування
понеділок;Залізничний;Городоцька;наїзд на пішохода - на нерегульованому пішохідному переході;невиконання вимог сигналів регулювання;2;49.839737;24.010915;1;0;1;0;0;2023;10;0;8;Львів;Наїзд на пішохода;Інше
понеділок;Шевченківський;о. Мармаша;наїзд на пішохода - пішохід на тротуарі чи велосипедній доріжці;перевищення безпечної швидкості;2;49.952721;23.99699;1;0;1;0;0;2023;10;0;17;Передмістя;Наїзд на пішохода;Перевищення швидкості
четвер;Залізничний;Городоцька;наїзд на пішохода - на нерегульованому пішохідному переході;порушення правил проїзду пішохідних переходів;2;49.836896;23.996667;1;0;1;0;0;2023;10;3;11;Львів;Наїзд на пішохода;Порушення проїзду переходів
середа;Галицький;Кривоноса М.;наїзд на пішохода - на нерегульованому пішохідному переході;порушення правил проїзду пішохідних переходів;2;49.846527;24.04124;1;0;1;0;0;2023;10;2;19;Львів;Наїзд на пішохода;Порушення проїзду переходів
субота;Шевченківський;Миколайчука І.;наїзд на пішохода - на нерегульованому пішохідному переході;порушення правил маневрування;2;49.872271;24.042404;1;0;1;0;0;2023;10;5;23;Львів;Наїзд на пішохода;Порушення маневрування
четвер;Сихівський;Стуса В.;зіткнення з задньою частиною тз;порушення правил маневрування;2;49.822006;24.0391;1;0;1;0;0;2023;10;3;9;Львів;Зіткнення автомобілів;Порушення маневрування
четвер;Личаківський;Пекарська;наїзд на велосипедиста - велосипедист рухався у попутному напрямку;порушення правил маневрування;2;49.837533;24.045473;1;0;1;0;0;2023;10;3;13;Львів;Наїзд на велосипедиста;Порушення маневрування
четвер;Франківський;Наукова;падіння пасажира;порушення правил маневрування;1;49.80387221608627;24.00023691250981;0;0;1;0;0;2023;10;3;14;Львів;Падіння пасажира;Порушення маневрування
вівторок;Личаківський;Богданівська;зіткнення бокове;порушення правил маневрування;3;49.85598;24.075127;1;0;2;0;0;2023;10;1;11;Львів;Зіткнення автомобілів;Порушення маневрування
неділя;Сихівський;Червоної Калини, просп.;зіткнення з задньою частиною тз;перевищення безпечної швидкості, недодержання дистанції;3;49.799723;24.047779;2;0;1;0;0;2023;10;6;21;Львів;Зіткнення автомобілів;Перевищення швидкості
четвер;Личаківський;Пасічна;наїзд на пішохода - пішохід на тротуарі чи велосипедній доріжці;порушення правил проїзду пішохідних переходів;2;49.827803;24.071227;1;0;1;0;0;2023;10;3;13;Львів;Наїзд на пішохода;Порушення проїзду переходів
четвер;Галицький;Городоцька;зіткнення з задньою частиною тз;порушення правил маневрування;3;49.842847;24.019552;0;0;3;0;0;2023;10;3;19;Львів;Зіткнення автомобілів;Порушення маневрування
субота;Галицький;Під Дубом;наїзд на пішохода - на нерегульованому пішохідному переході;порушення правил проїзду перехресть;2;49.850478;24.02526;1;0;1;0;0;2023;10;5;10;Львів;Наїзд на пішохода;Порушення проїзду перехресть
субота;Залізничний;Городоцька;зіткнення бокове;порушення правил проїзду перехресть;3;49.828931;23.958607;2;0;1;0;0;2023;10;5;18;Львів;Зіткнення автомобілів;Порушення проїзду перехресть
вівторок;Шевченківський;Шевченка Т.;наїзд на пішохода - пішохід переходив дорогу поза межами піш.переходу;перевищення безпечної швидкості;2;49.868647;23.950281;1;0;0;1;0;2023;10;1;11;Львів;Наїзд на пішохода;Перевищення швидкості
вівторок;Залізничний;Чернівецька;наїзд на пішохода - пішохід переходив дорогу поза межами піш.переходу;перехід у невстановленому місці;2;49.83788;23.99924;1;0;0;1;0;2023;10;1;13;Львів;Наїзд на пішохода;Інше
п'ятниця;Франківський;Коновальця Є.;наїзд на пішохода - на регульованому пішохідному переході;порушення правил проїзду пішохідних переходів;2;49.829299;24.001561;1;0;1;0;0;2023;10;4;12;Львів;Наїзд на пішохода;Порушення проїзду переходів
середа;Залізничний;Двірцева, пл.;падіння пасажира;порушення техніки безпеки пасажиром;2;49.839373;23.995535;1;0;1;0;0;2023;11;2;19;Львів;Падіння пасажира;Інше
п'ятниця;Галицький;Під Дубом;зіткнення з задньою частиною тз;недодержання дистанції;2;49.850502;24.02445;1;0;1;0;0;2023;10;4;12;Львів;Зіткнення автомобілів;Недотримання дистанції
середа;Шевченківський;Шевченка Т.;зіткнення лобове;порушення правил проїзду перехресть;4;49.870808;23.944831;2;0;2;0;0;2023;10;2;19;Львів;Зіткнення автомобілів;Порушення проїзду перехресть
п'ятниця;Сихівський;Стрийська;зіткнення з задньою частиною тз;порушення правил проїзду перехресть;3;49.783744;24.014139;2;0;1;0;0;2023;10;4;20;Львів;Зіткнення автомобілів;Порушення проїзду перехресть
понеділок;Галицький;Городоцька;зіткнення лобове;виїзд на смугу зустрічного руху, порушення правил обгону;2;49.811453;24.015439;1;0;1;0;0;2023;10;0;18;Львів;Зіткнення автомобілів;Інше
вівторок;Личаківський;Личаківська;наїзд на пішохода - на нерегульованому пішохідному переході;порушення правил проїзду пішохідних переходів;2;49.83983;24.039904;1;0;1;0;0;2023;10;1;12;Львів;Наїзд на пішохода;Порушення проїзду переходів
вівторок;Шевченківський;Жовківська;наїзд на пішохода - на нерегульованому пішохідному переході;порушення правил проїзду пішохідних переходів;2;49.852491;24.032496;1;0;1;0;0;2023;10;1;9;Львів;Наїзд на пішохода;Порушення проїзду переходів
п'ятниця;Франківський;Окружна;зіткнення бокове;порушення правил проїзду перехресть;3;49.829599;23.980102;2;0;1;0;0;2023;10;4;10;Львів;Зіткнення автомобілів;Порушення проїзду перехресть
понеділок;Шевченківський;Невідомо;зіткнення лобове;порушення правил маневрування, керування транспортним засобом у нетверезому стані;6;49.88829396436926;24.01343021608148;2;0;4;0;0;2023;10;0;15;Передмістя;Зіткнення автомобілів;Порушення маневрування
четвер;Сихівський;Дністерcька;наїзд на пішохода - пішохід переходив дорогу поза межами піш.переходу;перехід у невстановленому місці;2;49.818029;24.057553;1;0;1;0;0;2023;11;3;16;Львів;Наїзд на пішохода;Інше
п'ятниця;Сихівський;Буйка П., проф.;зіткнення бокове;перевищення безпечної швидкості, недодержання дистанції;2;49.809784;24.031177;1;0;1;0;0;2023;10;4;12;Львів;Зіткнення автомобілів;Перевищення швидкості
вівторок;Залізничний;Чернівецька;наїзд на пішохода - пішохід переходив дорогу поза межами піш.переходу;порушення правил маневрування;2;49.837519;24.00054;1;1;0;0;0;2023;10;1;14;Львів;Наїзд на пішохода;Порушення маневрування
вівторок;Шевченківський;Шевченка Т.;наїзд на пішохода - пішохід на тротуарі чи велосипедній доріжці;порушення правил маневрування;4;49.868976;23.95358;2;1;0;1;0;2023;10;1;23;Львів;Наїзд на пішохода;Порушення маневрування
середа;Франківський;Володимира Великого;наїзд на пішохода - на нерегульованому пішохідному переході;порушення правил проїзду пішохідних переходів;2;49.810331;24.000755;1;0;1;0;0;2023;10;2;11;Львів;Наїзд на пішохода;Порушення проїзду переходів
середа;Шевченківський;Невідомо;зіткнення з задньою частиною тз;порушення правил маневрування;2;49.89502873090488;23.970873692122883;1;0;1;0;0;2023;10;2;20;Передмістя;Зіткнення автомобілів;Порушення маневрування
вівторок;Личаківський;Личаківська;падіння пасажира;порушення правил перевезення пасажирів;2;49.837394;24.059957;1;0;1;0;0;2023;10;1;19;Львів;Падіння пасажира;Інше
середа;Залізничний;Патона Є.;наїзд на пішохода - пішохід переходив дорогу поза межами піш.переходу;перехід у невстановленому місці, неочікуваний вихід на проїзну частину;2;49.822826;23.964116;1;0;1;0;0;2023;10;2;13;Львів;Наїзд на пішохода;Інше
четвер;Галицький;Під Дубом;зіткнення з задньою частиною тз;порушення правил маневрування;3;49.850734;24.025238;2;0;1;0;0;2023;10;3;18;Львів;Зіткнення автомобілів;Порушення маневрування
понеділок;Франківський;Стрийська;наїзд на пішохода - пішохід рухався у попутному напрямку;перевищення безпечної швидкості;2;49.792063;24.015647;1;0;1;0;0;2023;10;0;7;Львів;Наїзд на пішохода;Перевищення швидкості
неділя;Залізничний;Городоцька;наїзд на транспортний засіб, що стоїть - по ходу руху;порушення правил проїзду перехресть;3;49.823575;23.929492;2;0;1;0;0;2023;10;6;20;Львів;Інше;Порушення проїзду перехресть
неділя;Шевченківський;Чорновола В., просп.;наїзд на пішохода - пішохід рухався у попутному напрямку;порушення правил маневрування;2;49.856295;24.022443;1;0;1;0;0;2023;10;6;10;Львів;Наїзд на пішохода;Порушення маневрування
четвер;Сихівський;Трильовського К.;наїзд на пішохода - на нерегульованому пішохідному переході;порушення правил проїзду пішохідних переходів;2;49.783273;24.064533;1;0;1;0;0;2023;10;3;9;Львів;Наїзд на пішохода;Порушення проїзду переходів
вівторок;Личаківський;Личаківська;наїзд на пішохода - на нерегульованому пішохідному переході;порушення правил проїзду пішохідних переходів;2;49.83993;24.049228;1;0;1;0;0;2023;10;1;14;Львів;Наїзд на пішохода;Порушення проїзду переходів
субота;Франківський;Сахарова А., акад.;зіткнення бокове;порушення правил проїзду перехресть;2;49.832369;24.018167;1;0;1;0;0;2023;10;5;15;Львів;Зіткнення автомобілів;Порушення проїзду перехресть
середа;Залізничний;Городоцька;наїзд на пішохода - на нерегульованому пішохідному переході;порушення правил проїзду пішохідних переходів;2;49.838612;24.008056;1;0;1;0;0;2023;10;2;12;Львів;Наїзд на пішохода;Порушення проїзду переходів
середа;Франківський;Володимира Великого;наїзд на пішохода - на нерегульованому пішохідному переході;порушення правил проїзду пішохідних переходів;2;49.810189;24.002295;1;0;1;0;0;2023;10;2;7;Львів;Наїзд на пішохода;Порушення проїзду переходів
п'ятниця;Франківський;Городоцька;наїзд на інші види перешкод;порушення правил маневрування;2;49.833139;23.983541;1;0;1;0;0;2023;10;4;11;Львів;Наїзд на перешкоду;Порушення маневрування
понеділок;Шевченківський;Шевченка Т.;зіткнення лобове;порушення правил проїзду перехресть;3;49.848824;23.997418;0;0;3;0;0;2023;10;0;19;Львів;Зіткнення автомобілів;Порушення проїзду перехресть
неділя;Сихівський;Луганська;наїзд на пішохода - на нерегульованому пішохідному переході;порушення правил маневрування;2;49.807205;24.057317;1;0;1;0;0;2023;10;6;19;Львів;Наїзд на пішохода;Порушення маневрування
понеділок;Сихівський;Зелена;наїзд на велосипедиста - велосипедист рухався у попутному напрямку;недодержання дистанції;2;49.798694;24.0707;1;0;1;0;0;2023;10;0;13;Львів;Наїзд на велосипедиста;Недотримання дистанції
понеділок;Личаківський;Хмельницького Б.;зіткнення з задньою частиною тз;перевищення безпечної швидкості, порушення правил маневрування;3;49.870618;24.057924;1;0;2;0;0;2023;10;0;21;Львів;Зіткнення автомобілів;Порушення маневрування
неділя;Залізничний;Городоцька;зіткнення лобове;невиконання вимог сигналів регулювання, порушення правил проїзду перехресть;3;49.824446;23.931946;2;0;1;0;0;2023;10;6;15;Львів;Зіткнення автомобілів;Порушення проїзду перехресть
неділя;Личаківський;Зелена;наїзд на дерево;перевищення безпечної швидкості;1;49.822317;24.05441;0;0;1;0;0;2023;10;6;8;Львів;Наїзд на перешкоду;Перевищення швидкості
вівторок;Сихівський;Драгана М.;наїзд на пішохода - пішохід переходив дорогу поза межами піш.переходу;перехід у невстановленому місці;2;49.784891;24.056513;1;0;1;0;0;2023;10;1;9;Львів;Наїзд на пішохода;Інше
вівторок;Шевченківський;Львівська;наїзд на велосипедиста - поза межами велосипедної доріжки;порушення правил маневрування;2;49.889402;24.087514;1;0;1;0;0;2023;10;1;18;Передмістя;Наїзд на велосипедиста;Порушення маневрування
понеділок;Франківський;Княгині Ольги;падіння пасажира;порушення правил маневрування;2;49.808264;23.999038;1;0;1;0;0;2023;10;0;15;Львів;Падіння пасажира;Порушення маневрування
вівторок;Сихівський;Червоної Калини, просп.;зіткнення лобове;порушення правил проїзду перехресть;3;49.798403;24.048869;1;0;2;0;0;2023;10;1;23;Львів;Зіткнення автомобілів;Порушення проїзду перехресть
вівторок;Шевченківський;Шевченка Т.;наїзд на пішохода - пішохід переходив дорогу поза межами піш.переходу;перехід у невстановленому місці, перевищення безпечної швидкості, недодержання дистанції;2;49.867718;23.953489;1;1;0;0;0;2023;10;1;21;Львів;Наїзд на пішохода;Перевищення швидкості
вівторок;Шевченківський;Шевченка Т.;наїзд на пішохода - на нерегульованому пішохідному переході;порушення правил маневрування;2;49.861441;23.967013;1;0;0;1;0;2023;10;1;20;Львів;Наїзд на пішохода;Порушення маневрування
середа;Личаківський;Мечникова І.;наїзд на пішохода - на нерегульованому пішохідному переході;порушення правил проїзду пішохідних переходів, перевищення безпечної швидкості;2;49.837062;24.054276;1;0;1;0;0;2023;10;2;7;Львів;Наїзд на пішохода;Перевищення швидкості
понеділок;Шевченківський;Липинського В.;наїзд на транспортний засіб, що стоїть - по ходу руху;перевищення безпечної швидкості, недодержання дистанції;2;49.864871;24.041058;1;0;1;0;0;2023;10;0;20;Львів;Інше;Перевищення швидкості
п'ятниця;Франківський;Наукова;наїзд на пішохода - на регульованому пішохідному переході;перевищення безпечної швидкості;2;49.805512;23.983664;1;0;1;0;0;2023;10;4;15;Львів;Наїзд на пішохода;Перевищення швидкості
середа;Франківський;Кондукторська;наїзд на пішохода - на нерегульованому пішохідному переході;неочікуваний вихід на проїзну частину;2;49.832571;23.980004;1;0;1;0;0;2023;10;2;17;Львів;Наїзд на пішохода;Інше
неділя;Франківський;Кульпарківська;наїзд на пішохода - на нерегульованому пішохідному переході;порушення правил проїзду пішохідних переходів;2;49.829848;23.990386;1;1;0;0;0;2023;10;6;21;Львів;Наїзд на пішохода;Порушення проїзду переходів
п'ятниця;Залізничний;Суботівська;наїзд на пішохода - на нерегульованому пішохідному переході;порушення правил маневрування;2;49.844786;23.96695;1;0;1;0;0;2023;11;4;7;Львів;Наїзд на пішохода;Порушення маневрування
середа;Залізничний;Городоцька;зіткнення з задньою частиною тз;перевищення безпечної швидкості;2;49.827675;23.952025;1;0;1;0;0;2023;10;2;16;Львів;Зіткнення автомобілів;Перевищення швидкості
вівторок;Личаківський;Зелена;наїзд на транспортний засіб, що стоїть - по ходу руху;перевищення безпечної швидкості, недодержання дистанції;2;49.82688;24.04354;1;0;1;0;0;2023;10;1;18;Львів;Інше;Перевищення швидкості
неділя;Залізничний;Городоцька;наїзд на пішохода - на нерегульованому пішохідному переході;невиконання вимог сигналів регулювання;2;49.827339;23.949782;1;0;1;0;0;2023;10;6;18;Львів;Наїзд на пішохода;Інше
четвер;Личаківський;Зелена;наїзд на велосипедиста - велосипедист рухався у попутному напрямку;недодержання дистанції;2;49.832238;24.041696;1;0;1;0;0;2023;10;3;12;Львів;Наїзд на велосипедиста;Недотримання дистанції
понеділок;Шевченківський;Шевченка;наїзд на пішохода - пішохід рухався у попутному напрямку;недодержання дистанції;2;49.886807;24.068878;1;0;1;0;0;2023;10;0;9;Передмістя;Наїзд на пішохода;Недотримання дистанції
понеділок;Залізничний;Повітряна;наїзд на пішохода - на нерегульованому пішохідному переході;неочікуваний вихід на проїзну частину;2;49.845825;23.982237;1;0;1;0;0;2023;10;0;8;Львів;Наїзд на пішохода;Інше
п'ятниця;Личаківський;Польова;зіткнення лобове;недодержання дистанції, перевищення безпечної швидкості;2;49.860272;24.063653;1;0;1;0;0;2023;10;4;14;Львів;Зіткнення автомобілів;Перевищення швидкості
вівторок;Залізничний;Кульпарківська;наїзд на інші види перешкод;порушення правил маневрування;2;49.818338;23.98753;1;0;1;0;0;2023;10;1;14;Львів;Наїзд на перешкоду;Порушення маневрування
п'ятниця;Франківський;Антоновича В.;зіткнення лобове;невиконання вимог сигналів регулювання;3;49.82809;23.990209;2;0;1;0;0;2023;11;4;16;Львів;Зіткнення автомобілів;Інше
четвер;Шевченківський;Чорновола В., просп.;наїзд на пішохода - стояв на проїздній частині;перевищення безпечної швидкості, керування транспортним засобом у нетверезому стані;2;49.856288;24.02195;1;0;0;1;0;2023;10;3;22;Львів;Наїзд на пішохода;Перевищення швидкості
четвер;Личаківський;Хмельницького Б.;наїзд на велосипедиста - велосипедист рухався у попутному напрямку;порушення правил маневрування;2;49.834692;24.119577;1;0;1;0;0;2023;10;3;15;Передмістя;Наїзд на велосипедиста;Порушення маневрування
понеділок;Сихівський;Ярославенка Я.;наїзд на велосипедиста - велосипедист рухався у попутному напрямку;порушення правил маневрування;2;49.819922;24.03226;1;0;1;0;0;2023;10;0;7;Львів;Наїзд на велосипедиста;Порушення маневрування
четвер;Франківський;Княгині Ольги;наїзд на пішохода - пішохід рухався у попутному напрямку;порушення правил маневрування;2;49.823778;24.007605;1;0;1;0;0;2023;12;3;14;Львів;Наїзд на пішохода;Порушення маневрування
субота;Шевченківський;Липинського В.;зіткнення з задньою частиною тз;недодержання дистанції, порушення правил маневрування;2;49.864896;24.041219;1;0;1;0;0;2023;12;5;19;Львів;Зіткнення автомобілів;Порушення маневрування
вівторок;Сихівський;Коломийська;наїзд на транспортний засіб, що стоїть - по ходу руху;перевищення безпечної швидкості, недодержання дистанції;2;49.787495;24.065149;1;0;1;0;0;2023;12;1;18;Львів;Інше;Перевищення швидкості
четвер;Франківський;Володимира Великого;зіткнення лобове;перевищення безпечної швидкості, керування транспортним засобом у нетверезому стані;5;49.810199;24.002193;3;0;2;0;0;2023;12;3;21;Львів;Зіткнення автомобілів;Перевищення швидкості
п'ятниця;Франківський;Чупринки Т., ген.;наїзд на пішохода - пішохід рухався у попутному напрямку;перевищення безпечної швидкості;2;49.833578;24.014542;1;0;1;0;0;2023;12;4;12;Львів;Наїзд на пішохода;Перевищення швидкості
вівторок;Залізничний;Шевченка Т.;наїзд на пішохода - пішохід переходив дорогу поза межами піш.переходу;перехід у невстановленому місці;2;49.851086;23.991716;1;0;1;0;0;2023;12;1;17;Львів;Наїзд на пішохода;Інше
четвер;Франківський;Кульпарківська;наїзд на пішохода - стояв на проїздній частині;виїзд на смугу зустрічного руху;2;49.823764;23.989345;1;0;1;0;0;2023;12;3;10;Львів;Наїзд на пішохода;Інше
середа;Шевченківський;Липинського В.;зіткнення бокове;порушення правил проїзду перехресть;3;49.86004;24.026758;0;0;3;0;0;2023;12;2;22;Львів;Зіткнення автомобілів;Порушення проїзду перехресть
вівторок;Франківський;Чупринки Т., ген.;зіткнення бокове;керування транспортним засобом у нетверезому стані, порушення правил проїзду перехресть;2;49.831457;24.010229;0;0;2;0;0;2023;12;1;12;Львів;Зіткнення автомобілів;Порушення проїзду перехресть
п'ятниця;Сихівський;Гашека Я.;наїзд на пішохода - на регульованому пішохідному переході;порушення правил маневрування;2;49.797313;24.019949;1;1;0;0;0;2023;12;4;12;Львів;Наїзд на пішохода;Порушення маневрування
понеділок;Залізничний;Чернівецька;наїзд на пішохода - на нерегульованому пішохідному переході;порушення правил проїзду пішохідних переходів;2;49.837515;23.999258;1;0;1;0;0;2023;12;0;18;Львів;Наїзд на пішохода;Порушення проїзду переходів
п'ятниця;Шевченківський;Брюховицька;зіткнення лобове;порушення правил проїзду перехресть;3;49.8703;23.965538;2;0;1;0;0;2023;12;4;11;Львів;Зіткнення автомобілів;Порушення проїзду перехресть
неділя;Залізничний;Зоряна;наїзд на пішохода - на нерегульованому пішохідному переході;порушення правил проїзду пішохідних переходів;2;49.825131021245255;23.979325775071768;1;0;1;0;0;2023;12;6;19;Львів;Наїзд на пішохода;Порушення проїзду переходів
середа;Сихівський;Хоткевича Г.;зіткнення з задньою частиною тз;порушення правил маневрування, керування транспортним засобом у нетверезому стані;3;49.800415;24.040189;2;0;1;0;0;2023;12;2;21;Львів;Зіткнення автомобілів;Порушення маневрування
п'ятниця;Залізничний;Городоцька;наїзд на пішохода - пішохід рухався у попутному напрямку;неочікуваний вихід на проїзну частину;2;49.834941;23.992596;1;0;1;0;0;2023;12;4;7;Львів;Наїзд на пішохода;Інше
неділя;Залізничний;Двірцева, пл.;наїзд на пішохода - на нерегульованому пішохідному переході;порушення правил проїзду пішохідних переходів;2;49.839311;23.994945;1;1;0;0;0;2023;12;6;21;Львів;Наїзд на пішохода;Порушення проїзду переходів
середа;Личаківський;Івасюка В.;зіткнення лобове;перевтома, сон за кермом, виїзд на смугу зустрічного руху, порушення правил маневрування;2;49.82194;24.137165;0;0;2;0;0;2023;12;2;19;Передмістя;Зіткнення автомобілів;Порушення маневрування
середа;Залізничний;Городоцька;наїзд на пішохода - на нерегульованому пішохідному переході;порушення правил проїзду пішохідних переходів;2;49.823674;23.93002;1;1;0;0;0;2023;12;2;6;Львів;Наїзд на пішохода;Порушення проїзду переходів
п'ятниця;Галицький;Хмельницького Б.;наїзд на пішохода - пішохід рухався у попутному напрямку;порушення правил маневрування;2;49.845531;24.02946;1;0;1;0;0;2023;12;4;19;Львів;Наїзд на пішохода;Порушення маневрування
четвер;Франківський;Тролейбусна;наїзд на пішохода - на нерегульованому пішохідному переході;порушення правил проїзду пішохідних переходів;2;49.806189;24.007147;1;0;1;0;0;2023;12;3;13;Львів;Наїзд на пішохода;Порушення проїзду переходів
четвер;Шевченківський;Панча П.;наїзд на пішохода - пішохід переходив дорогу поза межами піш.переходу;перехід у невстановленому місці;2;49.861341;24.012787;1;0;1;0;0;2023;12;3;14;Львів;Наїзд на пішохода;Інше