accidentDay;district;streetName;accidentType;mainAccidentCause;totalParticipantsAmount;latitude;longitude;Count_Без ушкоджень;Count_Загинув;Count_Легко травмований;Count_Тяжко травмований;Is_Intersection;Year;Month;DayOfWeek;Hour;settlement_grouped;Simple_Type;Simple_Cause
середа;Франківський;Володимира Великого;зіткнення лобове;перевищення безпечної швидкості, порушення правил проїзду перехресть;3;49.811342;23.990616;1;0;2;0;0;2023;12;2;18;Львів;Зіткнення автомобілів;Перевищення швидкості
вівторок;Личаківський;Тарнавського М., ген.;наїзд на пішохода - на нерегульованому пішохідному переході;порушення правил проїзду пішохідних переходів;3;49.830053;24.039639;1;0;2;0;0;2023;12;1;22;Львів;Наїзд на пішохода;Порушення проїзду переходів
п'ятниця;Шевченківський;Шевченка Т.;наїзд на інші види перешкод;перевищення безпечної швидкості;1;49.853397;23.986749;0;0;1;0;0;2023;12;4;22;Львів;Наїзд на перешкоду;Перевищення швидкості
середа;Залізничний;Патона Є.;наїзд на пішохода - пішохід рухався у попутному напрямку;порушення правил маневрування;2;49.824456;23.949246;1;0;1;0;0;2023;12;2;11;Львів;Наїзд на пішохода;Порушення маневрування
четвер;Залізничний;Виговського І.;зіткнення лобове;порушення правил проїзду перехресть;2;49.813176;23.984624;1;0;1;0;0;2023;12;3;14;Львів;Зіткнення автомобілів;Порушення проїзду перехресть
четвер;Франківський;Наукова;наїзд на велосипедиста - велосипедист рухався у попутному напрямку;порушення правил маневрування;1;49.802372;24.012691;0;0;1;0;0;2023;12;3;16;Львів;Наїзд на велосипедиста;Порушення маневрування
середа;Шевченківський;Київська;зіткнення з задньою частиною тз;порушення правил проїзду перехресть;2;49.891611;24.09335;1;0;1;0;0;2023;12;2;19;Передмістя;Зіткнення автомобілів;Порушення проїзду перехресть
вівторок;Личаківський;Студентська;наїзд на пішохода - пішохід рухався у попутному напрямку;порушення правил маневрування;2;49.829367;24.045752;1;0;1;0;0;2023;12;1;17;Львів;Наїзд на пішохода;Порушення маневрування
п'ятниця;Личаківський;Пасічна;зіткнення бокове;порушення правил проїзду перехресть;4;49.821802;24.075379;3;0;1;0;0;2023;12;4;11;Львів;Зіткнення автомобілів;Порушення проїзду перехресть
п'ятниця;Сихівський;Луганська;зіткнення бокове;порушення правил маневрування;3;49.808887;24.043992;2;0;1;0;0;2023;12;4;22;Львів;Зіткнення автомобілів;Порушення маневрування
четвер;Личаківський;Пластова;зіткнення лобове;перевищення безпечної швидкості, недодержання дистанції;2;49.858415;24.084027;0;0;2;0;0;2023;12;3;20;Львів;Зіткнення автомобілів;Перевищення швидкості
вівторок;Шевченківський;Липинського В.;наїзд на велосипедиста - велосипедист рухався у попутному напрямку;порушення правил маневрування, порушення правил проїзду перехресть;2;49.86207;24.029117;1;0;1;0;0;2023;12;1;20;Львів;Наїзд на велосипедиста;Порушення маневрування
четвер;Шевченківський;Єрошенка В.;зіткнення з задньою частиною тз;недодержання дистанції;3;49.854268;24.014391;1;0;2;0;0;2023;12;3;18;Львів;Зіткнення автомобілів;Недотримання дистанції
неділя;Шевченківський;Єрошенка В.;наїзд на пішохода - на нерегульованому пішохідному переході;порушення правил проїзду пішохідних переходів;3;49.85451;24.002314;1;0;2;0;0;2023;12;6;19;Львів;Наїзд на пішохода;Порушення проїзду переходів
четвер;Шевченківський;Шевченка Т.;наїзд на інші види перешкод;порушення правил маневрування;1;49.865452;23.958081;0;0;1;0;0;2023;12;3;16;Львів;Наїзд на перешкоду;Порушення маневрування
неділя;Франківський;Володимира Великого;наїзд на пішохода - на регульованому пішохідному переході;порушення правил маневрування;2;49.810697;23.997231;1;0;1;0;0;2023;12;6;0;Львів;Наїзд на пішохода;Порушення маневрування
п'ятниця;Сихівський;Святого Івана Павла ІІ, просп.;наїзд на пішохода - на регульованому пішохідному переході;порушення правил проїзду пішохідних переходів;2;49.799917;24.035028;1;0;0;1;0;2023;12;4;7;Львів;Наїзд на пішохода;Порушення проїзду переходів
понеділок;Галицький;Коперника М.;наїзд на пішохода - пішохід переходив дорогу поза межами піш.переходу;перехід у невстановленому місці;2;49.839062;24.027668;1;0;1;0;0;2023;12;0;10;Львів;Наїзд на пішохода;Інше
субота;Сихівський;Вашингтона Дж.;наїзд на пішохода - пішохід рухався у попутному напрямку;недодержання дистанції;2;49.814945;24.073765;1;0;1;0;0;2023;12;5;14;Львів;Наїзд на пішохода;Недотримання дистанції
п'ятниця;Франківський;Симоненка В.;зіткнення бокове;порушення правил маневрування;3;49.806183;23.986614;0;0;3;0;0;2023;12;4;10;Львів;Зіткнення автомобілів;Порушення маневрування
понеділок;Шевченківський;Миколайчука І.;наїзд на пішохода - на нерегульованому пішохідному переході;порушення правил маневрування;2;49.879717;24.035581;1;0;1;0;0;2023;12;0;16;Львів;Наїзд на пішохода;Порушення маневрування
п'ятниця;Личаківський;Хмельницького Б.;зіткнення з задньою частиною тз;перевищення безпечної швидкості, недодержання дистанції;3;49.869567;24.057044;2;0;1;0;0;2023;12;4;10;Львів;Зіткнення автомобілів;Перевищення швидкості
вівторок;Франківський;Лазаренка Є., акад.;наїзд на пішохода - пішохід рухався у попутному напрямку;недодержання дистанції;2;49.814339;24.019133;1;0;1;0;0;2023;12;1;10;Львів;Наїзд на пішохода;Недотримання дистанції
неділя;Галицький;Городоцька;зіткнення бокове;порушення правил проїзду перехресть;3;49.842931;24.02036;2;0;1;0;0;2023;12;6;16;Львів;Зіткнення автомобілів;Порушення проїзду перехресть
середа;Сихівський;Гориня М.;наїзд на пішохода - на нерегульованому пішохідному переході;порушення правил проїзду перехресть;2;49.787443;24.052621;1;0;1;0;0;2023;12;2;6;Львів;Наїзд на пішохода;Порушення проїзду перехресть
субота;Сихівський;Стрийська;зіткнення бокове;порушення правил маневрування, порушення правил проїзду перехресть;5;49.806862;24.019042;0;0;5;0;0;2024;1;5;13;Львів;Зіткнення автомобілів;Порушення маневрування
субота;Франківський;Наукова;наїзд на пішохода - на регульованому пішохідному переході;пішоходи невиконання вимог сигналів регулювання;2;49.805076;23.985938;1;1;0;0;0;2024;1;5;13;Львів;Наїзд на пішохода;Інше
вівторок;Шевченківський;Мазепи І., гетьм.;зіткнення лобове;порушення правил маневрування;1;49.869788;24.027228;0;0;1;0;0;2024;1;1;8;Львів;Зіткнення автомобілів;Порушення маневрування
вівторок;Сихівський;Демнянська;зіткнення з задньою частиною тз;перевищення безпечної швидкості;2;49.79946;24.030849;1;0;1;0;0;2024;1;1;9;Львів;Зіткнення автомобілів;Перевищення швидкості
п'ятниця;Галицький;Папарівка;наїзд на інші види перешкод;перевищення безпечної швидкості;1;49.851678;24.037018;0;0;1;0;0;2024;2;4;10;Львів;Наїзд на перешкоду;Перевищення швидкості
п'ятниця;Франківський;Київська;зіткнення з задньою частиною тз;недодержання дистанції;2;49.833678;24.007133;1;0;1;0;0;2024;1;4;18;Львів;Зіткнення автомобілів;Недотримання дистанції
п'ятниця;Сихівський;Зубрівська;падіння пасажира;порушення техніки безпеки пасажиром;2;49.794449;24.059941;1;0;1;0;0;2024;2;4;21;Львів;Падіння пасажира;Інше
четвер;Шевченківський;Шевченка Т.;наїзд на пішохода - на нерегульованому пішохідному переході;неочікуваний вихід на проїжджу частину;2;49.84678;24.004472;1;0;1;0;0;2024;1;3;17;Львів;Наїзд на пішохода;Інше
п'ятниця;Шевченківський;Невідомо;зіткнення з задньою частиною тз;порушення швидкості руху;4;49.933147;24.051315;2;0;2;0;0;2024;1;4;18;Передмістя;Зіткнення автомобілів;Перевищення швидкості
неділя;Залізничний;Кульпарківська;наїзд на пішохода - на нерегульованому пішохідному переході;порушення правил проїзду нерегульованих пішохідних переходів;2;49.813187;23.983305;1;0;1;0;0;2024;1;6;14;Львів;Наїзд на пішохода;Порушення проїзду переходів
субота;Франківський;Наукова;наїзд на пішохода - на нерегульованому пішохідному переході;порушення правил проїзду пішохідних переходів;3;49.80491;23.98664;1;0;2;0;0;2024;2;5;20;Львів;Наїзд на пішохода;Порушення проїзду переходів
понеділок;Сихівський;Навроцького В.;зіткнення лобове;порушення правил маневрування;3;49.811134;24.051808;1;0;0;2;0;2024;1;0;22;Львів;Зіткнення автомобілів;Порушення маневрування
середа;Шевченківський;Липинського В.;зіткнення з задньою частиною тз;перевищення безпечної швидкості, недодержання дистанції;4;49.865279;24.0447;3;0;1;0;0;2024;2;2;23;Львів;Зіткнення автомобілів;Перевищення швидкості
четвер;Шевченківський;Мазепи І., гетьм.;зіткнення з задньою частиною тз;порушення правил маневрування;2;49.870421;24.033483;1;0;1;0;0;2024;2;3;14;Львів;Зіткнення автомобілів;Порушення маневрування
понеділок;Шевченківський;Хмельницького Б.;падіння пасажира;порушення правил маневрування;2;49.85778851370144;24.04705564620365;1;0;1;0;0;2024;1;0;18;Львів;Падіння пасажира;Порушення маневрування
понеділок;Галицький;Митрополита Андрея;наїзд на пішохода - на нерегульованому пішохідному переході;порушення правил проїзду пішохідних переходів;2;49.836062;24.009354;1;0;1;0;0;2024;1;0;16;Львів;Наїзд на пішохода;Порушення проїзду переходів
вівторок;Франківський;Чупринки Т., ген.;наїзд на пішохода - пішохід переходив дорогу поза межами піш. переходу;неочікуваний вихід на проїжджу частину;2;49.823224;24.000299;1;0;1;0;0;2024;1;1;12;Львів;Наїзд на пішохода;Інше
четвер;Залізничний;Патона Є.;наїзд на пішохода - на нерегульованому пішохідному переході;порушення правил проїзду пішохідних переходів;2;49.822619;23.966063;1;0;1;0;0;2024;2;3;17;Львів;Наїзд на пішохода;Порушення проїзду переходів
вівторок;Шевченківський;Жовківська;наїзд на пішохода - пішохід переходив дорогу поза межами піш. переходу;перехід пішоходів у невстановленому місці;2;49.852242;24.032379;1;1;0;0;0;2024;1;1;8;Львів;Наїзд на пішохода;Інше
вівторок;Галицький;Озаркевича Є.;наїзд на пішохода - пішохід рухався у попутному напрямку;порушення правил маневрування;2;49.838083;24.012364;1;0;1;0;0;2024;1;1;18;Львів;Наїзд на пішохода;Порушення маневрування
неділя;Галицький;Болгарська;зіткнення бокове;порушення правил проїзду перехресть;4;49.830173;24.023718;1;0;3;0;0;2024;2;6;9;Львів;Зіткнення автомобілів;Порушення проїзду перехресть
вівторок;Шевченківський;Шевченка Т.;наїзд на пішохода - на регульованому пішохідному переході;пішоходи невиконання вимог сигналів регулювання;2;49.845829;24.007021;1;0;1;0;0;2024;1;1;9;Львів;Наїзд на пішохода;Інше
вівторок;Франківський;Окружна;наїзд на пішохода - пішохід рухався у попутному напрямку;порушення правил проїзду перехресть;2;49.827107;23.982747;1;0;1;0;0;2024;1;1;14;Львів;Наїзд на пішохода;Порушення проїзду перехресть
четвер;Сихівський;Трильовського К.;наїзд на пішохода - на регульованому пішохідному переході;порушення правил проїзду нерегульованих пішохідних переходів;2;49.787693;24.066389;1;0;1;0;0;2024;2;3;19;Львів;Наїзд на пішохода;Порушення проїзду переходів
субота;Франківський;Липнева, пл.;наїзд на пішохода - пішохід рухався у попутному напрямку;перехід пішоходів у невстановленому місці;2;49.834401;24.002262;1;0;1;0;0;2024;2;5;16;Львів;Наїзд на пішохода;Інше
четвер;Галицький;Городоцька;наїзд на пішохода - на нерегульованому пішохідному переході;порушення правил проїзду пішохідних переходів, керування транспортним засобом у нетверезому стані;2;49.843058;24.021081;1;0;1;0;0;2024;2;3;13;Львів;Наїзд на пішохода;Порушення проїзду переходів
середа;Сихівський;Святого Івана Павла ІІ, просп.;зіткнення з задньою частиною тз;недодержання дистанції;3;49.799899;24.026504;2;0;1;0;0;2024;1;2;11;Львів;Зіткнення автомобілів;Недотримання дистанції
субота;Сихівський;Пасічна;зіткнення з задньою частиною тз;порушення правил маневрування;2;49.807063;24.065643;1;0;1;0;0;2024;1;5;17;Львів;Зіткнення автомобілів;Порушення маневрування
вівторок;Шевченківський;Жовківська;наїзд на пішохода - пішохід рухався у попутному напрямку;перевищення безпечної швидкості;2;49.858291;24.038038;1;0;1;0;0;2024;1;1;7;Львів;Наїзд на пішохода;Перевищення швидкості
понеділок;Залізничний;Любінська;наїзд на пішохода - на нерегульованому пішохідному переході;порушення правил проїзду пішохідних переходів;2;49.823619;23.976245;1;0;1;0;0;2024;2;0;18;Львів;Наїзд на пішохода;Порушення проїзду переходів
четвер;Галицький;Городоцька;наїзд на пішохода - пішохід переходив дорогу поза межами піш. переходу;перехід у невстановленому місці;2;49.840695;24.013399;1;0;1;0;0;2024;1;3;7;Львів;Наїзд на пішохода;Інше
середа;Залізничний;Головатого А.;наїзд на пішохода - пішохід рухався у попутному напрямку;перехід пішоходів у невстановленому місці;2;49.826055;23.968064;1;0;1;0;0;2024;2;2;20;Львів;Наїзд на пішохода;Інше
вівторок;Франківський;Володимира Великого;перекидання тз;перевищення безпечної швидкості;1;49.808998;24.011747;0;0;1;0;0;2024;2;1;13;Львів;Перекидання;Перевищення швидкості
середа;Галицький;Джерельна;наїзд на пішохода - пішохід рухався у попутному напрямку;порушення правил маневрування;2;49.848267;24.020303;1;0;1;0;0;2024;1;2;23;Львів;Наїзд на пішохода;Порушення маневрування
середа;Сихівський;Гориня М.;наїзд на пішохода - на нерегульованому пішохідному переході;порушення правил проїзду пішохідних переходів;2;49.787814;24.05286;1;0;1;0;0;2024;2;2;19;Львів;Наїзд на пішохода;Порушення проїзду переходів
вівторок;Франківський;Володимира Великого;зіткнення бокове;порушення правил проїзду перехресть;2;49.809002;24.011768;0;0;2;0;0;2024;1;1;15;Львів;Зіткнення автомобілів;Порушення проїзду перехресть
субота;Франківський;Стрийська;зіткнення бокове;порушення правил проїзду перехресть;4;49.797874;24.016945;1;0;3;0;0;2024;1;5;21;Львів;Зіткнення автомобілів;Порушення проїзду перехресть
вівторок;Шевченківський;Замарстинівська;наїзд на пішохода - пішохід рухався у попутному напрямку;порушення правил проїзду пішохідних переходів;2;49.856554;24.027931;1;0;1;0;0;2024;1;1;8;Львів;Наїзд на пішохода;Порушення проїзду переходів
субота;Залізничний;Сяйво;зіткнення бокове;виїзд на смугу зустрічного руху, керування транспортним засобом у нетверезому стані;2;49.836149;23.976803;1;0;1;0;0;2024;1;5;20;Львів;Зіткнення автомобілів;П'яне водіння
четвер;Личаківський;Левицького К.;наїзд на пішохода - пішохід рухався у попутному напрямку;порушення правил маневрування;2;49.835232;24.037893;1;0;1;0;0;2024;2;3;8;Львів;Наїзд на пішохода;Порушення маневрування
вівторок;Франківський;Київська;падіння пасажира;порушення правил маневрування;2;49.83330243738981;24.00926705484132;1;0;1;0;0;2024;1;1;18;Львів;Падіння пасажира;Порушення маневрування
понеділок;Галицький;Січових Стрільців;наїзд на пішохода - на нерегульованому пішохідному переході;порушення правил проїзду пішохідних переходів;2;49.841353;24.025873;1;0;1;0;0;2024;1;0;18;Львів;Наїзд на пішохода;Порушення проїзду переходів
вівторок;Шевченківський;Шевченка Т.;наїзд на пішохода - на регульованому пішохідному переході;пішоходи невиконання вимог сигналів регулювання;2;49.868132;23.951998;1;0;1;0;0;2024;2;1;11;Львів;Наїзд на пішохода;Інше
неділя;Шевченківський;Шевченка Т.;наїзд на пішохода - на нерегульованому пішохідному переході;неочікуваний вихід на проїжджу частину;2;49.84541;24.008276;1;0;1;0;0;2024;1;6;17;Львів;Наїзд на пішохода;Інше
четвер;Сихівський;Навроцького В.;наїзд на інші види перешкод;інші порушення правил руху;2;49.811283;24.052811;1;0;1;0;0;2024;1;3;13;Львів;Наїзд на перешкоду;Інше
п'ятниця;Франківський;Русових;зіткнення лобове;перевищення безпечної швидкості, недодержання дистанції, керування транспортним засобом у нетверезому стані;4;49.834152;24.007597;3;0;1;0;0;2024;1;4;17;Львів;Зіткнення автомобілів;Перевищення швидкості
середа;Шевченківський;Замарстинівська;наїзд на пішохода - на нерегульованому пішохідному переході;порушення правил проїзду пішохідних переходів;2;49.854217;24.028215;1;0;1;0;0;2024;1;2;11;Львів;Наїзд на пішохода;Порушення проїзду переходів
вівторок;Галицький;Старий Ринок, пл.;зіткнення бокове;порушення правил проїзду перехресть, керування транспортним засобом у нетверезому стані, невиконання вимог сигналів регулювання;3;49.846503;24.029535;1;0;2;0;0;2024;2;1;19;Львів;Зіткнення автомобілів;Порушення проїзду перехресть
четвер;Галицький;Катедральна, пл.;наїзд на пішохода - пішохід рухався у попутному напрямку;порушення швидкості руху;2;49.840992;24.030163;1;0;1;0;0;2024;2;3;21;Львів;Наїзд на пішохода;Перевищення швидкості
п'ятниця;Залізничний;Городоцька;зіткнення лобове;порушення правил маневрування;3;49.838636;24.008045;0;0;3;0;0;2024;1;4;15;Львів;Зіткнення автомобілів;Порушення маневрування
четвер;Шевченківський;Шевченка Т.;падіння пасажира;порушення правил маневрування, невиконання вимог сигналів регулювання;2;49.86848398426019;23.951060215342203;1;0;1;0;0;2024;1;3;9;Львів;Падіння пасажира;Порушення маневрування
неділя;Галицький;Зелена;наїзд на пішохода - пішохід рухався у попутному напрямку;перехід пішоходів у невстановленому місці;1;49.821151;24.055499;0;0;1;0;0;2024;2;6;3;Львів;Наїзд на пішохода;Інше
п'ятниця;Сихівський;Запорізька;наїзд на пішохода - на регульованому пішохідному переході;порушення правил проїзду пішохідних переходів;2;49.814457;24.03447;1;0;1;0;0;2024;2;4;17;Львів;Наїзд на пішохода;Порушення проїзду переходів
середа;Франківський;Стрийська;зіткнення з задньою частиною тз;перевищення безпечної швидкості, недодержання дистанції;2;49.798532;24.017074;1;0;1;0;0;2024;4;2;17;Львів;Зіткнення автомобілів;Перевищення швидкості
п'ятниця;Сихівський;Святого Івана Павла ІІ, просп.;наїзд на велосипедиста - поза межами велосипедної доріжки;порушення правил проїзду перехресть;2;49.80171;24.025233;1;0;1;0;0;2024;4;4;21;Львів;Наїзд на велосипедиста;Порушення проїзду перехресть
неділя;Сихівський;Козельницька;наїзд на велосипедиста - велосипедист рухався у попутному напрямку;порушення правил маневрування;2;49.81461427594241;24.02556911066612;1;0;1;0;0;2024;4;6;18;Львів;Наїзд на велосипедиста;Порушення маневрування
вівторок;Шевченківський;Липинського В.;наїзд на велосипедиста - велосипедист рухався у попутному напрямку;порушення правил маневрування;2;49.863754;24.033907;1;0;1;0;0;2024;4;1;19;Львів;Наїзд на велосипедиста;Порушення маневрування
понеділок;Шевченківський;Липинського В.;зіткнення лобове;недодержання дистанції;2;49.864439;24.037426;1;0;1;0;0;2024;4;0;13;Львів;Зіткнення автомобілів;Недотримання дистанції
четвер;Залізничний;Городоцька;наїзд на пішохода - на нерегульованому пішохідному переході;порушення правил маневрування;2;49.838851;24.008673;1;0;1;0;0;2024;4;3;10;Львів;Наїзд на пішохода;Порушення маневрування
понеділок;Галицький;Коперника М.;падіння пасажира;порушення правил маневрування;2;49.8368721676146;24.02392381435545;1;0;1;0;0;2024;4;0;17;Львів;Падіння пасажира;Порушення маневрування
четвер;Залізничний;Кульчицької О.;наїзд на пішохода - пішохід переходив дорогу поза межами піш. переходу;перехід у невстановленому місці;2;49.818206;23.975971;1;0;1;0;0;2024;4;3;15;Львів;Наїзд на пішохода;Інше
п'ятниця;Шевченківський;Хмельницького Б.;зіткнення з задньою частиною тз;порушення правил проїзду перехресть;3;49.86982801961752;24.057139060960694;1;0;2;0;0;2024;4;4;21;Львів;Зіткнення автомобілів;Порушення проїзду перехресть
понеділок;Залізничний;Шевченка Т.;зіткнення з задньою частиною тз;порушення правил маневрування, порушення правил обгону, виїзд на смугу зустрічного руху;3;49.845877;24.006849;1;0;2;0;0;2024;4;0;16;Львів;Зіткнення автомобілів;Порушення маневрування
четвер;Шевченківський;Грінченка Б.;наїзд на пішохода - на нерегульованому пішохідному переході;порушення правил під час руху заднім ходом;1;49.87095497189726;24.054571942175617;0;0;1;0;0;2024;3;3;23;Львів;Наїзд на пішохода;Інше
вівторок;Галицький;Вітовського Д.;наїзд на пішохода - пішохід на зупинці громадського транспорту;порушення правил маневрування;2;49.830554;24.022443;1;0;1;0;0;2024;4;1;23;Львів;Наїзд на пішохода;Порушення маневрування
понеділок;Франківський;Пулюя І.;наїзд на пішохода - на нерегульованому пішохідному переході;порушення правил проїзду пішохідних переходів;2;49.801378;23.98331;1;0;1;0;0;2024;4;0;8;Львів;Наїзд на пішохода;Порушення проїзду переходів
п'ятниця;Галицький;Зелена;наїзд на пішохода - на нерегульованому пішохідному переході;порушення правил маневрування;2;49.821161;24.055451;1;0;1;0;0;2024;4;4;22;Львів;Наїзд на пішохода;Порушення маневрування
п'ятниця;Сихівський;Луганська;наїзд на пішохода - на нерегульованому пішохідному переході;порушення правил проїзду пішохідних переходів;2;49.807732565037085;24.05256212999208;1;0;1;0;0;2024;4;4;16;Львів;Наїзд на пішохода;Порушення проїзду переходів
субота;Франківський;Наукова;наїзд на пішохода - на нерегульованому пішохідному переході;порушення правил маневрування;2;49.804574;23.992655;1;0;1;0;0;2024;4;5;17;Львів;Наїзд на пішохода;Порушення маневрування
неділя;Франківський;Княгині Ольги;наїзд на велосипедиста - велосипедист рухався у попутному напрямку;перевищення безпечної швидкості;2;49.823543;24.007078;1;0;1;0;0;2024;4;6;12;Львів;Наїзд на велосипедиста;Перевищення швидкості
вівторок;Франківський;Наукова;наїзд на пішохода - на нерегульованому пішохідному переході;порушення правил маневрування;2;49.804387;23.99295;1;0;1;0;0;2024;4;1;14;Львів;Наїзд на пішохода;Порушення маневрування
понеділок;Сихівський;Стрийська;наїзд на дорожний знак, бордюрний камінь;порушення правил маневрування, недодержання дистанції;1;49.801281;24.017969;0;0;1;0;0;2024;4;0;23;Львів;Наїзд на перешкоду;Порушення маневрування
вівторок;Сихівський;Зелена;наїзд на пішохода - на нерегульованому пішохідному переході;порушення правил проїзду пішохідних переходів;2;49.811404;24.061003;1;0;1;0;0;2024;4;1;14;Львів;Наїзд на пішохода;Порушення проїзду переходів
четвер;Шевченківський;Єрошенка В.;зіткнення бокове;порушення правил обгону;2;49.850657;24.002445;1;0;1;0;0;2024;4;3;13;Львів;Зіткнення автомобілів;Інше
понеділок;Шевченківський;Шевченка Т.;зіткнення бокове;порушення правил маневрування;2;49.850111;23.993958;1;0;1;0;0;2024;4;0;16;Львів;Зіткнення автомобілів;Порушення маневрування
четвер;Залізничний;Городоцька;наїзд на пішохода - на нерегульованому пішохідному переході;порушення правил маневрування;2;49.825494;23.912344;1;0;1;0;0;2024;4;3;18;Львів;Наїзд на пішохода;Порушення маневрування
середа;Сихівський;Стрийська;зіткнення лобове;невиконання вимог сигналів регулювання;2;49.783748;24.014214;1;0;1;0;0;2024;4;2;10;Львів;Зіткнення автомобілів;Інше
субота;Сихівський;Святого Івана Павла ІІ, просп.;наїзд на опори (ЛЕП, телефонних та телеграфних ліній, рекламоносіїв, щогли антен моб. зв'язку, тощо);порушення правил маневрування;1;49.801677;24.045644;0;0;1;0;0;2024;4;5;5;Львів;Інше;Порушення маневрування
середа;Галицький;Свободи, просп.;зіткнення з задньою частиною тз;порушення правил маневрування, невиконання вимог сигналів регулювання, порушення правил проїзду перехресть;2;49.840508;24.027835;1;0;1;0;0;2024;5;2;16;Львів;Зіткнення автомобілів;Порушення маневрування
понеділок;Франківський;Стрийська;наїзд на пішохода - пішохід на тротуарі чи велосипедній доріжці;порушення правил маневрування;2;49.798677;24.015904;1;0;1;0;0;2024;4;0;8;Львів;Наїзд на пішохода;Порушення маневрування
середа;Личаківський;Личаківська;наїзд на пішохода - на нерегульованому пішохідному переході;порушення правил проїзду перехресть;2;49.836183;24.06714;1;0;1;0;0;2024;4;2;20;Львів;Наїзд на пішохода;Порушення проїзду перехресть
субота;Залізничний;Щирецька;зіткнення з задньою частиною тз;порушення правил маневрування;2;49.8094;23.98062;0;0;2;0;0;2024;4;5;15;Львів;Зіткнення автомобілів;Порушення маневрування
неділя;Шевченківський;Замарстинівська;наїзд на інші види перешкод;порушення правил маневрування, перевищення безпечної швидкості;1;49.871873;24.017613;0;0;1;0;0;2024;4;6;6;Львів;Наїзд на перешкоду;Порушення маневрування
середа;Галицький;Замарстинівська;зіткнення лобове;порушення правил маневрування;2;49.847866;24.027958;1;0;1;0;0;2024;4;2;15;Львів;Зіткнення автомобілів;Порушення маневрування
середа;Залізничний;Городоцька;зіткнення бокове;недодержання дистанції;3;49.830467;23.967592;2;0;1;0;0;2024;5;2;22;Львів;Зіткнення автомобілів;Недотримання дистанції
п'ятниця;Сихівський;Червоної Калини, просп.;наїзд на пішохода - пішохід переходив дорогу поза межами піш. переходу;порушення правил проїзду пішохідних переходів;2;49.795872;24.054099;1;0;1;0;0;2024;4;4;8;Львів;Наїзд на пішохода;Порушення проїзду переходів
п'ятниця;Шевченківський;Замарстинівська;падіння пасажира;порушення правил маневрування;2;49.874155;24.012991;1;0;1;0;0;2024;4;4;14;Львів;Падіння пасажира;Порушення маневрування
понеділок;Шевченківський;Липинського В.;зіткнення з задньою частиною тз;недодержання дистанції;2;49.863153;24.032153;0;0;2;0;0;2024;4;0;14;Львів;Зіткнення автомобілів;Недотримання дистанції
п'ятниця;Франківський;Єфремова С., акад.;зіткнення бокове;порушення правил маневрування;2;49.830443;24.004371;1;0;1;0;0;2024;4;4;9;Львів;Зіткнення автомобілів;Порушення маневрування
вівторок;Сихівський;Святого Івана Павла ІІ, просп.;наїзд на пішохода - на нерегульованому пішохідному переході;перехід у невстановленому місці;2;49.799494;24.030737;1;0;1;0;0;2024;4;1;13;Львів;Наїзд на пішохода;Інше
середа;Личаківський;Личаківська;зіткнення з задньою частиною тз;порушення правил маневрування;3;49.839847;24.039958;2;0;1;0;0;2024;4;2;23;Львів;Зіткнення автомобілів;Порушення маневрування
неділя;Франківський;Кульпарківська;наїзд на велосипедиста - велосипедист рухався у попутному напрямку;порушення правил проїзду перехресть;2;49.825287;23.989763;1;0;1;0;0;2024;4;6;12;Львів;Наїзд на велосипедиста;Порушення проїзду перехресть
понеділок;Шевченківський;Хмельницького Б.;наїзд на пішохода - на нерегульованому пішохідному переході;порушення правил маневрування;2;49.853096;24.035699;1;0;1;0;0;2024;4;0;12;Львів;Наїзд на пішохода;Порушення маневрування
понеділок;Шевченківський;Липинського В.;падіння пасажира;порушення правил перевезення пасажирів;2;49.863017955582215;24.03128361245105;1;0;1;0;0;2024;4;0;15;Львів;Падіння пасажира;Інше
субота;Личаківський;Личаківська;зіткнення лобове;невиконання вимог сигналів регулювання;3;49.832862;24.090502;0;0;3;0;0;2024;4;5;17;Львів;Зіткнення автомобілів;Інше
вівторок;Личаківський;Стрілецька;наїзд на велосипедиста - велосипедист рухався у попутному напрямку;порушення правил маневрування, недодержання дистанції;2;49.813069;24.142526;0;0;2;0;0;2024;4;1;19;Передмістя;Наїзд на велосипедиста;Порушення маневрування
неділя;Шевченківський;Єрошенка В.;зіткнення з задньою частиною тз;недодержання дистанції, порушення правил маневрування;2;49.850657;24.002359;1;0;1;0;0;2024;4;6;11;Львів;Зіткнення автомобілів;Порушення маневрування
середа;Залізничний;Повітряна;зіткнення лобове;порушення правил проїзду перехресть;2;49.844995;23.966726;1;0;1;0;0;2024;5;2;11;Львів;Зіткнення автомобілів;Порушення проїзду перехресть