accidentDay;district;streetName;accidentType;mainAccidentCause;totalParticipantsAmount;latitude;longitude;Count_Без ушкоджень;Count_Загинув;Count_Легко травмований;Count_Тяжко травмований;Is_Intersection;Year;Month;DayOfWeek;Hour;settlement_grouped;Simple_Type;Simple_Cause
неділя;Личаківський;Богданівська;наїзд на велосипедиста - велосипедист рухався у попутному напрямку;порушення правил маневрування, порушення правил проїзду пішохідних переходів;2;49.858685;24.07259;1;0;1;0;0;2024;4;6;12;Львів;Наїзд на велосипедиста;Порушення маневрування
вівторок;Залізничний;Шевченка Т.;наїзд на пішохода - пішохід рухався у попутному напрямку;перевищення безпечної швидкості;2;49.844749;24.009236;1;0;1;0;0;2024;4;1;14;Львів;Наїзд на пішохода;Перевищення швидкості
вівторок;Франківський;Володимира Великого;наїзд на пішохода - на нерегульованому пішохідному переході;порушення правил проїзду пішохідних переходів;2;49.811861;23.985536;1;0;1;0;0;2024;4;1;13;Львів;Наїзд на пішохода;Порушення проїзду переходів
середа;Сихівський;Максимовича М.;зіткнення бокове;порушення правил маневрування;2;49.794188;24.01663;1;0;1;0;0;2024;4;2;15;Львів;Зіткнення автомобілів;Порушення маневрування
четвер;Личаківський;Галицька;падіння пасажира;порушення техніки безпеки пасажиром;2;49.817361;24.144081;1;0;1;0;0;2024;4;3;15;Передмістя;Падіння пасажира;Інше
п'ятниця;Сихівський;Червоної Калини, просп.;зіткнення бокове;порушення правил маневрування;2;49.795827;24.05522;1;0;1;0;0;2024;4;4;9;Львів;Зіткнення автомобілів;Порушення маневрування
четвер;Сихівський;Зелена;наїзд на велосипедиста - поза межами велосипедної доріжки;порушення правил маневрування;2;49.813606;24.06222;1;0;1;0;0;2024;4;3;13;Львів;Наїзд на велосипедиста;Порушення маневрування
понеділок;Франківський;Стрийська;зіткнення з задньою частиною тз;порушення правил маневрування;2;49.820483;24.020362;1;0;1;0;0;2024;4;0;10;Львів;Зіткнення автомобілів;Порушення маневрування
п'ятниця;Франківський;Княгині Ольги;наїзд на велосипедиста - велосипедист рухався у попутному напрямку;порушення правил маневрування;2;49.814507;24.001135;1;0;1;0;0;2024;4;4;21;Львів;Наїзд на велосипедиста;Порушення маневрування
вівторок;Залізничний;Городоцька;наїзд на пішохода - на нерегульованому пішохідному переході;порушення правил проїзду нерегульованих пішохідних переходів;2;49.821068;23.916373;1;0;1;0;0;2024;4;1;19;Львів;Наїзд на пішохода;Порушення проїзду переходів
понеділок;Залізничний;Кульпарківська;зіткнення з задньою частиною тз;порушення правил маневрування;2;49.806367;23.98155;1;0;1;0;0;2024;4;0;18;Львів;Зіткнення автомобілів;Порушення маневрування
субота;Галицький;Під Дубом;зіткнення лобове;порушення правил зупинки і стоянки транспортних засобів;3;49.850744;24.024315;2;0;1;0;0;2024;4;5;22;Львів;Зіткнення автомобілів;Інше
середа;Шевченківський;Грінченка Б.;наїзд на пішохода - пішохід переходив дорогу поза межами піш. переходу;перехід у невстановленому місці;2;49.871427;24.053476;1;0;1;0;0;2024;4;2;12;Львів;Наїзд на пішохода;Інше
вівторок;Залізничний;Садова;падіння пасажира;порушення правил перевезення пасажирів;2;49.822335;23.979174;1;0;1;0;0;2024;4;1;8;Львів;Падіння пасажира;Інше
четвер;Галицький;Джерельна;наїзд на пішохода - на нерегульованому пішохідному переході;перевищення безпечної швидкості, недодержання дистанції;2;49.84916;24.020212;1;0;1;0;0;2024;4;3;16;Львів;Наїзд на пішохода;Перевищення швидкості
четвер;Галицький;Кропивницького М., пл.;наїзд на пішохода - на нерегульованому пішохідному переході;порушення правил маневрування, порушення правил проїзду пішохідних переходів, порушення правил проїзду перехресть;2;49.836702;24.00583;1;0;1;0;0;2024;4;3;9;Львів;Наїзд на пішохода;Порушення маневрування
неділя;Личаківський;Медової Печери;наїзд на пішохода - на нерегульованому пішохідному переході;неочікуваний вихід на проїжджу частину;2;49.825764;24.077944;1;0;1;0;0;2024;4;6;17;Львів;Наїзд на пішохода;Інше
п'ятниця;Галицький;Снопківська;перекидання тз;порушення правил маневрування;1;49.828304;24.034299;0;0;1;0;0;2024;4;4;21;Львів;Перекидання;Порушення маневрування
вівторок;Личаківський;Хмельницького Б.;наїзд на велосипедиста - велосипедист рухався у попутному напрямку;порушення правил маневрування, порушення правил проїзду перехресть;2;49.871164;24.05838;1;0;1;0;0;2024;4;1;8;Львів;Наїзд на велосипедиста;Порушення маневрування
середа;Сихівський;Дністерська;наїзд на пішохода - на нерегульованому пішохідному переході;порушення правил маневрування, керування транспортним засобом у нетверезому стані;2;49.817696;24.055831;1;0;1;0;0;2024;4;2;14;Львів;Наїзд на пішохода;Порушення маневрування
вівторок;Шевченківський;Винниця;зіткнення з задньою частиною тз;невиконання вимог сигналів регулювання, порушення правил проїзду перехресть;3;49.861769;23.99207;1;0;2;0;0;2024;4;1;8;Львів;Зіткнення автомобілів;Порушення проїзду перехресть
середа;Залізничний;Городоцька;зіткнення з задньою частиною тз;порушення правил проїзду перехресть;2;49.828958;23.958682;0;0;2;0;0;2024;4;2;23;Львів;Зіткнення автомобілів;Порушення проїзду перехресть
субота;Сихівський;Святого Івана Павла ІІ, просп.;наїзд на інші види перешкод;порушення правил маневрування;1;49.80206;24.025388;0;1;0;0;0;2024;4;5;16;Львів;Наїзд на перешкоду;Порушення маневрування
четвер;Галицький;Зелена;зіткнення бокове;порушення правил зупинки і стоянки транспортних засобів;2;49.821158;24.055472;1;0;1;0;0;2024;4;3;11;Львів;Зіткнення автомобілів;Інше
субота;Залізничний;Патона Є.;наїзд на пішохода - на нерегульованому пішохідному переході;порушення правил проїзду пішохідних переходів;2;49.82267;23.965382;1;0;1;0;0;2024;4;5;18;Львів;Наїзд на пішохода;Порушення проїзду переходів
неділя;Личаківський;Медової Печери;зіткнення з задньою частиною тз;недодержання дистанції;2;49.824721;24.078819;1;0;1;0;0;2024;4;6;21;Львів;Зіткнення автомобілів;Недотримання дистанції
вівторок;Залізничний;Городоцька;наїзд на пішохода - пішохід на тротуарі чи велосипедній доріжці;порушення правил маневрування;2;49.829003;23.958929;1;0;1;0;0;2024;4;1;23;Львів;Наїзд на пішохода;Порушення маневрування
понеділок;Шевченківський;Малоголосківська;зіткнення лобове;порушення правил маневрування, недодержання дистанції;3;49.864851;24.008056;2;0;1;0;0;2024;4;0;16;Львів;Зіткнення автомобілів;Порушення маневрування
середа;Шевченківський;Коновальця Є.;зіткнення бокове;порушення правил маневрування, перевищення безпечної швидкості;1;49.954475;23.997735;0;0;1;0;0;2024;4;2;19;Передмістя;Зіткнення автомобілів;Порушення маневрування
четвер;Личаківський;Пасічна;зіткнення з задньою частиною тз;порушення правил маневрування;2;49.814564;24.078099;1;0;1;0;0;2024;4;3;17;Львів;Зіткнення автомобілів;Порушення маневрування
середа;Шевченківський;Гайдамацька;наїзд на пішохода - на нерегульованому пішохідному переході;перевищення безпечної швидкості, порушення правил проїзду пішохідних переходів;2;49.85293;24.028628;1;0;1;0;0;2024;4;2;7;Львів;Наїзд на пішохода;Перевищення швидкості
неділя;Галицький;Насипна;наїзд на пішохода - на нерегульованому пішохідному переході;порушення правил маневрування;2;49.844749;24.032963;1;0;1;0;0;2024;6;6;18;Львів;Наїзд на пішохода;Порушення маневрування
вівторок;Личаківський;Пчілки О.;наїзд на пішохода - пішохід рухався у попутному напрямку;порушення правил маневрування;2;49.831768;24.037549;1;0;1;0;0;2024;6;1;20;Львів;Наїзд на пішохода;Порушення маневрування
п'ятниця;Шевченківський;Тунельна;наїзд на транспортний засіб, що стоїть - по ходу руху;перевищення безпечної швидкості, керування транспортним засобом у нетверезому стані;2;49.863004;24.004574;1;0;1;0;0;2024;6;4;22;Львів;Інше;Перевищення швидкості
середа;Галицький;Валова;наїзд на пішохода - на нерегульованому пішохідному переході;інші порушення правил руху;2;49.839505;24.031155;1;0;1;0;0;2024;6;2;18;Львів;Наїзд на пішохода;Інше
неділя;Галицький;Героїв Майдану;наїзд на пішохода - на нерегульованому пішохідному переході;порушення правил проїзду пішохідних переходів;2;49.82645;24.01819;1;0;1;0;0;2024;6;6;15;Львів;Наїзд на пішохода;Порушення проїзду переходів
четвер;Франківський;Княгині Ольги;наїзд на пішохода - пішохід рухався у попутному напрямку;порушення правил проїзду пішохідних переходів;2;49.822016;24.006355;1;0;1;0;0;2024;6;3;1;Львів;Наїзд на пішохода;Порушення проїзду переходів
субота;Залізничний;Городоцька;наїзд на пішохода - пішохід на тротуарі чи велосипедній доріжці;інші порушення правил руху;2;49.836031;23.998738;1;0;1;0;0;2024;6;5;17;Львів;Наїзд на пішохода;Інше
вівторок;Личаківський;Пасічна;падіння пасажира;порушення правил маневрування;3;49.813993;24.078319;2;0;1;0;0;2024;6;1;17;Львів;Падіння пасажира;Порушення маневрування
субота;Залізничний;Городоцька;зіткнення з задньою частиною тз;невиконання вимог сигналів регулювання;3;49.8291;23.959751;0;0;3;0;0;2024;6;5;23;Львів;Зіткнення автомобілів;Інше
середа;Галицький;Галицька;перекидання тз;порушення правил маневрування;1;49.83998269241756;24.03163539982281;0;0;1;0;0;2024;6;2;1;Львів;Перекидання;Порушення маневрування
четвер;Галицький;Городоцька;наїзд на велосипедиста - велосипедист рухався у попутному напрямку;порушення правил зупинки і стоянки транспортних засобів;2;49.841812;24.016258;1;0;1;0;0;2024;6;3;10;Львів;Наїзд на велосипедиста;Інше
субота;Шевченківський;Шевченка Т.;зіткнення бокове;порушення правил проїзду перехресть;2;49.859708;23.96852;1;0;1;0;0;2024;6;5;19;Львів;Зіткнення автомобілів;Порушення проїзду перехресть
вівторок;Шевченківський;Липинського В.;наїзд на пішохода - на нерегульованому пішохідному переході;порушення правил проїзду нерегульованих пішохідних переходів;2;49.85828;24.022851;1;0;1;0;0;2024;6;1;21;Львів;Наїзд на пішохода;Порушення проїзду переходів
понеділок;Шевченківський;Липинського В.;зіткнення з задньою частиною тз;невиконання вимог сигналів регулювання;2;49.862029;24.029079;1;0;1;0;0;2024;6;0;17;Львів;Зіткнення автомобілів;Інше
середа;Сихівський;Зелена;наїзд на пішохода - на нерегульованому пішохідному переході;інші порушення правил руху;2;49.796139;24.073126;1;0;1;0;0;2024;6;2;20;Львів;Наїзд на пішохода;Інше
четвер;Шевченківський;Варшавська;зіткнення з задньою частиною тз;недодержання дистанції;2;49.861427;24.007922;1;0;1;0;0;2024;6;3;11;Львів;Зіткнення автомобілів;Недотримання дистанції
неділя;Шевченківський;Чорновола В., просп.;наїзд на пішохода - на нерегульованому пішохідному переході;пішоходи невиконання вимог сигналів регулювання;2;49.863651;24.017755;1;1;0;0;0;2024;7;6;14;Львів;Наїзд на пішохода;Інше
п'ятниця;Галицький;Франка І.;наїзд на пішохода - пішохід на тротуарі чи велосипедній доріжці;інші порушення правил руху;2;49.832914;24.033891;1;0;1;0;0;2024;6;4;10;Львів;Наїзд на пішохода;Інше
субота;Франківський;Городоцька;наїзд на пішохода - на нерегульованому пішохідному переході;порушення правил проїзду нерегульованих пішохідних переходів;2;49.832824;23.980762;1;0;1;0;0;2024;6;5;23;Львів;Наїзд на пішохода;Порушення проїзду переходів
понеділок;Шевченківський;Грінченка Б.;зіткнення з задньою частиною тз;порушення правил маневрування;2;49.874328;24.050805;1;0;1;0;0;2024;6;0;18;Львів;Зіткнення автомобілів;Порушення маневрування
понеділок;Шевченківський;Миколайчука І.;зіткнення з задньою частиною тз;порушення правил проїзду перехресть;4;49.876551;24.040704;2;0;2;0;0;2024;7;0;16;Львів;Зіткнення автомобілів;Порушення проїзду перехресть
вівторок;Галицький;Городоцька;падіння пасажира;перевищення безпечної швидкості;2;49.843929;24.024176;1;0;1;0;0;2024;6;1;16;Львів;Падіння пасажира;Перевищення швидкості
вівторок;Шевченківський;Промислова;зіткнення бокове;порушення правил маневрування;3;49.861009;24.043772;2;0;1;0;0;2024;6;1;8;Львів;Зіткнення автомобілів;Порушення маневрування
п'ятниця;Личаківський;Пасічна;зіткнення бокове;порушення правил проїзду перехресть;4;49.833483;24.067733;3;0;1;0;0;2024;6;4;8;Львів;Зіткнення автомобілів;Порушення проїзду перехресть
четвер;Залізничний;Любінська;перекидання тз;порушення правил маневрування;2;49.82316307532578;23.975172897171188;0;1;1;0;0;2024;7;3;23;Львів;Перекидання;Порушення маневрування
четвер;Залізничний;Грушевського М.;зіткнення з задньою частиною тз;порушення правил маневрування;3;49.837737;23.874686;2;0;1;0;0;2024;7;3;20;Передмістя;Зіткнення автомобілів;Порушення маневрування
середа;Галицький;Франка І.;наїзд на пішохода - на нерегульованому пішохідному переході;порушення правил проїзду пішохідних переходів;2;49.828713;24.033;1;0;1;0;0;2024;6;2;14;Львів;Наїзд на пішохода;Порушення проїзду переходів
середа;Галицький;Городоцька;наїзд на пішохода - на нерегульованому пішохідному переході;інші порушення правил проїзду нерегульованих перехресть;2;49.844417;24.025131;1;1;0;0;0;2024;6;2;16;Львів;Наїзд на пішохода;Порушення проїзду перехресть
середа;Галицький;Кропивницького М., пл.;падіння пасажира;порушення правил маневрування;2;49.836434;24.004404;1;0;1;0;0;2024;6;2;19;Львів;Падіння пасажира;Порушення маневрування
неділя;Залізничний;Кульпарківська;наїзд на пішохода - на нерегульованому пішохідному переході;порушення правил проїзду нерегульованих пішохідних переходів;2;49.803843;23.980891;0;0;0;0;0;2024;6;6;22;Львів;Наїзд на пішохода;Порушення проїзду переходів
четвер;Залізничний;Шевченка Т.;наїзд на пішохода - пішохід рухався у попутному напрямку;інші порушення правил руху;2;49.850097;23.993846;1;0;1;0;0;2024;6;3;12;Львів;Наїзд на пішохода;Інше
субота;Шевченківський;Чорновола В., просп.;зіткнення з задньою частиною тз;порушення правил маневрування;3;49.863665;24.017787;1;0;2;0;0;2024;6;5;19;Львів;Зіткнення автомобілів;Порушення маневрування
субота;Шевченківський;Липинського В.;наїзд на пішохода - на нерегульованому пішохідному переході;керування транспортним засобом у стані сп'яніння;2;49.855908;24.018635;1;0;1;0;0;2024;6;5;13;Львів;Наїзд на пішохода;Інше
п'ятниця;Галицький;Гоголя М.;наїзд на інші види перешкод;порушення правил маневрування;2;49.840916;24.016784;1;0;1;0;0;2024;6;4;22;Львів;Наїзд на перешкоду;Порушення маневрування
субота;Шевченківський;Чорновола В., просп.;зіткнення бокове;порушення правил маневрування;3;49.864342;24.016478;1;0;2;0;0;2024;6;5;17;Львів;Зіткнення автомобілів;Порушення маневрування
п'ятниця;Сихівський;Хоткевича Г.;зіткнення бокове;порушення правил маневрування;2;49.794899;24.040452;1;0;1;0;0;2024;6;4;9;Львів;Зіткнення автомобілів;Порушення маневрування
понеділок;Галицький;Свободи, просп.;наїзд на пішохода - на нерегульованому пішохідному переході;порушення швидкості руху;2;49.843097;24.026212;1;0;1;0;0;2024;7;0;8;Львів;Наїзд на пішохода;Перевищення швидкості
неділя;Личаківський;Китайська;наїзд на пішохода - на нерегульованому пішохідному переході;інші порушення правил руху;2;49.821991;24.078264;1;0;1;0;0;2024;6;6;20;Львів;Наїзд на пішохода;Інше
п'ятниця;Шевченківський;Шевченка Т.;зіткнення бокове;порушення правил маневрування;2;49.846244;24.006007;1;0;1;0;0;2024;7;4;23;Львів;Зіткнення автомобілів;Порушення маневрування
субота;Личаківський;Старознесенська;наїзд на інші види перешкод;недодержання дистанції;1;49.850469;24.080854;0;0;1;0;0;2024;6;5;18;Львів;Наїзд на перешкоду;Недотримання дистанції
субота;Личаківський;Личаківська;наїзд на пішохода - на нерегульованому пішохідному переході;керування транспортним засобом у нетверезому стані;2;49.837245;24.060282;1;0;1;0;0;2024;6;5;23;Львів;Наїзд на пішохода;П'яне водіння
понеділок;Шевченківський;Замарстинівська;зіткнення бокове;перевищення безпечної швидкості;2;49.875233;24.010781;1;0;1;0;0;2024;7;0;16;Львів;Зіткнення автомобілів;Перевищення швидкості
четвер;Сихівський;Чмоли І.;зіткнення бокове;недодержання дистанції;3;49.814672;24.019761;1;0;2;0;0;2024;7;3;11;Львів;Зіткнення автомобілів;Недотримання дистанції
неділя;Галицький;Чорновола В., просп.;наїзд на пішохода - на нерегульованому пішохідному переході;порушення правил проїзду пішохідних переходів;2;49.84632;24.025378;1;1;0;0;0;2024;7;6;23;Львів;Наїзд на пішохода;Порушення проїзду переходів
середа;Шевченківський;Панча П.;наїзд на пішохода - на нерегульованому пішохідному переході;порушення правил проїзду пішохідних переходів;2;49.862126;24.018517;1;0;1;0;0;2024;7;2;17;Львів;Наїзд на пішохода;Порушення проїзду переходів
середа;Сихівський;Пасічна;наїзд на пішохода - на нерегульованому пішохідному переході;порушення правил проїзду пішохідних переходів;2;49.80905;24.061233;1;0;1;0;0;2024;7;2;9;Львів;Наїзд на пішохода;Порушення проїзду переходів
п'ятниця;Залізничний;Щирецька;зіткнення з задньою частиною тз;недодержання дистанції;4;49.808877;23.982212;3;0;1;0;0;2024;7;4;14;Львів;Зіткнення автомобілів;Недотримання дистанції
середа;Галицький;Свободи, просп.;перекидання тз;порушення правил маневрування;1;49.842099;24.026842;0;0;1;0;0;2024;7;2;21;Львів;Перекидання;Порушення маневрування
четвер;Залізничний;Гніздовського Я.;зіткнення лобове;керування транспортним засобом у нетверезому стані;3;49.839052;23.969625;2;0;1;0;0;2024;6;3;23;Львів;Зіткнення автомобілів;П'яне водіння
п'ятниця;Личаківський;Богданівська;зіткнення лобове;порушення правил проїзду перехресть;2;49.840381;24.085591;1;0;1;0;0;2024;7;4;14;Львів;Зіткнення автомобілів;Порушення проїзду перехресть
п'ятниця;Залізничний;Виговського І.;наїзд на пішохода - пішоходний перехід, тз здійснював поворот вліво (вправо);порушення правил маневрування;2;49.813348;23.977334;1;0;1;0;0;2024;7;4;17;Львів;Наїзд на пішохода;Порушення маневрування
понеділок;Залізничний;Виговського І.;наїзд на пішохода - на нерегульованому пішохідному переході;порушення правил проїзду пішохідних переходів;2;49.812167;23.982755;1;0;1;0;0;2024;6;0;10;Львів;Наїзд на пішохода;Порушення проїзду переходів
понеділок;Личаківський;Петрушевича Є., пл.;наїзд на пішохода - на нерегульованому пішохідному переході;порушення правил проїзду пішохідних переходів;2;49.833454;24.035314;1;0;1;0;0;2024;6;0;10;Львів;Наїзд на пішохода;Порушення проїзду переходів
субота;Залізничний;Городоцька;зіткнення бокове;недодержання дистанції, перевищення безпечної швидкості;3;49.822124;23.925723;2;0;1;0;0;2024;6;5;9;Львів;Зіткнення автомобілів;Перевищення швидкості
четвер;Сихівський;Червоної Калини, просп.;наїзд на пішохода - пішохід на тротуарі чи велосипедній доріжці;інші порушення правил руху;2;49.79836790075259;24.05014858183047;1;0;1;0;0;2024;6;3;11;Львів;Наїзд на пішохода;Інше
п'ятниця;Личаківський;Пасічна;наїзд на пішохода - пішохід рухався у зустрічному напрямку;інші порушення правил руху;2;49.829375131896406;24.06981451941517;1;0;1;0;0;2024;6;4;13;Львів;Наїзд на пішохода;Інше
вівторок;Сихівський;Угорська;наїзд на пішохода - на нерегульованому пішохідному переході;порушення правил проїзду пішохідних переходів;3;49.813284;24.037249;2;0;1;0;0;2024;6;1;7;Львів;Наїзд на пішохода;Порушення проїзду переходів
середа;Франківський;Городоцька;зіткнення бокове;порушення правил маневрування, перевищення встановленої швидкості, порушення правил проїзду перехресть;2;49.834107;23.990793;1;0;1;0;0;2024;7;2;19;Львів;Зіткнення автомобілів;Порушення маневрування
п'ятниця;Франківський;Невідомо;падіння пасажира;порушення правил маневрування;2;49.816915;24.009097;1;0;1;0;0;2024;7;4;18;Львів;Падіння пасажира;Порушення маневрування
субота;Франківський;Володимира Великого;падіння пасажира;порушення правил маневрування;2;49.811459;23.990214;1;0;1;0;0;2024;6;5;9;Львів;Падіння пасажира;Порушення маневрування
п'ятниця;Франківський;Тролейбусна;зіткнення бокове;порушення правил маневрування;4;49.803109;24.00635;0;0;4;0;0;2024;6;4;23;Львів;Зіткнення автомобілів;Порушення маневрування
субота;Сихівський;Стрийська;наїзд на транспортний засіб, що стоїть - по ходу руху;порушення правил маневрування;2;49.788013;24.020873;1;0;1;0;0;2024;6;5;13;Львів;Інше;Порушення маневрування
субота;Галицький;Чорновола В., просп.;наїзд на пішохода - на нерегульованому пішохідному переході;порушення правил проїзду нерегульованих пішохідних переходів;2;49.846254;24.025388;1;0;1;0;0;2024;6;5;19;Львів;Наїзд на пішохода;Порушення проїзду переходів
субота;Франківський;Володимира Великого;наїзд на транспортний засіб, що стоїть - по ходу руху;недодержання дистанції;2;49.810829;23.995707;1;0;1;0;0;2024;6;5;14;Львів;Інше;Недотримання дистанції
четвер;Залізничний;Городоцька;зіткнення лобове;порушення правил проїзду перехресть;3;49.829;23.9598;2;0;1;0;0;2024;6;3;13;Львів;Зіткнення автомобілів;Порушення проїзду перехресть
субота;Сихівський;Луганська;зіткнення з задньою частиною тз;керування транспортним засобом у нетверезому стані;2;49.808593;24.03881;1;0;1;0;0;2024;6;5;23;Львів;Зіткнення автомобілів;П'яне водіння
понеділок;Франківський;Сахарова А., акад.;наїзд на пішохода - на нерегульованому пішохідному переході;порушення правил проїзду пішохідних переходів;2;49.831952;24.017331;1;0;1;0;0;2024;6;0;9;Львів;Наїзд на пішохода;Порушення проїзду переходів
понеділок;Франківський;Наукова;наїзд на пішохода - на нерегульованому пішохідному переході;порушення правил проїзду нерегульованих пішохідних переходів;2;49.803902;24.007959;1;0;1;0;0;2024;6;0;8;Львів;Наїзд на пішохода;Порушення проїзду переходів
четвер;Сихівський;Зелена;падіння пасажира;недодержання дистанції;3;49.801014;24.066609;2;0;1;0;0;2024;7;3;13;Львів;Падіння пасажира;Недотримання дистанції
п'ятниця;Залізничний;Садова;перекидання тз;порушення швидкості руху;1;49.821386;23.988562;0;0;1;0;0;2024;6;4;23;Львів;Перекидання;Перевищення швидкості
понеділок;Галицький;Городоцька;зіткнення з задньою частиною тз;недодержання дистанції;4;49.843068;24.02129;3;0;1;0;0;2024;6;0;12;Львів;Зіткнення автомобілів;Недотримання дистанції
четвер;Галицький;Городоцька;наїзд на велосипедиста - велосипедист рухався у зустрічному напрямку;порушення правил маневрування, невиконання вимог сигналів регулювання;2;49.842817;24.020357;1;0;1;0;0;2024;6;3;15;Львів;Наїзд на велосипедиста;Порушення маневрування
вівторок;Шевченківський;Липинського В.;наїзд на транспортний засіб, що стоїть - по ходу руху;керування транспортним засобом у нетверезому стані;3;49.855441;24.016993;2;0;1;0;0;2024;6;1;6;Львів;Інше;П'яне водіння
п'ятниця;Личаківський;Чернігівська;зіткнення лобове;перевищення безпечної швидкості;4;49.839218;24.045011;2;0;2;0;0;2024;6;4;17;Львів;Зіткнення автомобілів;Перевищення швидкості
понеділок;Франківський;Наукова;наїзд на пішохода - на нерегульованому пішохідному переході;порушення правил проїзду нерегульованих пішохідних переходів;2;49.802216;24.014547;1;0;1;0;0;2024;6;0;13;Львів;Наїзд на пішохода;Порушення проїзду переходів
четвер;Галицький;Міцкевича А., пл.;зіткнення з задньою частиною тз;порушення правил маневрування;2;49.839446;24.02924;1;0;1;0;0;2024;7;3;19;Львів;Зіткнення автомобілів;Порушення маневрування
неділя;Франківський;Стрийська;зіткнення з задньою частиною тз;керування транспортним засобом у нетверезому стані;3;49.820525;24.020351;2;0;1;0;0;2024;6;6;20;Львів;Зіткнення автомобілів;П'яне водіння
субота;Сихівський;Кавалерідзе І.;зіткнення бокове;порушення правил проїзду перехресть;3;49.794047;24.064795;0;0;3;0;0;2024;7;5;8;Львів;Зіткнення автомобілів;Порушення проїзду перехресть
середа;Галицький;Зелена;наїзд на пішохода - на нерегульованому пішохідному переході;інші порушення правил проїзду нерегульованих перехресть;2;49.824643;24.049823;1;0;1;0;0;2024;6;2;10;Львів;Наїзд на пішохода;Порушення проїзду перехресть
вівторок;Личаківський;Опришківська;наїзд на велосипедиста - велосипедист рухався у попутному напрямку;порушення правил маневрування;2;49.85063149814156;24.043564212511896;1;0;1;0;0;2024;6;1;23;Львів;Наїзд на велосипедиста;Порушення маневрування
четвер;Личаківський;Шімзерів;наїзд на пішохода - пішохід рухався у попутному напрямку;перевищення безпечної швидкості;3;49.834592;24.052565;1;0;2;0;0;2024;7;3;16;Львів;Наїзд на пішохода;Перевищення швидкості
середа;Сихівський;Червоної Калини, просп.;зіткнення з задньою частиною тз;перевищення безпечної швидкості;2;49.787738;24.058825;1;0;1;0;0;2024;7;2;13;Львів;Зіткнення автомобілів;Перевищення швидкості
четвер;Франківський;Стрийська;наїзд на інші види перешкод;порушення правил маневрування;8;49.79359;24.016017;0;0;8;0;0;2024;6;3;11;Львів;Наїзд на перешкоду;Порушення маневрування
неділя;Шевченківський;Хмельницького Б.;зіткнення з задньою частиною тз;порушення правил маневрування;1;49.864823;24.052591;0;0;1;0;0;2024;6;6;15;Львів;Зіткнення автомобілів;Порушення маневрування
вівторок;Шевченківський;Липинського В.;наїзд на пішохода - на нерегульованому пішохідному переході;порушення правил проїзду пішохідних переходів;2;49.865245;24.048316;1;0;1;0;0;2024;7;1;12;Львів;Наїзд на пішохода;Порушення проїзду переходів
вівторок;Личаківський;Хмельницького Б.;наїзд на пішохода - на нерегульованому пішохідному переході;неочікуваний вихід на проїжджу частину, перехід у невстановленому місці;2;49.862115;24.050773;1;0;0;1;0;2024;7;1;17;Львів;Наїзд на пішохода;Інше
субота;Шевченківський;Миколайчука І.;перекидання тз;порушення правил маневрування;1;49.86846;24.04345;0;0;1;0;0;2024;6;5;22;Львів;Перекидання;Порушення маневрування
четвер;Галицький;Зелена;наїзд на пішохода - на нерегульованому пішохідному переході;інші порушення правил руху;2;49.821255;24.055413;1;0;1;0;0;2024;6;3;20;Львів;Наїзд на пішохода;Інше
неділя;Сихівський;Червоної Калини, просп.;зіткнення з задньою частиною тз;порушення правил проїзду перехресть;2;49.796339;24.053176;0;0;2;0;0;2024;6;6;19;Львів;Зіткнення автомобілів;Порушення проїзду перехресть
вівторок;Галицький;Сербська;наїзд на пішохода - пішохід рухався у попутному напрямку;перехід пішоходів у невстановленому місці;2;49.84062309018667;24.033413797171946;1;0;1;0;0;2024;7;1;2;Львів;Наїзд на пішохода;Інше
п'ятниця;Шевченківський;Клепарівська;зіткнення лобове;порушення правил маневрування;2;49.851507;24.015016;1;0;1;0;0;2024;7;4;12;Львів;Зіткнення автомобілів;Порушення маневрування
п'ятниця;Личаківський;Личаківська;наїзд на пішохода - на нерегульованому пішохідному переході;порушення правил проїзду нерегульованих пішохідних переходів;2;49.838325;24.056062;1;0;1;0;0;2024;6;4;21;Львів;Наїзд на пішохода;Порушення проїзду переходів
неділя;Галицький;Валова;наїзд на пішохода - пішохід рухався у попутному напрямку;порушення правил під час початку руху;2;49.839826;24.032743;1;0;1;0;0;2024;6;6;8;Львів;Наїзд на пішохода;Інше
вівторок;Сихівський;Угорська;наїзд на пішохода - на нерегульованому пішохідному переході;порушення правил маневрування;2;49.812166;24.040478;1;0;1;0;0;2024;1;1;15;Львів;Наїзд на пішохода;Порушення маневрування
вівторок;Шевченківський;Єрошенка В.;наїзд на пішохода - на нерегульованому пішохідному переході;порушення правил проїзду пішохідних переходів;2;49.851534;24.019177;1;0;1;0;0;2024;1;1;15;Львів;Наїзд на пішохода;Порушення проїзду переходів