accidentDay;district;streetName;accidentType;mainAccidentCause;totalParticipantsAmount;latitude;longitude;Count_Без ушкоджень;Count_Загинув;Count_Легко травмований;Count_Тяжко травмований;Is_Intersection;Year;Month;DayOfWeek;Hour;settlement_grouped;Simple_Type;Simple_Cause
четвер;Личаківський;Личаківська;зіткнення з задньою частиною тз;перевищення безпечної швидкості;3;49.836951;24.062199;2;0;1;0;0;2024;1;3;9;Львів;Зіткнення автомобілів;Перевищення швидкості
понеділок;Залізничний;Кульпарківська;зіткнення лобове;порушення правил маневрування;6;49.80293615554017;23.98058956158115;1;0;5;0;0;2024;1;0;17;Львів;Зіткнення автомобілів;Порушення маневрування
середа;Шевченківський;Варшавська;наїзд на пішохода - на нерегульованому пішохідному переході;порушення правил проїзду пішохідних переходів;2;49.858861;24.010459;1;0;1;0;0;2024;1;2;18;Львів;Наїзд на пішохода;Порушення проїзду переходів
вівторок;Шевченківський;Шевченка Т.;наїзд на транспортний засіб, що стоїть - по ходу руху;перевищення безпечної швидкості, керування транспортним засобом у нетверезому стані;1;49.866762;23.947836;0;0;1;0;0;2024;1;1;22;Львів;Інше;Перевищення швидкості
вівторок;Шевченківський;Липинського В.;наїзд на пішохода - на нерегульованому пішохідному переході;порушення правил проїзду нерегульованих пішохідних переходів;2;49.858215;24.022894;1;0;1;0;0;2024;1;1;20;Львів;Наїзд на пішохода;Порушення проїзду переходів
середа;Сихівський;Святого Івана Павла ІІ, просп.;наїзд на пішохода - на нерегульованому пішохідному переході;керування транспортним засобом у нетверезому стані;2;49.799827;24.026504;1;0;1;0;0;2024;1;2;15;Львів;Наїзд на пішохода;П'яне водіння
середа;Личаківський;Хмельницького Б.;наїзд на інші види перешкод;порушення правил маневрування;1;49.876816;24.063415;0;0;1;0;0;2024;1;2;19;Львів;Наїзд на перешкоду;Порушення маневрування
середа;Залізничний;Кульпарківська;зіткнення з задньою частиною тз;порушення правил маневрування;2;49.822975;23.989109;1;0;1;0;0;2024;1;2;18;Львів;Зіткнення автомобілів;Порушення маневрування
п'ятниця;Франківський;Стрийська;зіткнення з задньою частиною тз;перевищення безпечної швидкості, порушення правил маневрування;4;49.806287;24.018871;3;0;1;0;0;2024;1;4;15;Львів;Зіткнення автомобілів;Порушення маневрування
середа;Галицький;Листопадового Чину;наїзд на пішохода - пішохід рухався у попутному напрямку;порушення правил проїзду нерегульованих пішохідних переходів;2;49.840197;24.020094;1;0;1;0;0;2024;3;2;0;Львів;Наїзд на пішохода;Порушення проїзду переходів
вівторок;Личаківський;Личаківська;зіткнення бокове;порушення правил маневрування;2;49.837958;24.057457;1;0;1;0;0;2024;2;1;14;Львів;Зіткнення автомобілів;Порушення маневрування
четвер;Шевченківський;Єрошенка В.;наїзд на дерево;перевищення безпечної швидкості, недодержання дистанції;2;49.85036;24.002257;1;0;1;0;0;2024;2;3;11;Львів;Наїзд на перешкоду;Перевищення швидкості
середа;Личаківський;Пасічна;наїзд на пішохода - на нерегульованому пішохідному переході;порушення правил проїзду нерегульованих пішохідних переходів;2;49.827862;24.071335;1;0;1;0;0;2024;2;2;14;Львів;Наїзд на пішохода;Порушення проїзду переходів
середа;Франківський;Пулюя І.;наїзд на пішохода - на нерегульованому пішохідному переході;порушення правил проїзду пішохідних переходів;2;49.802327;23.987988;1;0;1;0;0;2024;2;2;18;Львів;Наїзд на пішохода;Порушення проїзду переходів
субота;Шевченківський;Володимира Івасюка;наїзд на пішохода - на нерегульованому пішохідному переході;порушення правил проїзду нерегульованих пішохідних переходів;2;49.90129;23.934424;1;0;1;0;0;2024;2;5;11;Передмістя;Наїзд на пішохода;Порушення проїзду переходів
четвер;Шевченківський;Шевченка Т.;наїзд на пішохода - на нерегульованому пішохідному переході;порушення швидкості руху;2;49.869774;23.952373;1;0;1;0;0;2024;3;3;14;Львів;Наїзд на пішохода;Перевищення швидкості
вівторок;Шевченківський;Промислова;наїзд на пішохода - пішохід рухався у попутному напрямку;порушення правил маневрування;2;49.85662;24.041905;1;0;1;0;0;2024;3;1;8;Львів;Наїзд на пішохода;Порушення маневрування
середа;Сихівський;Зелена;зіткнення бокове;недодержання дистанції;2;49.784039;24.078142;1;0;1;0;0;2024;2;2;15;Львів;Зіткнення автомобілів;Недотримання дистанції
вівторок;Залізничний;Сяйво;наїзд на велосипедиста - велосипедист рухався у попутному напрямку;порушення правил маневрування;2;49.8398704191448;23.977961141346388;1;0;1;0;0;2024;3;1;16;Львів;Наїзд на велосипедиста;Порушення маневрування
четвер;Галицький;Городоцька;наїзд на пішохода - на нерегульованому пішохідному переході;порушення правил проїзду пішохідних переходів;2;49.843075;24.021075;1;0;1;0;0;2024;3;3;12;Львів;Наїзд на пішохода;Порушення проїзду переходів
середа;Сихівський;Зубрівська;наїзд на опори (ЛЕП, телефонних та телеграфних ліній, рекламоносіїв, щогли антен моб. зв'язку, тощо);порушення правил маневрування, перевищення безпечної швидкості;1;49.795377;24.059871;0;0;1;0;0;2024;3;2;16;Львів;Інше;Порушення маневрування
середа;Залізничний;Виговського І.;зіткнення з задньою частиною тз;недодержання дистанції;2;49.815959;23.974807;1;0;1;0;0;2024;3;2;17;Львів;Зіткнення автомобілів;Недотримання дистанції
середа;Франківський;Рубчака І.;зіткнення бокове;порушення правил маневрування;3;49.806048;24.01195;2;0;1;0;0;2024;3;2;9;Львів;Зіткнення автомобілів;Порушення маневрування
понеділок;Шевченківський;Липинського В.;наїзд на пішохода - на нерегульованому пішохідному переході;порушення правил проїзду пішохідних переходів;2;49.855424;24.016966;1;0;1;0;0;2024;3;0;15;Львів;Наїзд на пішохода;Порушення проїзду переходів
понеділок;Личаківський;Хмельницького Б.;наїзд на пішохода - на нерегульованому пішохідному переході;порушення правил маневрування, порушення правил проїзду пішохідних переходів;2;49.82054;24.112693;1;0;1;0;0;2024;3;0;11;Львів;Наїзд на пішохода;Порушення маневрування
четвер;Франківський;Коновальця Є.;наїзд на пішохода - пішохід переходив дорогу поза межами піш. переходу;перехід у невстановленому місці;2;49.826636;23.996855;1;0;1;0;0;2024;3;3;14;Львів;Наїзд на пішохода;Інше
вівторок;Галицький;Джерельна;наїзд на пішохода - на нерегульованому пішохідному переході;порушення правил проїзду пішохідних переходів;2;49.84950733590521;24.02031196470409;1;0;1;0;0;2024;2;1;16;Львів;Наїзд на пішохода;Порушення проїзду переходів
п'ятниця;Галицький;Чорновола В., просп.;зіткнення лобове;порушення правил маневрування;2;49.848212;24.025818;1;0;1;0;0;2024;2;4;21;Львів;Зіткнення автомобілів;Порушення маневрування
понеділок;Шевченківський;Грінченка Б.;падіння пасажира;порушення правил перевезення пасажирів;2;49.871427;24.053444;1;0;1;0;0;2024;3;0;16;Львів;Падіння пасажира;Інше
субота;Франківський;Княгині Ольги;наїзд на пішохода - на нерегульованому пішохідному переході;порушення правил проїзду пішохідних переходів, керування транспортним засобом у нетверезому стані;2;49.812778;24.000551;1;0;1;0;0;2024;3;5;12;Львів;Наїзд на пішохода;Порушення проїзду переходів
п'ятниця;Франківський;Тролейбусна;наїзд на пішохода - на регульованому пішохідному переході;порушення правил під час руху заднім ходом;2;49.808527;24.007165;1;0;1;0;0;2024;3;4;14;Львів;Наїзд на пішохода;Інше
четвер;Галицький;Зелена;зіткнення з задньою частиною тз;недодержання дистанції;4;49.821521;24.055139;3;0;1;0;0;2024;2;3;7;Львів;Зіткнення автомобілів;Недотримання дистанції
неділя;Галицький;Гнатюка В., акад.;наїзд на пішохода - пішохід рухався у попутному напрямку;інші порушення правил руху;2;49.841276;24.027325;1;0;1;0;0;2024;2;6;19;Львів;Наїзд на пішохода;Інше
вівторок;Шевченківський;Чорновола В., просп.;зіткнення з задньою частиною тз;недодержання дистанції;5;49.856558;24.02195;2;0;3;0;0;2024;2;1;12;Львів;Зіткнення автомобілів;Недотримання дистанції
п'ятниця;Сихівський;Сихівська;падіння пасажира;порушення правил маневрування;1;49.79544187591453;24.06440763825033;0;0;1;0;0;2024;3;4;14;Львів;Падіння пасажира;Порушення маневрування
субота;Залізничний;Любінська;наїзд на велосипедиста - велосипедист рухався у попутному напрямку;порушення правил проїзду перехресть;2;49.821830269484295;23.97209682723786;1;0;1;0;0;2024;3;5;20;Львів;Наїзд на велосипедиста;Порушення проїзду перехресть
середа;Сихівський;Луганська;наїзд на велосипедиста - велосипедист рухався у попутному напрямку;порушення правил маневрування;2;49.808437;24.0457;1;0;1;0;0;2024;2;2;14;Львів;Наїзд на велосипедиста;Порушення маневрування
п'ятниця;Сихівський;Мишуги О.;наїзд на інші види перешкод;перевищення безпечної швидкості;1;49.8171303587941;24.03294344215497;0;0;1;0;0;2024;3;4;20;Львів;Наїзд на перешкоду;Перевищення швидкості
середа;Шевченківський;Шевченка Т.;наїзд на транспортний засіб, що стоїть - по ходу руху;недодержання дистанції, керування транспортним засобом у нетверезому стані;2;49.854178;23.984748;1;0;1;0;0;2024;2;2;12;Львів;Інше;Недотримання дистанції
п'ятниця;Франківський;Повстанська;падіння пасажира;порушення правил маневрування;2;49.826813;23.999183;1;0;1;0;0;2024;2;4;18;Львів;Падіння пасажира;Порушення маневрування
п'ятниця;Шевченківський;Липинського В.;наїзд на пішохода - пішохід рухався у попутному напрямку;порушення правил проїзду нерегульованих пішохідних переходів;2;49.865037;24.051009;1;0;1;0;0;2024;3;4;13;Львів;Наїзд на пішохода;Порушення проїзду переходів
вівторок;Шевченківський;Липинського В.;зіткнення з задньою частиною тз;порушення правил маневрування;4;49.860189;24.026821;2;0;2;0;0;2024;3;1;12;Львів;Зіткнення автомобілів;Порушення маневрування
неділя;Залізничний;Шевченка Т.;наїзд на пішохода - на нерегульованому пішохідному переході;порушення правил проїзду пішохідних переходів;2;49.845585;24.007705;1;0;1;0;0;2024;2;6;18;Львів;Наїзд на пішохода;Порушення проїзду переходів
вівторок;Галицький;Зелена;наїзд на пішохода - пішохід переходив дорогу поза межами піш. переходу;порушення правил маневрування;2;49.821438;24.055198;1;0;1;0;0;2024;3;1;18;Львів;Наїзд на пішохода;Порушення маневрування
п'ятниця;Сихівський;Драгана М.;зіткнення з задньою частиною тз;порушення правил маневрування;5;49.784908;24.057972;2;0;3;0;0;2024;2;4;22;Львів;Зіткнення автомобілів;Порушення маневрування
середа;Залізничний;Сяйво;зіткнення з задньою частиною тз;недодержання дистанції;2;49.840387;23.978101;1;0;1;0;0;2024;3;2;8;Львів;Зіткнення автомобілів;Недотримання дистанції
середа;Личаківський;Личаківська;падіння пасажира;порушення правил маневрування;2;49.838494;24.055016;1;0;1;0;0;2024;3;2;10;Львів;Падіння пасажира;Порушення маневрування
вівторок;Галицький;Університетська;наїзд на пішохода - на регульованому пішохідному переході;порушення правил маневрування;2;49.840633;24.021317;1;0;1;0;0;2024;3;1;12;Львів;Наїзд на пішохода;Порушення маневрування
субота;Франківський;Мельника А.;зіткнення з задньою частиною тз;порушення правил проїзду перехресть;2;49.830488;24.004295;1;0;1;0;0;2024;2;5;14;Львів;Зіткнення автомобілів;Порушення проїзду перехресть
вівторок;Галицький;Чорновола В., просп.;зіткнення з задньою частиною тз;недодержання дистанції;2;49.8494;24.025162;1;0;1;0;0;2024;3;1;12;Львів;Зіткнення автомобілів;Недотримання дистанції
вівторок;Личаківський;Личаківська;зіткнення лобове;порушення правил проїзду перехресть;5;49.839814;24.039152;3;0;2;0;0;2024;2;1;11;Львів;Зіткнення автомобілів;Порушення проїзду перехресть
середа;Шевченківський;Мазепи І., гетьм.;падіння пасажира;порушення правил маневрування;2;49.87004968482871;24.028714297567458;1;0;1;0;0;2024;3;2;11;Львів;Падіння пасажира;Порушення маневрування
середа;Залізничний;Шептицького А.;зіткнення бокове;порушення правил маневрування;2;49.833485;23.882164;1;1;0;0;0;2024;3;2;17;Передмістя;Зіткнення автомобілів;Порушення маневрування
четвер;Шевченківський;Турянського О.;наїзд на пішохода - пішохід переходив дорогу поза межами піш. переходу;перехід у невстановленому місці, неочікуваний вихід на проїжджу частину;3;49.848765;24.003131;1;1;1;0;0;2024;3;3;17;Львів;Наїзд на пішохода;Інше
вівторок;Сихівський;Зелена;наїзд на пішохода - на нерегульованому пішохідному переході;порушення правил проїзду пішохідних переходів;2;49.813092;24.060459;1;0;1;0;0;2024;3;1;9;Львів;Наїзд на пішохода;Порушення проїзду переходів
п'ятниця;Залізничний;Сяйво;падіння пасажира;порушення правил маневрування;1;49.833097;23.977854;0;0;1;0;0;2024;3;4;9;Львів;Падіння пасажира;Порушення маневрування
понеділок;Шевченківський;Варшавська;наїзд на пішохода - на нерегульованому пішохідному переході;порушення правил проїзду перехресть;2;49.864788;24.008105;1;0;1;0;0;2024;3;0;21;Львів;Наїзд на пішохода;Порушення проїзду перехресть
четвер;Шевченківський;Винниця;зіткнення бокове;порушення правил маневрування;3;49.861769;23.99207;1;0;2;0;0;2024;3;3;6;Львів;Зіткнення автомобілів;Порушення маневрування
вівторок;Шевченківський;Орлика П.;зіткнення лобове;порушення правил маневрування;2;49.874449;24.033494;1;0;1;0;0;2024;2;1;9;Львів;Зіткнення автомобілів;Порушення маневрування
вівторок;Франківський;Симоненка В.;наїзд на пішохода - на нерегульованому пішохідному переході;порушення правил проїзду пішохідних переходів;2;49.808375;23.986298;1;0;1;0;0;2024;3;1;18;Львів;Наїзд на пішохода;Порушення проїзду переходів
середа;Сихівський;Зелена;зіткнення лобове;порушення правил маневрування;2;49.803175;24.064377;1;0;1;0;0;2024;3;2;15;Львів;Зіткнення автомобілів;Порушення маневрування
понеділок;Сихівський;Зелена;наїзд на велосипедиста - велосипедист рухався у попутному напрямку;керування транспортним засобом у нетверезому стані, недодержання дистанції;2;49.813547;24.062065;1;0;1;0;0;2024;3;0;22;Львів;Наїзд на велосипедиста;Недотримання дистанції
п'ятниця;Залізничний;Широка;наїзд на пішохода - на регульованому пішохідному переході;порушення правил під час руху заднім ходом;2;49.841968;23.968686;1;0;1;0;0;2024;3;4;17;Львів;Наїзд на пішохода;Інше
четвер;Галицький;Чорновола В., просп.;наїзд на пішохода - на нерегульованому пішохідному переході;порушення правил проїзду пішохідних переходів;3;49.848195;24.025796;1;0;2;0;0;2024;3;3;9;Львів;Наїзд на пішохода;Порушення проїзду переходів
понеділок;Франківський;Стрийська;зіткнення бокове;невиконання вимог сигналів регулювання, порушення правил маневрування;3;49.814644;24.019804;2;0;1;0;0;2024;2;0;9;Львів;Зіткнення автомобілів;Порушення маневрування
п'ятниця;Сихівський;Червоної Калини, просп.;падіння пасажира;порушення правил маневрування;2;49.798854;24.048353;1;0;1;0;0;2024;2;4;20;Львів;Падіння пасажира;Порушення маневрування
неділя;Галицький;Підвальна;наїзд на пішохода - на нерегульованому пішохідному переході;порушення правил проїзду пішохідних переходів;2;49.844033;24.034084;1;0;1;0;0;2024;3;6;17;Львів;Наїзд на пішохода;Порушення проїзду переходів
субота;Франківський;Окружна;зіткнення бокове;порушення правил маневрування;3;49.827408;23.982339;2;0;1;0;0;2024;3;5;22;Львів;Зіткнення автомобілів;Порушення маневрування
вівторок;Залізничний;Петлюри С.;зіткнення лобове;порушення правил проїзду перехресть;2;49.819504;23.980966;1;0;1;0;0;2024;3;1;11;Львів;Зіткнення автомобілів;Порушення проїзду перехресть
п'ятниця;Шевченківський;Мазепи І., гетьм.;зіткнення бокове;порушення правил проїзду перехресть;2;49.86932598073427;24.02420818704741;1;0;1;0;0;2024;3;4;8;Львів;Зіткнення автомобілів;Порушення проїзду перехресть
середа;Галицький;Шевченка Т.;наїзд на пішохода - на нерегульованому пішохідному переході;порушення правил проїзду регульованих пішохідних переходів;2;49.843085;24.014949;1;0;1;0;0;2024;3;2;9;Львів;Наїзд на пішохода;Порушення проїзду переходів
понеділок;Франківський;Героїв УПА;наїзд на пішохода - стояв на проїжджій частині;порушення правил маневрування, керування транспортним засобом у нетверезому стані;2;49.828201;23.990482;1;0;1;0;0;2024;2;0;15;Львів;Наїзд на пішохода;Порушення маневрування
середа;Личаківський;Личаківська;зіткнення з задньою частиною тз;порушення правил маневрування;2;49.840138;24.042833;1;0;1;0;0;2024;3;2;10;Львів;Зіткнення автомобілів;Порушення маневрування
середа;Личаківський;Глинянський Тракт;зіткнення з задньою частиною тз;недодержання дистанції;3;49.840211;24.087675;2;0;1;0;0;2024;3;2;7;Львів;Зіткнення автомобілів;Недотримання дистанції
понеділок;Залізничний;Кульпарківська;зіткнення бокове;порушення правил маневрування, виїзд на смугу зустрічного руху;2;49.820948;23.988503;1;0;1;0;0;2024;3;0;16;Львів;Зіткнення автомобілів;Порушення маневрування
субота;Шевченківський;Мазепи І., гетьм.;наїзд на пішохода - на нерегульованому пішохідному переході;перевищення безпечної швидкості;2;49.8728;24.046063;1;1;0;0;0;2024;2;5;18;Львів;Наїзд на пішохода;Перевищення швидкості
середа;Залізничний;Городоцька;зіткнення з задньою частиною тз;недодержання дистанції, порушення правил маневрування;2;49.830464;23.967549;1;0;1;0;0;2024;2;2;7;Львів;Зіткнення автомобілів;Порушення маневрування
понеділок;Франківський;Володимира Великого;наїзд на пішохода - на нерегульованому пішохідному переході;порушення правил проїзду пішохідних переходів;2;49.811841;23.985568;1;0;1;0;0;2024;3;0;14;Львів;Наїзд на пішохода;Порушення проїзду переходів
субота;Личаківський;Личаківська;наїзд на пішохода - пішохід на зупинці громадського транспорту;порушення правил зупинки і стоянки транспортних засобів;2;49.83996;24.03821;1;0;1;0;0;2024;3;5;7;Львів;Наїзд на пішохода;Інше
п'ятниця;Шевченківський;Шевченка Т.;наїзд на пішохода - пішохід переходив дорогу поза межами піш. переходу;перехід у невстановленому місці;2;49.868585;23.950614;1;0;1;0;0;2024;2;4;12;Львів;Наїзд на пішохода;Інше
четвер;Залізничний;Кульпарківська;наїзд на пішохода - на нерегульованому пішохідному переході;порушення правил проїзду нерегульованих пішохідних переходів;2;49.815111;23.984495;1;0;1;0;0;2024;2;3;18;Львів;Наїзд на пішохода;Порушення проїзду переходів
вівторок;Личаківський;Сухомлинського;наїзд на пішохода - пішохід рухався у попутному напрямку;неочікуваний вихід на проїжджу частину;2;49.819573;24.141287;1;0;1;0;0;2024;3;1;19;Передмістя;Наїзд на пішохода;Інше
субота;Сихівський;Зелена;зіткнення з задньою частиною тз;порушення правил маневрування;2;49.80066;24.06729;1;0;1;0;0;2024;3;5;13;Львів;Зіткнення автомобілів;Порушення маневрування
середа;Личаківський;Левицького К.;наїзд на пішохода - на нерегульованому пішохідному переході;порушення правил проїзду пішохідних переходів;2;49.832824;24.042726;1;0;1;0;0;2024;3;2;9;Львів;Наїзд на пішохода;Порушення проїзду переходів
середа;Сихівський;Сихівська;зіткнення з задньою частиною тз;порушення правил маневрування;2;49.79855423939965;24.070959698895425;1;0;1;0;0;2024;3;2;22;Львів;Зіткнення автомобілів;Порушення маневрування
вівторок;Шевченківський;Чорновола В., просп.;наїзд на пішохода - пішохід рухався у попутному напрямку;порушення правил маневрування;2;49.865013;24.05118;1;0;1;0;0;2024;3;1;12;Львів;Наїзд на пішохода;Порушення маневрування
вівторок;Сихівський;Коломийська;наїзд на пішохода - на нерегульованому пішохідному переході;порушення правил проїзду пішохідних переходів;3;49.787616;24.064286;2;0;1;0;0;2024;2;1;8;Львів;Наїзд на пішохода;Порушення проїзду переходів
субота;Личаківський;Хмельницького Б.;падіння пасажира;порушення правил перевезення пасажирів;2;49.860535;24.04948;1;0;1;0;0;2024;2;5;14;Львів;Падіння пасажира;Інше
середа;Франківський;Кульпарківська;зіткнення з задньою частиною тз;порушення правил маневрування;2;49.827491;23.990037;1;0;1;0;0;2024;3;2;14;Львів;Зіткнення автомобілів;Порушення маневрування
понеділок;Залізничний;Широка;зіткнення з задньою частиною тз;порушення правил маневрування;2;49.841944;23.961788;1;0;1;0;0;2024;2;0;19;Львів;Зіткнення автомобілів;Порушення маневрування
вівторок;Залізничний;Городоцька;наїзд на пішохода - на нерегульованому пішохідному переході;невиконання вимог сигналів регулювання;2;49.831242;23.961493;1;0;1;0;0;2024;3;1;12;Львів;Наїзд на пішохода;Інше
четвер;Галицький;Городоцька;наїзд на інші види перешкод;порушення правил маневрування;1;49.844286;24.025099;0;0;1;0;0;2024;3;3;11;Львів;Наїзд на перешкоду;Порушення маневрування
субота;Залізничний;Шевченка Т.;зіткнення бокове;порушення правил маневрування;2;49.847233;24.00267;1;0;1;0;0;2024;3;5;14;Львів;Зіткнення автомобілів;Порушення маневрування
неділя;Шевченківський;Брюховицька;падіння пасажира;порушення правил маневрування;3;49.864757;23.968944;2;0;1;0;0;2024;6;6;23;Львів;Падіння пасажира;Порушення маневрування
субота;Залізничний;Левандівська;зіткнення з задньою частиною тз;перевищення безпечної швидкості;1;49.848938;23.99531;0;0;1;0;0;2024;5;5;16;Львів;Зіткнення автомобілів;Перевищення швидкості
вівторок;Личаківський;Пасічна;наїзд на пішохода - пішохід рухався у попутному напрямку;порушення правил проїзду нерегульованих пішохідних переходів;2;49.826799;24.072182;1;0;1;0;0;2024;5;1;9;Львів;Наїзд на пішохода;Порушення проїзду переходів
четвер;Залізничний;Сяйво;наїзд на пішохода - пішохід рухався у попутному напрямку;перехід пішоходів у невстановленому місці;1;49.8398704191448;23.977961141346388;0;0;1;0;0;2024;5;3;23;Львів;Наїзд на пішохода;Інше
п'ятниця;Шевченківський;Липинського В.;наїзд на пішохода - пішохід переходив дорогу поза межами піш. переходу;перехід у невстановленому місці;2;49.861358;24.028258;1;1;0;0;0;2024;6;4;7;Львів;Наїзд на пішохода;Інше
субота;Личаківський;Личаківська;наїзд на інші види перешкод;порушення правил маневрування;1;49.81585250620924;24.12264740548997;0;0;1;0;0;2024;5;5;1;Передмістя;Наїзд на перешкоду;Порушення маневрування
вівторок;Личаківський;Пекарська;наїзд на пішохода - пішохід на тротуарі чи велосипедній доріжці;порушення швидкості руху;2;49.837913;24.038402;1;0;1;0;0;2024;5;1;13;Львів;Наїзд на пішохода;Перевищення швидкості
п'ятниця;Шевченківський;Галицька;зіткнення з задньою частиною тз;порушення правил маневрування, перевищення безпечної швидкості;2;49.875427;24.067177;1;0;1;0;0;2024;5;4;7;Передмістя;Зіткнення автомобілів;Порушення маневрування
неділя;Франківський;Стрийська;наїзд на пішохода - пішохід на тротуарі чи велосипедній доріжці;порушення швидкості руху;2;49.796215;24.016559;1;0;1;0;0;2024;5;6;16;Львів;Наїзд на пішохода;Перевищення швидкості
вівторок;Сихівський;Скорини Ф.;зіткнення лобове;керування транспортним засобом у нетверезому стані;4;49.798736;24.022272;2;0;2;0;0;2024;5;1;22;Львів;Зіткнення автомобілів;П'яне водіння
п'ятниця;Залізничний;Залізнична;падіння пасажира;порушення техніки безпеки пасажиром;2;49.837595;24.001908;1;0;1;0;0;2024;5;4;20;Львів;Падіння пасажира;Інше
четвер;Личаківський;Зелена;наїзд на пішохода - пішохід рухався у попутному напрямку;недодержання дистанції;3;49.828498;24.045011;2;0;1;0;0;2024;5;3;19;Львів;Наїзд на пішохода;Недотримання дистанції
п'ятниця;Франківський;Київська;зіткнення бокове;порушення правил маневрування;2;49.832658;24.010803;0;0;2;0;0;2024;5;4;13;Львів;Зіткнення автомобілів;Порушення маневрування
четвер;Сихівський;Святого Івана Павла ІІ, просп.;наїзд на інші види перешкод;керування транспортним засобом у нетверезому стані;1;49.80148;24.04353;0;0;1;0;0;2024;5;3;22;Львів;Наїзд на перешкоду;П'яне водіння
субота;Личаківський;Мучна;зіткнення бокове;порушення правил проїзду перехресть;2;49.8413;24.057671;0;0;2;0;0;2024;5;5;13;Львів;Зіткнення автомобілів;Порушення проїзду перехресть
понеділок;Франківський;Коновальця Є.;наїзд на велосипедиста - велосипедист рухався у попутному напрямку;порушення правил проїзду пішохідних переходів;2;49.832921;24.006479;1;0;1;0;0;2024;5;0;8;Львів;Наїзд на велосипедиста;Порушення проїзду переходів
субота;Залізничний;Шевченка Т.;наїзд на пішохода - пішохід рухався у попутному напрямку;порушення правил проїзду пішохідних переходів;2;49.846759;24.004558;1;0;1;0;0;2024;5;5;11;Львів;Наїзд на пішохода;Порушення проїзду переходів
вівторок;Шевченківський;Липинського В.;зіткнення бокове;недодержання дистанції;2;49.86418;24.03549;1;0;1;0;0;2024;5;1;20;Львів;Зіткнення автомобілів;Недотримання дистанції
неділя;Залізничний;Мазепи І.;наїзд на пішохода - пішохід рухався у попутному напрямку;перехід пішоходів у невстановленому місці;2;49.83419;23.891208;1;0;1;0;0;2024;5;6;15;Передмістя;Наїзд на пішохода;Інше
вівторок;Сихівський;Зелена;падіння пасажира;порушення правил маневрування;2;49.7984;24.071324;1;0;1;0;0;2024;5;1;13;Львів;Падіння пасажира;Порушення маневрування
вівторок;Залізничний;Городоцька;наїзд на пішохода - на нерегульованому пішохідному переході;перехід пішоходів у невстановленому місці;2;49.826633;23.945915;1;1;0;0;0;2024;6;1;23;Львів;Наїзд на пішохода;Інше
середа;Галицький;Коперника М.;перекидання тз;порушення правил маневрування;1;49.835841;24.022256;0;0;1;0;0;2024;5;2;15;Львів;Перекидання;Порушення маневрування
четвер;Франківський;Коновальця Є.;наїзд на пішохода - пішохід на тротуарі чи велосипедній доріжці;інші порушення правил проїзду нерегульованих перехресть;2;49.832087;24.005561;1;0;1;0;0;2024;6;3;3;Львів;Наїзд на пішохода;Порушення проїзду перехресть
вівторок;Франківський;Наукова;зіткнення бокове;порушення правил маневрування;3;49.804532;23.984753;2;0;1;0;0;2024;5;1;14;Львів;Зіткнення автомобілів;Порушення маневрування
неділя;Шевченківський;Миколайчука І.;зіткнення бокове;невиконання вимог сигналів регулювання;3;49.880682;24.033338;0;0;3;0;0;2024;5;6;12;Львів;Зіткнення автомобілів;Інше
субота;Личаківський;Тракт-Глинянський;наїзд на тварин - дика;порушення правил маневрування, перевищення безпечної швидкості;1;49.840032;24.167191;0;0;1;0;0;2024;5;5;21;Передмістя;Інше;Порушення маневрування
субота;Личаківський;Личаківська;наїзд на велосипедиста - велосипедист рухався у попутному напрямку;порушення правил проїзду перехресть;2;49.838315;24.056046;1;0;1;0;0;2024;5;5;13;Львів;Наїзд на велосипедиста;Порушення проїзду перехресть
понеділок;Шевченківський;Клепарівська;зіткнення лобове;порушення правил проїзду перехресть;2;49.854382;24.014338;1;0;1;0;0;2024;5;0;18;Львів;Зіткнення автомобілів;Порушення проїзду перехресть
неділя;Шевченківський;Франка Івана;зіткнення з задньою частиною тз;перевищення безпечної швидкості, недодержання дистанції;4;49.881829;24.077471;3;0;1;0;0;2024;5;6;11;Передмістя;Зіткнення автомобілів;Перевищення швидкості
вівторок;Личаківський;Галицька;зіткнення бокове;недодержання дистанції;2;49.817133;24.143443;1;0;1;0;0;2024;5;1;19;Передмістя;Зіткнення автомобілів;Недотримання дистанції
понеділок;Сихівський;Сихівська;падіння пасажира;порушення техніки безпеки пасажиром;2;49.796232;24.063234;1;0;1;0;0;2024;5;0;17;Львів;Падіння пасажира;Інше
середа;Залізничний;Виговського І.;зіткнення бокове;недодержання дистанції;3;49.828758;23.967769;2;0;1;0;0;2024;5;2;10;Львів;Зіткнення автомобілів;Недотримання дистанції
четвер;Личаківський;Кукурудзяна;наїзд на велосипедиста - велосипедист рухався у попутному напрямку;виїзд на смугу зустрічного руху;2;49.86262;24.058326;1;0;1;0;0;2024;6;3;8;Львів;Наїзд на велосипедиста;Інше