accidentDay;district;streetName;accidentType;mainAccidentCause;totalParticipantsAmount;latitude;longitude;Count_Без ушкоджень;Count_Загинув;Count_Легко травмований;Count_Тяжко травмований;Is_Intersection;Year;Month;DayOfWeek;Hour;settlement_grouped;Simple_Type;Simple_Cause
неділя;Личаківський;Забава;перекидання тз;перевищення безпечної швидкості;1;49.806602;24.119754;0;0;1;0;0;2024;5;6;22;Передмістя;Перекидання;Перевищення швидкості
вівторок;Галицький;Бандери С.;наїзд на пішохода - на нерегульованому пішохідному переході;порушення правил проїзду нерегульованих пішохідних переходів;2;49.8346;24.012844;1;0;1;0;0;2024;6;1;15;Львів;Наїзд на пішохода;Порушення проїзду переходів
п'ятниця;Галицький;Крушельницької С.;наїзд на пішохода - пішохід на тротуарі чи велосипедній доріжці;порушення швидкості руху;2;49.836868;24.020035;1;0;1;0;0;2024;5;4;10;Львів;Наїзд на пішохода;Перевищення швидкості
четвер;Франківський;Володимира Великого;наїзд на пішохода - на регульованому пішохідному переході;порушення правил проїзду пішохідних переходів;2;49.811833;23.98618;1;0;1;0;0;2024;4;3;19;Львів;Наїзд на пішохода;Порушення проїзду переходів
субота;Шевченківський;Липи Ю.;наїзд на пішохода - пішохід рухався у попутному напрямку;порушення правил маневрування;2;49.863858;24.01356;1;0;1;0;0;2024;5;5;15;Львів;Наїзд на пішохода;Порушення маневрування
неділя;Галицький;Свободи, просп.;наїзд на пішохода - пішохід рухався у попутному напрямку;порушення швидкості руху;2;49.841636;24.028827;1;0;1;0;0;2024;5;6;22;Львів;Наїзд на пішохода;Перевищення швидкості
понеділок;Франківський;Княгині Ольги;зіткнення бокове;порушення правил маневрування;2;49.81379143241662;24.001095699014908;1;0;1;0;0;2024;6;0;3;Львів;Зіткнення автомобілів;Порушення маневрування
середа;Залізничний;Левандівська;зіткнення бокове;порушення правил маневрування;2;49.844209;23.983104;1;0;1;0;0;2024;5;2;19;Львів;Зіткнення автомобілів;Порушення маневрування
понеділок;Залізничний;Городоцька;падіння пасажира;порушення техніки безпеки пасажиром;2;49.83073;23.969443;1;0;1;0;0;2024;5;0;13;Львів;Падіння пасажира;Інше
середа;Залізничний;Сяйво;наїзд на дерево;перевищення безпечної швидкості;1;49.836547;23.977109;0;0;1;0;0;2024;6;2;15;Львів;Наїзд на перешкоду;Перевищення швидкості
п'ятниця;Сихівський;Святого Івана Павла ІІ, просп.;наїзд на велосипедиста - велосипедист рухався у попутному напрямку;порушення правил маневрування;2;49.799532;24.030683;1;0;1;0;0;2024;5;4;20;Львів;Наїзд на велосипедиста;Порушення маневрування
субота;Личаківський;Яреми Д., патр.;наїзд на пішохода - пішохід переходив дорогу поза межами піш. переходу;неочікуваний вихід на проїжджу частину;2;49.837709;24.042082;1;0;1;0;0;2024;5;5;18;Львів;Наїзд на пішохода;Інше
субота;Сихівський;Зубрівська;зіткнення з задньою частиною тз;порушення правил маневрування;1;49.798019957388725;24.062822191024424;0;0;1;0;0;2024;5;5;10;Львів;Зіткнення автомобілів;Порушення маневрування
четвер;Галицький;Міцкевича А., пл.;зіткнення з задньою частиною тз;порушення правил маневрування;2;49.839698;24.029589;1;0;1;0;0;2024;5;3;12;Львів;Зіткнення автомобілів;Порушення маневрування
середа;Шевченківський;Чорновола В., просп.;наїзд на велосипедиста - велосипедист рухався у попутному напрямку;порушення правил маневрування;2;49.857122;24.020405;1;0;1;0;0;2024;5;2;14;Львів;Наїзд на велосипедиста;Порушення маневрування
неділя;Личаківський;Личаківська;наїзд на опори (ЛЕП, телефонних та телеграфних ліній, рекламоносіїв, щогли антен моб. зв'язку, тощо);керування транспортним засобом у нетверезому стані;1;49.838391;24.055467;0;0;1;0;0;2024;6;6;23;Львів;Інше;П'яне водіння
четвер;Сихівський;Зелена;наїзд на пішохода - пішохід рухався у попутному напрямку;порушення правил маневрування;2;49.810777;24.060649;1;0;1;0;0;2024;5;3;13;Львів;Наїзд на пішохода;Порушення маневрування
середа;Залізничний;Виговського І.;зіткнення лобове;порушення правил маневрування;1;49.812179;23.982081;0;0;1;0;0;2024;6;2;10;Львів;Зіткнення автомобілів;Порушення маневрування
неділя;Личаківський;Хмельницького Б.;наїзд на пішохода - пішохід рухався у попутному напрямку;перехід пішоходів у невстановленому місці;2;49.854493;24.044335;1;0;1;0;0;2024;6;6;22;Львів;Наїзд на пішохода;Інше
понеділок;Галицький;Галицька, пл.;наїзд на пішохода - пішохід рухався у попутному напрямку;порушення правил маневрування;2;49.839303;24.032449;1;0;1;0;0;2024;5;0;15;Львів;Наїзд на пішохода;Порушення маневрування
неділя;Залізничний;Повітряна;наїзд на пішохода - на нерегульованому пішохідному переході;порушення правил маневрування;2;49.844601;23.973375;1;0;1;0;0;2024;6;6;14;Львів;Наїзд на пішохода;Порушення маневрування
понеділок;Личаківський;Пасічна;наїзд на пішохода - пішохід рухався у попутному напрямку;порушення правил проїзду пішохідних переходів;2;49.827799;24.071479;1;0;1;0;0;2024;5;0;15;Львів;Наїзд на пішохода;Порушення проїзду переходів
понеділок;Залізничний;Патона Є.;зіткнення бокове;порушення правил проїзду перехресть, порушення правил маневрування;2;49.824425;23.949246;0;0;2;0;0;2024;5;0;18;Львів;Зіткнення автомобілів;Порушення маневрування
вівторок;Франківський;Княгині Ольги;наїзд на велосипедиста - велосипедист рухався у попутному напрямку;порушення правил проїзду пішохідних переходів;2;49.823729;24.007552;1;0;1;0;0;2024;5;1;16;Львів;Наїзд на велосипедиста;Порушення проїзду переходів
понеділок;Сихівський;Червоної Калини, просп.;зіткнення бокове;недодержання дистанції;1;49.78709;24.05986;0;0;1;0;0;2024;5;0;23;Львів;Зіткнення автомобілів;Недотримання дистанції
четвер;Шевченківський;Замарстинівська;зіткнення лобове;порушення правил маневрування;2;49.876108;24.007841;1;0;1;0;0;2024;6;3;13;Львів;Зіткнення автомобілів;Порушення маневрування
неділя;Галицький;Дорошенка П.;зіткнення бокове;порушення правил проїзду перехресть;2;49.838048;24.023103;1;0;1;0;0;2024;5;6;0;Львів;Зіткнення автомобілів;Порушення проїзду перехресть
неділя;Шевченківський;Незалежності України;зіткнення бокове;порушення правил проїзду перехресть;2;49.894786;23.946269;1;0;1;0;0;2024;5;6;17;Передмістя;Зіткнення автомобілів;Порушення проїзду перехресть
середа;Шевченківський;Городоцька;наїзд на пішохода - пішохід рухався у попутному напрямку;порушення правил проїзду пішохідних переходів;2;49.84287688995365;24.019459563001465;1;0;1;0;0;2024;5;2;16;Львів;Наїзд на пішохода;Порушення проїзду переходів
субота;Залізничний;Мазепи І.;наїзд на пішохода - пішохід рухався у попутному напрямку;недотримання безпечної дистанції;2;49.833654;23.891589;1;0;1;0;0;2024;5;5;13;Передмістя;Наїзд на пішохода;Недотримання дистанції
вівторок;Сихівський;Стрийська;падіння пасажира;порушення правил маневрування;2;49.79807649468763;24.017386260849094;1;0;1;0;0;2024;6;1;1;Львів;Падіння пасажира;Порушення маневрування
понеділок;Личаківський;Глинянський Тракт;наїзд на пішохода - пішохід рухався у попутному напрямку;неочікуваний вихід на проїжджу частину;2;49.841527;24.098146;1;0;1;0;0;2024;5;0;18;Львів;Наїзд на пішохода;Інше
вівторок;Франківський;Наукова;наїзд на пішохода - пішохід рухався у попутному напрямку;порушення правил проїзду пішохідних переходів;3;49.804214;23.989259;1;0;2;0;0;2024;5;1;18;Львів;Наїзд на пішохода;Порушення проїзду переходів
середа;Залізничний;Сяйво;наїзд на пішохода - пішохід переходив дорогу поза межами піш. переходу;перехід у невстановленому місці;2;49.839557;23.977795;1;0;1;0;0;2024;5;2;11;Львів;Наїзд на пішохода;Інше
понеділок;Галицький;Франка І.;наїзд на пішохода - на нерегульованому пішохідному переході;порушення правил проїзду пішохідних переходів;2;49.829131;24.032347;1;0;1;0;0;2024;5;0;10;Львів;Наїзд на пішохода;Порушення проїзду переходів
субота;Шевченківський;Замарстинівська;наїзд на інші види перешкод;перевищення безпечної швидкості;1;49.876564;24.006264;0;0;1;0;0;2024;5;5;20;Львів;Наїзд на перешкоду;Перевищення швидкості
четвер;Франківський;Наукова;наїзд на велосипедиста - велосипедист рухався у попутному напрямку;порушення правил маневрування;2;49.806748;23.996201;1;0;1;0;0;2024;5;3;9;Львів;Наїзд на велосипедиста;Порушення маневрування
середа;Личаківський;Франка І.;наїзд на пішохода - пішохід рухався у попутному напрямку;порушення правил проїзду пішохідних переходів;2;49.833955;24.034427;1;0;1;0;0;2024;5;2;11;Львів;Наїзд на пішохода;Порушення проїзду переходів
п'ятниця;Галицький;Франка І.;наїзд на пішохода - пішохід рухався у попутному напрямку;перехід пішоходів у невстановленому місці;2;49.825868;24.033837;1;0;1;0;0;2024;5;4;14;Львів;Наїзд на пішохода;Інше
четвер;Галицький;Ринок, пл.;наїзд на пішохода - пішохід рухався у попутному напрямку;порушення швидкості руху;2;49.841715;24.030785;1;0;1;0;0;2024;5;3;20;Львів;Наїзд на пішохода;Перевищення швидкості
неділя;Сихівський;Сихівська;наїзд на пішохода - на нерегульованому пішохідному переході;порушення правил проїзду пішохідних переходів;2;49.794376;24.063374;1;0;1;0;0;2024;6;6;22;Львів;Наїзд на пішохода;Порушення проїзду переходів
середа;Шевченківський;Весняна;зіткнення бокове;порушення правил маневрування;2;49.899399;23.961503;1;0;1;0;0;2024;6;2;18;Передмістя;Зіткнення автомобілів;Порушення маневрування
п'ятниця;Сихівський;Зубрівська;наїзд на інші види перешкод;перевищення безпечної швидкості;1;49.799023;24.063733;0;0;1;0;0;2024;5;4;13;Львів;Наїзд на перешкоду;Перевищення швидкості
п'ятниця;Личаківський;Мечникова І.;зіткнення з задньою частиною тз;порушення правил маневрування;2;49.838294;24.055123;1;0;1;0;0;2024;5;4;9;Львів;Зіткнення автомобілів;Порушення маневрування
субота;Залізничний;Лесі Українки;зіткнення бокове;порушення правил маневрування;3;49.873664;23.911317;1;0;2;0;0;2024;5;5;22;Передмістя;Зіткнення автомобілів;Порушення маневрування
понеділок;Галицький;Свободи, просп.;наїзд на пішохода - на нерегульованому пішохідному переході;порушення швидкості руху;2;49.842197975170905;24.02678592416271;1;0;1;0;0;2024;5;0;18;Львів;Наїзд на пішохода;Перевищення швидкості
вівторок;Сихівський;Червоної Калини, просп.;наїзд на пішохода - пішохід переходив дорогу поза межами піш. переходу;пішоходи невиконання вимог сигналів регулювання;2;49.795048;24.056615;1;0;1;0;0;2024;5;1;21;Львів;Наїзд на пішохода;Інше
середа;Шевченківський;Хімічна;зіткнення бокове;порушення правил маневрування;7;49.853763;24.023216;1;0;6;0;0;2024;6;2;10;Львів;Зіткнення автомобілів;Порушення маневрування
середа;Сихівський;Червоної Калини, просп.;зіткнення з задньою частиною тз;невиконання вимог сигналів регулювання;4;49.81021;24.046228;2;0;2;0;0;2024;6;2;12;Львів;Зіткнення автомобілів;Інше
субота;Сихівський;Святого Івана Павла ІІ, просп.;зіткнення лобове;порушення правил маневрування;3;49.800069;24.032582;2;0;1;0;0;2024;5;5;22;Львів;Зіткнення автомобілів;Порушення маневрування
п'ятниця;Залізничний;Авіаційна;зіткнення бокове;порушення правил маневрування;2;49.825304;23.939338;1;0;1;0;0;2024;5;4;20;Львів;Зіткнення автомобілів;Порушення маневрування
п'ятниця;Залізничний;Чернівецька;наїзд на пішохода - пішохід переходив дорогу поза межами піш. переходу;перехід у невстановленому місці;2;49.83818;23.998438;1;0;1;0;0;2024;5;4;19;Львів;Наїзд на пішохода;Інше
п'ятниця;Шевченківський;Замарстинівська;перекидання тз;перевищення безпечної швидкості;1;49.861261;24.026724;0;0;1;0;0;2024;5;4;22;Львів;Перекидання;Перевищення швидкості
п'ятниця;Сихівський;Червоної Калини, просп.;зіткнення бокове;порушення правил маневрування;2;49.798954;24.048171;1;0;1;0;0;2024;5;4;13;Львів;Зіткнення автомобілів;Порушення маневрування
п'ятниця;Сихівський;Червоної Калини, просп.;наїзд на пішохода - на регульованому пішохідному переході;керування транспортним засобом у нетверезому стані;2;49.790536;24.05824;1;0;1;0;0;2024;5;4;10;Львів;Наїзд на пішохода;П'яне водіння
неділя;Франківський;Окружна;зіткнення бокове;керування транспортним засобом у нетверезому стані;2;49.824875;23.989677;1;0;1;0;0;2024;5;6;18;Львів;Зіткнення автомобілів;П'яне водіння
п'ятниця;Сихівський;Червоної Калини, просп.;зіткнення з задньою частиною тз;недодержання дистанції, перевищення безпечної швидкості;2;49.785843;24.059415;1;0;1;0;0;2024;5;4;14;Львів;Зіткнення автомобілів;Перевищення швидкості
четвер;Залізничний;Шевченка Т.;наїзд на велосипедиста - велосипедист рухався у попутному напрямку;порушення правил маневрування;2;49.848845;23.997359;1;0;1;0;0;2024;6;3;15;Львів;Наїзд на велосипедиста;Порушення маневрування
вівторок;Галицький;Городоцька;падіння пасажира;порушення правил маневрування;2;49.84001;24.014568;1;0;1;0;0;2024;5;1;21;Львів;Падіння пасажира;Порушення маневрування
п'ятниця;Галицький;Свободи, просп.;наїзд на велосипедиста - велосипедист рухався у попутному напрямку;порушення правил проїзду пішохідних переходів;2;49.843452;24.025844;1;0;1;0;0;2024;5;4;17;Львів;Наїзд на велосипедиста;Порушення проїзду переходів
четвер;Залізничний;Городоцька;наїзд на пішохода - пішохід рухався у попутному напрямку;недодержання дистанції;3;49.831959;23.975092;2;0;1;0;0;2024;5;3;9;Львів;Наїзд на пішохода;Недотримання дистанції
неділя;Сихівський;Сихівська;падіння пасажира;порушення правил маневрування;2;49.794543;24.063824;1;0;1;0;0;2024;6;6;17;Львів;Падіння пасажира;Порушення маневрування
субота;Залізничний;Городоцька;зіткнення бокове;недодержання дистанції;2;49.820404;23.912483;1;0;1;0;0;2024;5;5;0;Львів;Зіткнення автомобілів;Недотримання дистанції
середа;Франківський;Молдавська;зіткнення бокове;порушення правил проїзду перехресть;2;49.815184;23.995514;1;0;1;0;0;2024;5;2;9;Львів;Зіткнення автомобілів;Порушення проїзду перехресть
четвер;Сихівський;Кавалерідзе І.;наїзд на пішохода - пішохід на тротуарі чи велосипедній доріжці;порушення правил маневрування;2;49.793995;24.064334;0;0;2;0;0;2024;6;3;11;Львів;Наїзд на пішохода;Порушення маневрування
п'ятниця;Франківський;Наукова;наїзд на пішохода - пішохід рухався у попутному напрямку;перевищення безпечної швидкості;2;49.803383;23.989903;1;0;1;0;0;2024;5;4;20;Львів;Наїзд на пішохода;Перевищення швидкості
четвер;Франківський;Наукова;зіткнення бокове;перевищення безпечної швидкості;2;49.802008;24.010105;1;0;1;0;0;2024;5;3;18;Львів;Зіткнення автомобілів;Перевищення швидкості
вівторок;Залізничний;Петлюри С.;наїзд на пішохода - пішохід рухався у зустрічному напрямку;перехід пішоходів у невстановленому місці;2;49.82221;23.979163;1;0;1;0;0;2024;5;1;11;Львів;Наїзд на пішохода;Інше
неділя;Сихівський;Мирного Панаса;зіткнення з задньою частиною тз;порушення правил проїзду перехресть;2;49.81441;24.03435;1;0;1;0;0;2024;6;6;18;Львів;Зіткнення автомобілів;Порушення проїзду перехресть
четвер;Залізничний;Кульпарківська;перекидання тз;порушення правил маневрування, керування транспортним засобом у нетверезому стані;1;49.802791;23.980628;0;0;1;0;0;2024;6;3;22;Львів;Перекидання;Порушення маневрування
понеділок;Личаківський;Галицька;перекидання тз;перевищення безпечної швидкості;2;49.817603;24.147638;0;0;2;0;0;2024;6;0;0;Передмістя;Перекидання;Перевищення швидкості
понеділок;Шевченківський;Замарстинівська;наїзд на пішохода - пішохід рухався у попутному напрямку;порушення правил проїзду пішохідних переходів;2;49.853124;24.02791;1;0;1;0;0;2024;5;0;9;Львів;Наїзд на пішохода;Порушення проїзду переходів
четвер;Сихівський;Святого Івана Павла ІІ, просп.;наїзд на пішохода - пішохід на тротуарі чи велосипедній доріжці;перехід пішоходів у невстановленому місці;2;49.802084;24.025308;1;0;1;0;0;2024;5;3;22;Львів;Наїзд на пішохода;Інше
четвер;Галицький;Князя Ярослава Осмомисла, пл.;падіння пасажира;порушення правил перевезення пасажирів;2;49.844889;24.027774;1;0;1;0;0;2024;5;3;11;Львів;Падіння пасажира;Інше
вівторок;Галицький;Стуса В.;зіткнення з задньою частиною тз;недодержання дистанції;2;49.81904;24.041766;1;0;1;0;0;2024;7;1;15;Львів;Зіткнення автомобілів;Недотримання дистанції
середа;Галицький;Валова;наїзд на інші види перешкод;порушення правил маневрування;2;49.839442;24.030935;0;0;2;0;0;2024;7;2;17;Львів;Наїзд на перешкоду;Порушення маневрування
субота;Шевченківський;Шевченка Т.;зіткнення з задньою частиною тз;порушення правил проїзду перехресть;3;49.871973;23.939273;2;0;1;0;0;2024;8;5;18;Львів;Зіткнення автомобілів;Порушення проїзду перехресть
п'ятниця;Залізничний;Городоцька;наїзд на пішохода - пішоходний перехід, тз здійснював поворот вліво (вправо);керування транспортним засобом у стані сп'яніння;2;49.831135;23.97117;1;0;1;0;0;2024;8;4;14;Львів;Наїзд на пішохода;Інше
вівторок;Сихівський;Вернадського В.;наїзд на пішохода - пішохід рухався у попутному напрямку;недодержання дистанції;2;49.782584;24.056572;1;0;1;0;0;2024;7;1;13;Львів;Наїзд на пішохода;Недотримання дистанції
п'ятниця;Франківський;Котляревського І.;наїзд на пішохода - на регульованому пішохідному переході;порушення правил маневрування;3;49.832169;24.012495;1;0;2;0;0;2024;7;4;10;Львів;Наїзд на пішохода;Порушення маневрування
субота;Залізничний;Городоцька;наїзд на пішохода - на нерегульованому пішохідному переході;порушення правил проїзду пішохідних переходів;2;49.829087;23.959653;1;1;0;0;0;2024;7;5;21;Львів;Наїзд на пішохода;Порушення проїзду переходів
субота;Личаківський;Зелена;наїзд на пішохода - пішохід рухався у попутному напрямку;неочікуваний вихід на проїжджу частину;2;49.817673;24.060279;1;0;1;0;0;2024;8;5;17;Львів;Наїзд на пішохода;Інше
субота;Личаківський;Т. Шевченка;зіткнення бокове;порушення правил маневрування;2;49.837581;24.120612;1;0;0;1;0;2024;8;5;12;Передмістя;Зіткнення автомобілів;Порушення маневрування
неділя;Галицький;Підвальна;наїзд на пішохода - стояв на проїжджій частині;недодержання дистанції;2;49.841273;24.035511;1;0;1;0;0;2024;7;6;21;Львів;Наїзд на пішохода;Недотримання дистанції
понеділок;Франківський;Княгині Ольги;наїзд на пішохода - на нерегульованому пішохідному переході;перехід пішоходів у невстановленому місці;2;49.81379143241662;24.001095699014908;1;0;1;0;0;2024;7;0;21;Львів;Наїзд на пішохода;Інше
четвер;Сихівський;Червоної Калини, просп.;зіткнення з задньою частиною тз;перевищення безпечної швидкості;11;49.796319;24.053954;3;1;7;0;0;2024;7;3;9;Львів;Зіткнення автомобілів;Перевищення швидкості
вівторок;Залізничний;Шевченка Т.;зіткнення з задньою частиною тз;недодержання дистанції;2;49.854538;23.983347;1;0;1;0;0;2024;7;1;22;Львів;Зіткнення автомобілів;Недотримання дистанції
п'ятниця;Франківський;Наукова;наїзд на велосипедиста - поза межами велосипедної доріжки;порушення правил маневрування;2;49.804669;23.998757;1;0;1;0;0;2024;7;4;9;Львів;Наїзд на велосипедиста;Порушення маневрування
субота;Личаківський;Глинянський Тракт;зіткнення з задньою частиною тз;порушення правил маневрування;2;49.842667;24.106225;1;0;1;0;0;2024;7;5;10;Львів;Зіткнення автомобілів;Порушення маневрування
вівторок;Сихівський;Зелена;зіткнення з задньою частиною тз;порушення правил маневрування;2;49.802368;24.067011;1;0;1;0;0;2024;7;1;15;Львів;Зіткнення автомобілів;Порушення маневрування
середа;Сихівський;Кам'янецька;падіння пасажира;порушення техніки безпеки пасажиром;2;49.810722;24.037995;1;0;1;0;0;2024;7;2;12;Львів;Падіння пасажира;Інше
понеділок;Франківський;Городоцька;наїзд на пішохода - на нерегульованому пішохідному переході;перехід у невстановленому місці;2;49.831822;23.97766;1;0;1;0;0;2024;7;0;22;Львів;Наїзд на пішохода;Інше
середа;Галицький;Митрополита Андрея;наїзд на пішохода - на нерегульованому пішохідному переході;порушення правил проїзду нерегульованих пішохідних переходів;2;49.835654;24.006779;1;0;1;0;0;2024;7;2;18;Львів;Наїзд на пішохода;Порушення проїзду переходів
п'ятниця;Галицький;Вітовського Д.;наїзд на пішохода - пішоходний перехід, тз здійснював поворот вліво (вправо);порушення правил проїзду пішохідних переходів;2;49.832012;24.023665;1;0;1;0;0;2024;7;4;9;Львів;Наїзд на пішохода;Порушення проїзду переходів
понеділок;Залізничний;Городоцька;зіткнення з задньою частиною тз;недодержання дистанції;4;49.829872;23.96358;2;0;2;0;0;2024;8;0;13;Львів;Зіткнення автомобілів;Недотримання дистанції
вівторок;Франківський;Липнева, пл.;зіткнення з задньою частиною тз;порушення правил маневрування;2;49.834678;24.002504;1;0;1;0;0;2024;8;1;11;Львів;Зіткнення автомобілів;Порушення маневрування
понеділок;Галицький;Зелена;наїзд на пішохода - на нерегульованому пішохідному переході;інші порушення правил проїзду нерегульованих перехресть;2;49.820982;24.055617;1;0;1;0;0;2024;8;0;23;Львів;Наїзд на пішохода;Порушення проїзду перехресть
вівторок;Залізничний;Кульпарківська;наїзд на пішохода - на нерегульованому пішохідному переході;порушення правил проїзду пішохідних переходів;3;49.818002;23.987322;1;0;2;0;0;2024;8;1;19;Львів;Наїзд на пішохода;Порушення проїзду переходів
неділя;Галицький;Князя Романа;наїзд на пішохода - пішохід рухався у попутному напрямку;порушення швидкості руху;2;49.83809;24.03277;1;0;1;0;0;2024;7;6;19;Львів;Наїзд на пішохода;Перевищення швидкості
субота;Франківський;Княгині Ольги;зіткнення бокове;порушення правил маневрування;2;49.822584;24.006779;1;0;1;0;0;2024;7;5;11;Львів;Зіткнення автомобілів;Порушення маневрування
неділя;Личаківський;Пасічна;падіння пасажира;порушення техніки безпеки пасажиром;2;49.821742;24.075496;1;0;1;0;0;2024;7;6;14;Львів;Падіння пасажира;Інше
неділя;Залізничний;Городоцька;падіння пасажира;порушення правил маневрування;2;49.838059;24.006581;1;0;1;0;0;2024;7;6;16;Львів;Падіння пасажира;Порушення маневрування
неділя;Залізничний;Любінська;наїзд на пішохода - на нерегульованому пішохідному переході;порушення правил проїзду пішохідних переходів;2;49.823563;23.976202;1;0;1;0;0;2024;7;6;22;Львів;Наїзд на пішохода;Порушення проїзду переходів
вівторок;Шевченківський;Мазепи І., гетьм.;наїзд на пішохода - на нерегульованому пішохідному переході;порушення правил маневрування;2;49.87199552806386;24.04051520090445;1;0;1;0;0;2024;8;1;15;Львів;Наїзд на пішохода;Порушення маневрування
неділя;Галицький;Театральна;наїзд на пішохода - на нерегульованому пішохідному переході;порушення правил маневрування;2;49.840567;24.029991;1;0;1;0;0;2024;7;6;19;Львів;Наїзд на пішохода;Порушення маневрування
понеділок;Галицький;Стрийська;зіткнення бокове;порушення правил маневрування;2;49.826463;24.027749;1;0;1;0;0;2024;7;0;13;Львів;Зіткнення автомобілів;Порушення маневрування
четвер;Франківський;Стрийська;наїзд на пішохода - пішохід рухався у попутному напрямку;порушення правил проїзду пішохідних переходів;2;49.801876;24.017894;1;0;1;0;0;2024;8;3;2;Львів;Наїзд на пішохода;Порушення проїзду переходів
вівторок;Галицький;Свободи, просп.;наїзд на пішохода - на нерегульованому пішохідному переході;порушення правил проїзду нерегульованих пішохідних переходів;2;49.840304;24.028012;1;0;1;0;0;2024;7;1;12;Львів;Наїзд на пішохода;Порушення проїзду переходів
субота;Сихівський;Угорська;перекидання тз;порушення правил маневрування;1;49.812584;24.039395;0;0;1;0;0;2024;7;5;16;Львів;Перекидання;Порушення маневрування
понеділок;Шевченківський;Чорновола В., просп.;зіткнення лобове;недодержання дистанції;3;49.856281;24.022771;2;0;1;0;0;2024;7;0;23;Львів;Зіткнення автомобілів;Недотримання дистанції
четвер;Франківський;Володимира Великого;наїзд на пішохода - на нерегульованому пішохідному переході;порушення правил під час руху заднім ходом;2;49.81103;23.994001;1;0;1;0;0;2024;8;3;12;Львів;Наїзд на пішохода;Інше
четвер;Сихівський;Гориня М.;наїзд на пішохода - на нерегульованому пішохідному переході;порушення правил проїзду пішохідних переходів;2;49.789178;24.058208;1;0;1;0;0;2024;7;3;11;Львів;Наїзд на пішохода;Порушення проїзду переходів
неділя;Галицький;Ринок, пл.;перекидання тз;порушення правил маневрування;1;49.84134928163099;24.03163611930284;0;0;1;0;0;2024;7;6;18;Львів;Перекидання;Порушення маневрування
понеділок;Сихівський;Стрийська;наїзд на пішохода - на нерегульованому пішохідному переході;перехід пішоходів у невстановленому місці;2;49.79807649468763;24.017386260849094;1;0;1;0;0;2024;7;0;22;Львів;Наїзд на пішохода;Інше
понеділок;Франківський;Кульпарківська;зіткнення бокове;порушення правил маневрування;2;49.805077;23.983211;1;0;0;1;0;2024;8;0;17;Львів;Зіткнення автомобілів;Порушення маневрування
неділя;Шевченківський;Липинського В.;наїзд на пішохода - пішохід переходив дорогу поза межами піш. переходу;невиконання вимог сигналів регулювання;2;49.863761;24.033864;1;0;1;0;0;2024;8;6;12;Львів;Наїзд на пішохода;Інше
субота;Галицький;Городоцька;наїзд на пішохода - пішохід на тротуарі чи велосипедній доріжці;порушення правил маневрування;2;49.841954;24.016679;0;0;2;0;0;2024;8;5;15;Львів;Наїзд на пішохода;Порушення маневрування
понеділок;Личаківський;Івасюка В.;зіткнення з задньою частиною тз;порушення правил маневрування;3;49.823345;24.136995;0;0;3;0;0;2024;8;0;15;Передмістя;Зіткнення автомобілів;Порушення маневрування
середа;Франківський;Наукова;наїзд на пішохода - пішохід рухався у попутному напрямку;порушення правил під час зміни напрямку руху, не пов’язане з перестроюванням;2;49.804286;23.986689;1;0;1;0;0;2024;8;2;17;Львів;Наїзд на пішохода;Інше
понеділок;Залізничний;Чернівецька;наїзд на пішохода - пішохід рухався у попутному напрямку;неочікуваний вихід на проїжджу частину;2;49.837474;23.999113;1;0;1;0;0;2024;7;0;9;Львів;Наїзд на пішохода;Інше
субота;Франківський;Коновальця Є.;наїзд на велосипедиста - велосипедист рухався у попутному напрямку;порушення правил проїзду нерегульованих пішохідних переходів;2;49.829024;24.000556;1;0;1;0;0;2024;8;5;18;Львів;Наїзд на велосипедиста;Порушення проїзду переходів
вівторок;Залізничний;Городоцька;наїзд на пішохода - на нерегульованому пішохідному переході;порушення правил під час перестроювання;2;49.830647;23.968735;1;0;1;0;0;2024;8;1;18;Львів;Наїзд на пішохода;Інше
п'ятниця;Франківський;Кобилиці Л.;зіткнення бокове;порушення правил проїзду перехресть;3;49.815849;24.00193;1;0;2;0;0;2024;7;4;16;Львів;Зіткнення автомобілів;Порушення проїзду перехресть
четвер;Франківський;Володимира Великого;наїзд на інші види перешкод;порушення правил маневрування;1;49.81111;23.993132;0;0;1;0;0;2024;8;3;14;Львів;Наїзд на перешкоду;Порушення маневрування
понеділок;Франківський;Кульпарківська;наїзд на пішохода - на нерегульованому пішохідному переході;порушення правил проїзду пішохідних переходів;2;49.830305;23.990546;1;0;1;0;0;2024;7;0;9;Львів;Наїзд на пішохода;Порушення проїзду переходів
середа;Галицький;Шевченка Т.;наїзд на пішохода - на нерегульованому пішохідному переході;недодержання дистанції;2;49.842902;24.015985;1;0;1;0;0;2024;7;2;20;Львів;Наїзд на пішохода;Недотримання дистанції
вівторок;Шевченківський;Дороша Тараса;зіткнення лобове;перевищення безпечної швидкості;2;49.876903;24.066684;1;0;1;0;0;2024;7;1;17;Передмістя;Зіткнення автомобілів;Перевищення швидкості