accidentDay;district;streetName;accidentType;mainAccidentCause;totalParticipantsAmount;latitude;longitude;Count_Без ушкоджень;Count_Загинув;Count_Легко травмований;Count_Тяжко травмований;Is_Intersection;Year;Month;DayOfWeek;Hour;settlement_grouped;Simple_Type;Simple_Cause
п'ятниця;Сихівський;Стрийська;наїзд на велосипедиста - велосипедист рухався у попутному напрямку;порушення правил маневрування;2;49.812332;24.019686;1;0;1;0;0;2024;8;4;15;Львів;Наїзд на велосипедиста;Порушення маневрування
середа;Галицький;Вітовського Д.;наїзд на пішохода - на нерегульованому пішохідному переході;порушення правил проїзду пішохідних переходів;2;49.83017;24.023924;1;0;1;0;0;2024;7;2;12;Львів;Наїзд на пішохода;Порушення проїзду переходів
п'ятниця;Личаківський;Личаківська;наїзд на пішохода - на регульованому пішохідному переході;порушення правил маневрування;2;49.839792;24.037824;1;0;1;0;0;2024;7;4;9;Львів;Наїзд на пішохода;Порушення маневрування
середа;Сихівський;Святого Івана Павла ІІ, просп.;зіткнення з задньою частиною тз;порушення правил маневрування;1;49.800311;24.029143;0;0;1;0;0;2024;7;2;2;Львів;Зіткнення автомобілів;Порушення маневрування
понеділок;Залізничний;Кульпарківська;перекидання тз;порушення правил маневрування;1;49.816125;23.985558;0;0;1;0;0;2024;8;0;11;Львів;Перекидання;Порушення маневрування
четвер;Личаківський;Мечникова І.;зіткнення з задньою частиною тз;порушення правил маневрування;2;49.831993;24.049603;1;0;1;0;0;2024;7;3;10;Львів;Зіткнення автомобілів;Порушення маневрування
субота;Шевченківський;Чорновола В., просп.;наїзд на велосипедиста - на велосипедній доріжці;порушення правил маневрування;2;49.857312;24.022679;1;0;1;0;0;2024;6;5;18;Львів;Наїзд на велосипедиста;Порушення маневрування
субота;Личаківський;Зелена;наїзд на пішохода - на нерегульованому пішохідному переході;порушення правил проїзду пішохідних переходів;2;49.818313;24.058557;1;0;1;0;0;2024;7;5;17;Львів;Наїзд на пішохода;Порушення проїзду переходів
четвер;Сихівський;Зелена;наїзд на транспортний засіб, що стоїть - по ходу руху;недодержання дистанції;2;49.786431;24.07615;1;0;1;0;0;2024;7;3;10;Львів;Інше;Недотримання дистанції
четвер;Личаківський;Глинянський Тракт;наїзд на пішохода - пішохід переходив дорогу поза межами піш. переходу;перехід у невстановленому місці;2;49.842432;24.097631;1;0;0;1;0;2024;7;3;16;Львів;Наїзд на пішохода;Інше
неділя;Сихівський;Зелена;перекидання тз;керування транспортним засобом у нетверезому стані, перевищення безпечної швидкості;1;49.801963;24.066179;0;0;1;0;0;2024;8;6;13;Львів;Перекидання;Перевищення швидкості
субота;Галицький;Дорошенка П.;наїзд на велосипедиста - велосипедист рухався у попутному напрямку;порушення правил маневрування;2;49.838121;24.023615;1;0;1;0;0;2024;7;5;15;Львів;Наїзд на велосипедиста;Порушення маневрування
четвер;Залізничний;Городоцька;зіткнення з задньою частиною тз;порушення правил проїзду перехресть;2;49.837858;24.006109;1;0;1;0;0;2024;7;3;21;Львів;Зіткнення автомобілів;Порушення проїзду перехресть
вівторок;Личаківський;Медової Печери;наїзд на пішохода - пішохід на тротуарі чи велосипедній доріжці;порушення правил маневрування;2;49.824591;24.079274;1;0;1;0;0;2024;8;1;21;Львів;Наїзд на пішохода;Порушення маневрування
неділя;Залізничний;Шевченка Т.;наїзд на пішохода - на нерегульованому пішохідному переході;порушення правил проїзду пішохідних переходів;2;49.845919;24.006774;1;0;1;0;0;2024;7;6;18;Львів;Наїзд на пішохода;Порушення проїзду переходів
четвер;Шевченківський;Чорновола В., просп.;зіткнення бокове;невиконання вимог сигналів регулювання;3;49.856634;24.02107;2;0;1;0;0;2024;7;3;14;Львів;Зіткнення автомобілів;Інше
четвер;Галицький;Самчука У.;наїзд на пішохода - на нерегульованому пішохідному переході;порушення правил проїзду нерегульованих пішохідних переходів;2;49.826418;24.032732;1;0;1;0;0;2024;7;3;3;Львів;Наїзд на пішохода;Порушення проїзду переходів
вівторок;Галицький;Листопадового Чину;наїзд на пішохода - пішохід рухався у попутному напрямку;порушення правил проїзду перехресть;2;49.84074;24.021161;1;0;1;0;0;2024;7;1;14;Львів;Наїзд на пішохода;Порушення проїзду перехресть
четвер;Залізничний;Кульпарківська;падіння пасажира;порушення техніки безпеки пасажиром;2;49.818455;23.987564;1;0;1;0;0;2024;7;3;7;Львів;Падіння пасажира;Інше
середа;Франківський;Княгині Ольги;наїзд на пішохода - на нерегульованому пішохідному переході;порушення правил проїзду пішохідних переходів;2;49.82383;24.007632;1;0;1;0;0;2024;7;2;18;Львів;Наїзд на пішохода;Порушення проїзду переходів
середа;Личаківський;Галицька;зіткнення бокове;порушення правил маневрування;3;49.817738;24.130778;1;0;2;0;0;2024;7;2;23;Передмістя;Зіткнення автомобілів;Порушення маневрування
понеділок;Шевченківський;Хмельницького Б.;наїзд на пішохода - пішохід рухався у попутному напрямку;порушення правил маневрування;2;49.85234440822805;24.033352356795053;1;0;1;0;0;2024;8;0;17;Львів;Наїзд на пішохода;Порушення маневрування
вівторок;Сихівський;Зелена;зіткнення бокове;порушення правил маневрування;2;49.794324;24.07421;1;0;1;0;0;2024;7;1;9;Львів;Зіткнення автомобілів;Порушення маневрування
четвер;Залізничний;Шевченка Т.;наїзд на пішохода - на нерегульованому пішохідному переході;порушення правил проїзду пішохідних переходів;2;49.847358;24.002182;1;0;1;0;0;2024;7;3;14;Львів;Наїзд на пішохода;Порушення проїзду переходів
понеділок;Залізничний;Любінська;падіння пасажира;порушення правил маневрування;2;49.82316307532578;23.975172897171188;1;0;0;1;0;2024;7;0;20;Львів;Падіння пасажира;Порушення маневрування
вівторок;Сихівський;Червоної Калини, просп.;наїзд на інші види перешкод;перевищення безпечної швидкості;1;49.800457;24.04764;0;0;1;0;0;2024;8;1;0;Львів;Наїзд на перешкоду;Перевищення швидкості
п'ятниця;Шевченківський;Шевченка Т.;перекидання тз;порушення правил маневрування;1;49.869525;23.933721;0;0;1;0;0;2024;8;4;21;Львів;Перекидання;Порушення маневрування
субота;Франківський;Наукова;наїзд на пішохода - на нерегульованому пішохідному переході;порушення правил проїзду пішохідних переходів;2;49.803258;24.003641;1;1;0;0;0;2024;7;5;23;Львів;Наїзд на пішохода;Порушення проїзду переходів
вівторок;Шевченківський;Миколайчука І.;наїзд на пішохода - стояв на проїжджій частині;перехід пішоходів у невстановленому місці;2;49.874864;24.041369;1;0;1;0;0;2024;8;1;17;Львів;Наїзд на пішохода;Інше
середа;Залізничний;Левандівська;наїзд на пішохода - на нерегульованому пішохідному переході;порушення правил проїзду нерегульованих пішохідних переходів;2;49.844902;23.984989;1;1;0;0;0;2024;7;2;8;Львів;Наїзд на пішохода;Порушення проїзду переходів
субота;Личаківський;Хмельницького Б.;перекидання тз;порушення правил маневрування;2;49.87225;24.062231;0;0;2;0;0;2024;7;5;22;Львів;Перекидання;Порушення маневрування
субота;Залізничний;Виговського І.;наїзд на пішохода - пішохід на тротуарі чи велосипедній доріжці;порушення правил під час перестроювання;2;49.824609;23.967587;1;0;1;0;0;2024;8;5;21;Львів;Наїзд на пішохода;Інше
п'ятниця;Сихівський;Коломийська;зіткнення з задньою частиною тз;порушення правил проїзду перехресть;2;49.78772;24.063567;1;0;1;0;0;2024;7;4;18;Львів;Зіткнення автомобілів;Порушення проїзду перехресть
середа;Галицький;Меретина Б.;наїзд на пішохода - на нерегульованому пішохідному переході;порушення правил маневрування;2;49.837803;24.00745;0;0;2;0;0;2024;7;2;13;Львів;Наїзд на пішохода;Порушення маневрування
понеділок;Залізничний;Городоцька;наїзд на пішохода - на нерегульованому пішохідному переході;порушення правил проїзду пішохідних переходів;2;49.836896;23.996732;1;0;1;0;0;2024;8;0;21;Львів;Наїзд на пішохода;Порушення проїзду переходів
понеділок;Залізничний;Городоцька;наїзд на пішохода - на нерегульованому пішохідному переході;порушення правил проїзду пішохідних переходів;2;49.823356;23.92819;1;0;1;0;0;2024;8;0;13;Львів;Наїзд на пішохода;Порушення проїзду переходів
понеділок;Сихівський;Стрийська;зіткнення бокове;порушення правил надання безперешкодного проїзду;2;49.806814;24.019026;1;0;1;0;0;2024;9;0;9;Львів;Зіткнення автомобілів;Інше
середа;Сихівський;Запорізька;наїзд на пішохода - пішохід рухався у попутному напрямку;порушення правил проїзду пішохідних переходів;2;49.814419;24.034846;1;0;0;1;0;2024;8;2;11;Львів;Наїзд на пішохода;Порушення проїзду переходів
четвер;Шевченківський;Володимира Івасюка;наїзд на велосипедиста - велосипедист рухався у попутному напрямку;перевищення безпечної швидкості;2;49.901863;23.938522;1;0;1;0;0;2024;8;3;17;Передмістя;Наїзд на велосипедиста;Перевищення швидкості
неділя;Залізничний;Північна;зіткнення бокове;порушення правил маневрування;3;49.833557;23.933271;2;0;1;0;0;2024;9;6;19;Львів;Зіткнення автомобілів;Порушення маневрування
четвер;Франківський;Володимира Великого;падіння пасажира;порушення правил перевезення пасажирів;2;49.811816;23.986158;1;0;1;0;0;2024;8;3;20;Львів;Падіння пасажира;Інше
середа;Франківський;Сахарова А., акад.;наїзд на інші види перешкод;порушення правил проїзду пішохідних переходів;2;49.824636;24.012031;1;0;1;0;0;2024;9;2;20;Львів;Наїзд на перешкоду;Порушення проїзду переходів
субота;Шевченківський;Київська;зіткнення бокове;порушення правил маневрування;2;49.891631;24.091494;1;0;1;0;0;2024;8;5;18;Передмістя;Зіткнення автомобілів;Порушення маневрування
субота;Личаківський;Пасічна;зіткнення бокове;недодержання дистанції;2;49.811761;24.080084;1;0;1;0;0;2024;8;5;14;Львів;Зіткнення автомобілів;Недотримання дистанції
середа;Франківський;Рубчака І.;наїзд на пішохода - пішохід рухався у попутному напрямку;порушення правил маневрування;2;49.806692;24.011929;1;0;1;0;0;2024;8;2;16;Львів;Наїзд на пішохода;Порушення маневрування
вівторок;Сихівський;Зелена;зіткнення бокове;перевищення безпечної швидкості;2;49.780266;24.089799;1;0;1;0;0;2024;9;1;9;Львів;Зіткнення автомобілів;Перевищення швидкості
неділя;Личаківський;Петрушевича Є., пл.;зіткнення бокове;проїзд перехрестя на заборонений сигнал світлофора чи жест регулювальника;2;49.834246;24.035522;1;0;1;0;0;2024;9;6;19;Львів;Зіткнення автомобілів;Порушення проїзду перехресть
четвер;Личаківський;Личаківська;наїзд на велосипедиста - велосипедист рухався у попутному напрямку;порушення правил проїзду перехресть;2;49.836055;24.06501;1;0;1;0;0;2024;8;3;20;Львів;Наїзд на велосипедиста;Порушення проїзду перехресть
вівторок;Шевченківський;Єрошенка В.;наїзд на інші види перешкод;перевищення безпечної швидкості;1;49.852304;24.003201;0;0;1;0;0;2024;8;1;21;Львів;Наїзд на перешкоду;Перевищення швидкості
вівторок;Шевченківський;Мазепи І., гетьм.;зіткнення бокове;керування транспортним засобом у нетверезому стані;4;49.872997;24.048439;2;0;2;0;0;2024;8;1;9;Львів;Зіткнення автомобілів;П'яне водіння
п'ятниця;Франківський;Наукова;наїзд на пішохода - на нерегульованому пішохідному переході;порушення правил маневрування;2;49.80505;23.988611;1;0;1;0;0;2024;8;4;19;Львів;Наїзд на пішохода;Порушення маневрування
вівторок;Личаківський;Галицька;наїзд на пішохода - пішохід рухався у попутному напрямку;неочікуваний вихід на проїжджу частину;2;49.817936;24.15134;1;0;1;0;0;2024;8;1;14;Передмістя;Наїзд на пішохода;Інше
субота;Шевченківський;Ковалика, проф.;наїзд на велосипедиста - велосипедист рухався у попутному напрямку;перевищення безпечної швидкості;2;49.867679;23.952239;1;0;1;0;0;2024;9;5;13;Львів;Наїзд на велосипедиста;Перевищення швидкості
вівторок;Галицький;Коперника М.;наїзд на пішохода - пішохід рухався у попутному напрямку;порушення правил проїзду пішохідних переходів;2;49.832436;24.018667;1;0;1;0;0;2024;9;1;15;Львів;Наїзд на пішохода;Порушення проїзду переходів
неділя;Личаківський;Личаківська;наїзд на інші види перешкод;перевищення безпечної швидкості;2;49.835806;24.074129;1;0;1;0;0;2024;8;6;11;Львів;Наїзд на перешкоду;Перевищення швидкості
понеділок;Шевченківський;Мазепи І., гетьм.;падіння пасажира;порушення правил проїзду перехресть;3;49.871195;24.040237;2;0;1;0;0;2024;9;0;14;Львів;Падіння пасажира;Порушення проїзду перехресть
четвер;Личаківський;Вахнянина А.;перекидання тз;перевищення безпечної швидкості;1;49.829401;24.055467;0;0;1;0;0;2024;8;3;15;Львів;Перекидання;Перевищення швидкості
п'ятниця;Галицький;Свободи, просп.;наїзд на пішохода - пішохід рухався у попутному напрямку;порушення правил проїзду пішохідних переходів;2;49.84056;24.027448;1;0;1;0;0;2024;8;4;22;Львів;Наїзд на пішохода;Порушення проїзду переходів
понеділок;Шевченківський;Прилбицька;наїзд на транспортний засіб, що стоїть - по ходу руху;порушення правил проїзду залізничних переїздів;2;49.875413;23.949369;1;1;0;0;0;2024;8;0;14;Львів;Інше;Інше
субота;Сихівський;Мирного Панаса;зіткнення бокове;порушення правил обгону;2;49.815354;24.030318;1;0;1;0;0;2024;8;5;13;Львів;Зіткнення автомобілів;Інше
п'ятниця;Галицький;Городоцька;зіткнення бокове;порушення правил проїзду перехресть;2;49.844258;24.024691;1;0;1;0;0;2024;8;4;22;Львів;Зіткнення автомобілів;Порушення проїзду перехресть
неділя;Сихівський;Угорська;наїзд на пішохода - пішохід рухався у попутному напрямку;порушення правил під час зміни напрямку руху, не пов’язане з перестроюванням;2;49.812058;24.040757;1;0;1;0;0;2024;8;6;16;Львів;Наїзд на пішохода;Інше
субота;Сихівський;Червоної Калини, просп.;перекидання тз;перевищення безпечної швидкості;1;49.798504;24.047726;0;0;1;0;0;2024;8;5;23;Львів;Перекидання;Перевищення швидкості
субота;Галицький;Стуса В.;наїзд на пішохода - пішохід на тротуарі чи велосипедній доріжці;інші порушення правил руху;2;49.821923;24.039084;1;0;1;0;0;2024;8;5;21;Львів;Наїзд на пішохода;Інше
понеділок;Личаківський;Ковельська;наїзд на пішохода - пішохід рухався у попутному напрямку;неочікуваний вихід на проїжджу частину;2;49.858602;24.05905;1;0;1;0;0;2024;8;0;20;Львів;Наїзд на пішохода;Інше
понеділок;Сихівський;Сихівська;наїзд на пішохода - пішохід рухався у попутному напрямку;порушення правил проїзду пішохідних переходів;2;49.794383;24.063363;1;0;1;0;0;2024;8;0;18;Львів;Наїзд на пішохода;Порушення проїзду переходів
понеділок;Галицький;Городоцька;падіння пасажира;порушення правил перевезення пасажирів;3;49.843971;24.023999;0;0;3;0;0;2024;8;0;8;Львів;Падіння пасажира;Інше
понеділок;Личаківський;Зелена;наїзд на пішохода - пішохід рухався у попутному напрямку;порушення правил проїзду пішохідних переходів;2;49.833464;24.036402;1;0;1;0;0;2024;9;0;21;Львів;Наїзд на пішохода;Порушення проїзду переходів
субота;Шевченківський;Миколайчука І.;зіткнення бокове;порушення правил проїзду перехресть;3;49.875911;24.039883;2;0;1;0;0;2024;8;5;19;Львів;Зіткнення автомобілів;Порушення проїзду перехресть
середа;Галицький;Вітовського Д.;наїзд на пішохода - пішохід рухався у попутному напрямку;порушення правил маневрування;2;49.830007;24.023838;1;0;1;0;0;2024;9;2;17;Львів;Наїзд на пішохода;Порушення маневрування
середа;Сихівський;Козельницька;наїзд на інші види перешкод;порушення правил маневрування;2;49.811304;24.025024;1;0;1;0;0;2024;8;2;12;Львів;Наїзд на перешкоду;Порушення маневрування
вівторок;Сихівський;Сихівська;перекидання тз;перевищення безпечної швидкості;1;49.795228;24.064178;0;0;1;0;0;2024;8;1;3;Львів;Перекидання;Перевищення швидкості
неділя;Залізничний;Рудненська;зіткнення бокове;порушення правил маневрування;2;49.836716;23.968257;1;0;0;1;0;2024;8;6;11;Львів;Зіткнення автомобілів;Порушення маневрування
четвер;Галицький;Свободи, просп.;наїзд на інші види перешкод;перевищення безпечної швидкості;2;49.841664;24.028805;0;0;2;0;0;2024;8;3;2;Львів;Наїзд на перешкоду;Перевищення швидкості
четвер;Сихівський;Довженка О.;наїзд на пішохода - пішохід рухався у попутному напрямку;порушення правил проїзду пішохідних переходів;2;49.800007;24.054351;1;0;1;0;0;2024;9;3;18;Львів;Наїзд на пішохода;Порушення проїзду переходів
вівторок;Личаківський;Глинянський Тракт;наїзд на велосипедиста - на велосипедній доріжці;порушення правил маневрування;2;49.836775;24.072928;1;0;1;0;0;2024;9;1;17;Львів;Наїзд на велосипедиста;Порушення маневрування
вівторок;Личаківський;Хмельницького Б.;зіткнення бокове;перевищення безпечної швидкості;2;49.861448;24.051036;1;0;1;0;0;2024;9;1;12;Львів;Зіткнення автомобілів;Перевищення швидкості
субота;Шевченківський;Липинського В.;зіткнення бокове;порушення правил маневрування;3;49.857049;24.021692;1;0;2;0;0;2024;8;5;9;Львів;Зіткнення автомобілів;Порушення маневрування
середа;Франківський;Музики Я.;зіткнення бокове;порушення правил проїзду перехресть;3;49.815226;23.995525;2;0;1;0;0;2024;8;2;18;Львів;Зіткнення автомобілів;Порушення проїзду перехресть
неділя;Франківський;Стрийська;наїзд на пішохода - пішохід рухався у попутному напрямку;перехід у невстановленому місці;2;49.792042;24.015394;1;0;1;0;0;2024;9;6;16;Львів;Наїзд на пішохода;Інше
п'ятниця;Франківський;Володимира Великого;зіткнення бокове;порушення правил маневрування;2;49.811446;23.989291;0;0;2;0;0;2024;9;4;19;Львів;Зіткнення автомобілів;Порушення маневрування
неділя;Шевченківський;Підзамче;зіткнення бокове;порушення правил проїзду перехресть;2;49.852915414785066;24.035068089115;1;0;1;0;0;2024;9;6;13;Львів;Зіткнення автомобілів;Порушення проїзду перехресть
субота;Залізничний;Виговського І.;падіння пасажира;порушення правил перевезення пасажирів;2;49.82063478504707;23.96902497255449;1;0;1;0;0;2024;9;5;13;Львів;Падіння пасажира;Інше
понеділок;Шевченківський;Грінченка Б.;зіткнення бокове;порушення правил маневрування;2;49.872506;24.056963;1;0;1;0;0;2024;9;0;15;Львів;Зіткнення автомобілів;Порушення маневрування
четвер;Личаківський;Личаківська;наїзд на пішохода - пішохід рухався у попутному напрямку;інші порушення правил руху;2;49.839643;24.038687;1;0;1;0;0;2024;8;3;13;Львів;Наїзд на пішохода;Інше
вівторок;Шевченківський;Липинського В.;зіткнення бокове;недодержання дистанції;2;49.861977;24.029267;1;0;1;0;0;2024;9;1;1;Львів;Зіткнення автомобілів;Недотримання дистанції
четвер;Шевченківський;Шевченка Т.;наїзд на пішохода - пішохід рухався у попутному напрямку;перехід у невстановленому місці;2;49.847783;24.00186;1;0;1;0;0;2024;8;3;14;Львів;Наїзд на пішохода;Інше
субота;Личаківський;Зелена;зіткнення бокове;порушення правил зупинки і стоянки транспортних засобів;3;49.833339;24.038724;1;0;2;0;0;2024;8;5;18;Львів;Зіткнення автомобілів;Інше
субота;Франківський;Наукова;наїзд на пішохода - пішохід рухався у попутному напрямку;невиконання вимог сигналів регулювання;3;49.805294;23.991989;1;1;1;0;0;2024;8;5;19;Львів;Наїзд на пішохода;Інше
п'ятниця;Шевченківський;Галицька;зіткнення лобове;порушення правил маневрування;3;49.87526;24.06598;2;0;1;0;0;2024;9;4;9;Передмістя;Зіткнення автомобілів;Порушення маневрування
неділя;Залізничний;Кульпарківська;зіткнення бокове;недодержання дистанції;2;49.804871;23.980467;1;0;1;0;0;2024;8;6;20;Львів;Зіткнення автомобілів;Недотримання дистанції
середа;Франківський;Антоновича В.;зіткнення бокове;невиконання вимог сигналів регулювання;2;49.825484;23.989871;1;0;1;0;0;2024;8;2;7;Львів;Зіткнення автомобілів;Інше
четвер;Личаківський;Личаківська;наїзд на пішохода - пішохід рухався у попутному напрямку;перехід у невстановленому місці;2;49.839813;24.041712;1;0;1;0;0;2024;9;3;16;Львів;Наїзд на пішохода;Інше
понеділок;Залізничний;Левандівська;зіткнення бокове;порушення правил маневрування;2;49.843871;23.982929;1;0;1;0;0;2024;9;0;15;Львів;Зіткнення автомобілів;Порушення маневрування
вівторок;Залізничний;Повітряна;наїзд на пішохода - пішохід рухався у попутному напрямку;порушення правил проїзду пішохідних переходів;2;49.845718;23.983192;1;0;1;0;0;2024;9;1;19;Львів;Наїзд на пішохода;Порушення проїзду переходів
середа;Франківський;Стрийська;зіткнення бокове;порушення правил маневрування;3;49.778365;24.01393;2;0;1;0;0;2024;8;2;8;Львів;Зіткнення автомобілів;Порушення маневрування
середа;Сихівський;Сумська;зіткнення бокове;порушення правил маневрування;2;49.812408;24.038113;1;0;1;0;0;2024;9;2;16;Львів;Зіткнення автомобілів;Порушення маневрування
вівторок;Сихівський;Персенківка;зіткнення бокове;порушення правил маневрування;2;49.811259;24.019525;1;0;1;0;0;2024;8;1;18;Львів;Зіткнення автомобілів;Порушення маневрування
неділя;Залізничний;Незалежності;наїзд на пішохода - пішохід рухався у попутному напрямку;порушення правил маневрування, керування транспортним засобом у нетверезому стані;2;49.87364;23.911679;0;0;2;0;0;2024;9;6;17;Передмістя;Наїзд на пішохода;Порушення маневрування
неділя;Галицький;Городоцька;падіння пасажира;порушення правил маневрування;2;49.841331;24.015062;1;0;1;0;0;2024;9;6;13;Львів;Падіння пасажира;Порушення маневрування
четвер;Шевченківський;Чорновола В., просп.;зіткнення бокове;недодержання дистанції;2;49.85957;24.019192;1;0;1;0;0;2024;8;3;17;Львів;Зіткнення автомобілів;Недотримання дистанції
середа;Шевченківський;Володимира Івасюка;наїзд на транспортний засіб, що стоїть - по ходу руху;перевищення безпечної швидкості;2;49.901946;23.940759;1;0;1;0;0;2024;8;2;9;Передмістя;Інше;Перевищення швидкості
неділя;Сихівський;Червоної Калини, просп.;падіння пасажира;порушення правил маневрування;2;49.787966;24.059232;1;0;1;0;0;2024;8;6;21;Львів;Падіння пасажира;Порушення маневрування
четвер;Сихівський;Червоної Калини, просп.;зіткнення бокове;порушення правил маневрування;2;49.796953;24.058192;1;0;1;0;0;2024;8;3;13;Львів;Зіткнення автомобілів;Порушення маневрування
середа;Личаківський;Зелена;падіння пасажира;порушення правил перевезення пасажирів;2;49.83270428334588;24.040560182675502;1;0;1;0;0;2024;9;2;0;Львів;Падіння пасажира;Інше
п'ятниця;Личаківський;Зелена;наїзд на транспортний засіб, що стоїть - по ходу руху;порушення правил маневрування;1;49.829042;24.044995;0;0;1;0;0;2024;8;4;11;Львів;Інше;Порушення маневрування
вівторок;Шевченківський;Мурована;наїзд на пішохода - пішохід рухався у попутному напрямку;порушення правил проїзду пішохідних переходів;2;49.876423;24.061813;1;0;1;0;0;2024;9;1;20;Львів;Наїзд на пішохода;Порушення проїзду переходів
понеділок;Залізничний;Двірцева, пл.;наїзд на пішохода - пішохід рухався у попутному напрямку;неочікуваний вихід на проїжджу частину;2;49.839792;23.994446;1;0;1;0;0;2024;8;0;23;Львів;Наїзд на пішохода;Інше
середа;Сихівський;Хоткевича Г.;перекидання тз;перевищення безпечної швидкості;1;49.794913;24.0433;0;0;1;0;0;2024;8;2;17;Львів;Перекидання;Перевищення швидкості
четвер;Личаківський;Левицького К.;наїзд на пішохода - пішохід рухався у попутному напрямку;виїзд на смугу зустрічного руху;2;49.834685;24.039851;1;0;1;0;0;2024;8;3;20;Львів;Наїзд на пішохода;Інше
п'ятниця;Сихівський;Стрийська;перекидання тз;порушення правил маневрування;1;49.806744;24.019251;0;0;1;0;0;2024;8;4;23;Львів;Перекидання;Порушення маневрування
четвер;Шевченківський;Окуневського Т.;наїзд на пішохода - пішохід рухався у попутному напрямку;порушення правил проїзду пішохідних переходів;2;49.856247;24.019868;1;0;1;0;0;2024;8;3;16;Львів;Наїзд на пішохода;Порушення проїзду переходів
субота;Шевченківський;Незалежності України;зіткнення бокове;порушення правил маневрування, виїзд на смугу зустрічного руху;2;49.895094;23.946365;1;0;1;0;0;2024;9;5;16;Передмістя;Зіткнення автомобілів;Порушення маневрування
середа;Личаківський;Пасічна;наїзд на пішохода - пішохід рухався у попутному напрямку;порушення правил проїзду нерегульованих пішохідних переходів;2;49.825986;24.073995;1;0;1;0;0;2024;8;2;16;Львів;Наїзд на пішохода;Порушення проїзду переходів
п'ятниця;Галицький;Свободи, просп.;наїзд на пішохода - пішохід рухався у попутному напрямку;порушення правил проїзду перехресть;2;49.840764;24.026982;1;0;1;0;0;2024;9;4;23;Львів;Наїзд на пішохода;Порушення проїзду перехресть
четвер;Личаківський;Франка І.;зіткнення бокове;перевищення безпечної швидкості;2;49.835083;24.035237;1;0;1;0;0;2024;8;3;9;Львів;Зіткнення автомобілів;Перевищення швидкості
середа;Сихівський;Зелена;зіткнення лобове;порушення правил маневрування;3;49.799093;24.069908;0;0;3;0;0;2024;8;2;21;Львів;Зіткнення автомобілів;Порушення маневрування
п'ятниця;Франківський;Янева В.;зіткнення бокове;порушення правил маневрування;2;49.809036;24.011736;1;0;1;0;0;2024;9;4;17;Львів;Зіткнення автомобілів;Порушення маневрування
субота;Залізничний;Шевченка Т.;зіткнення бокове;порушення правил маневрування;2;49.845552;24.006726;0;0;2;0;0;2024;8;5;16;Львів;Зіткнення автомобілів;Порушення маневрування
середа;Галицький;Коперника М.;перекидання тз;перевищення безпечної швидкості;1;49.839256;24.028253;0;0;1;0;0;2024;9;2;15;Львів;Перекидання;Перевищення швидкості
четвер;Шевченківський;Чорновола В., просп.;наїзд на пішохода - пішохід рухався у попутному напрямку;порушення правил проїзду пішохідних переходів;2;49.862402;24.018393;1;0;1;0;0;2024;8;3;20;Львів;Наїзд на пішохода;Порушення проїзду переходів
п'ятниця;Галицький;Городоцька;зіткнення бокове;порушення правил маневрування;3;49.840373;24.012428;2;0;1;0;0;2024;8;4;15;Львів;Зіткнення автомобілів;Порушення маневрування
п'ятниця;Залізничний;Повітряна;наїзд на пішохода - на регульованому пішохідному переході;порушення правил під час руху заднім ходом;2;49.845867;23.982441;1;0;1;0;0;2024;9;4;13;Львів;Наїзд на пішохода;Інше
неділя;Залізничний;Виговського І.;падіння пасажира;порушення правил маневрування;2;49.825263;23.966702;1;0;1;0;0;2024;9;6;9;Львів;Падіння пасажира;Порушення маневрування
четвер;Сихівський;Зелена;зіткнення бокове;порушення правил маневрування;2;49.800401;24.067365;1;0;1;0;0;2024;8;3;16;Львів;Зіткнення автомобілів;Порушення маневрування
вівторок;Шевченківський;Невідомо;перекидання тз;перевищення безпечної швидкості;1;49.8967231779228;23.965981444382425;0;0;1;0;0;2024;8;1;21;Передмістя;Перекидання;Перевищення швидкості
п'ятниця;Личаківський;Пасічна;падіння пасажира;порушення правил маневрування;2;49.825868;24.073647;1;0;1;0;0;2024;9;4;16;Львів;Падіння пасажира;Порушення маневрування
понеділок;Залізничний;Садова;зіткнення бокове;порушення правил проїзду перехресть;2;49.822702;23.983186;1;0;1;0;0;2024;8;0;14;Львів;Зіткнення автомобілів;Порушення проїзду перехресть
середа;Залізничний;Городоцька;наїзд на пішохода - пішохід рухався у попутному напрямку;порушення правил проїзду пішохідних переходів;2;49.830879;23.971599;1;0;1;0;0;2024;9;2;12;Львів;Наїзд на пішохода;Порушення проїзду переходів
неділя;Личаківський;Личаківська;зіткнення бокове;виїзд на смугу зустрічного руху;4;49.83583;24.075739;1;0;3;0;0;2024;9;6;11;Львів;Зіткнення автомобілів;Інше
понеділок;Галицький;Городоцька;зіткнення бокове;порушення правил маневрування;3;49.844099;24.024541;2;0;1;0;0;2024;10;0;22;Львів;Зіткнення автомобілів;Порушення маневрування
неділя;Личаківський;Кордуби М.;наїзд на пішохода - на нерегульованому пішохідному переході;порушення правил проїзду пішохідних переходів;2;49.85083;24.049914;1;0;1;0;0;2024;9;6;23;Львів;Наїзд на пішохода;Порушення проїзду переходів