accidentDay;district;streetName;accidentType;mainAccidentCause;totalParticipantsAmount;latitude;longitude;Count_Без ушкоджень;Count_Загинув;Count_Легко травмований;Count_Тяжко травмований;Is_Intersection;Year;Month;DayOfWeek;Hour;settlement_grouped;Simple_Type;Simple_Cause
понеділок;Франківський;Окружна;зіткнення з задньою частиною тз;порушення правил проїзду перехресть;2;49.829747;23.979646;1;0;1;0;0;2024;10;0;15;Львів;Зіткнення автомобілів;Порушення проїзду перехресть
четвер;Франківський;Тобілевича І.;наїзд на пішохода - пішохід рухався у попутному напрямку;неочікуваний вихід на проїжджу частину;2;49.835996;24.0034;1;0;1;0;0;2024;9;3;13;Львів;Наїзд на пішохода;Інше
понеділок;Сихівський;Зелена;наїзд на пішохода - на регульованому пішохідному переході;порушення правил маневрування;2;49.79778;24.071404;1;0;1;0;0;2024;10;0;9;Львів;Наїзд на пішохода;Порушення маневрування
понеділок;Франківський;Володимира Великого;падіння пасажира;порушення правил маневрування;2;49.810642;23.997767;1;0;1;0;0;2024;10;0;13;Львів;Падіння пасажира;Порушення маневрування
понеділок;Шевченківський;Шевченка Т.;падіння пасажира;порушення правил перевезення пасажирів;2;49.862963;23.963284;1;0;1;0;0;2024;9;0;15;Львів;Падіння пасажира;Інше
середа;Сихівський;Зелена;зіткнення лобове;порушення правил маневрування;2;49.80879;24.061303;1;0;1;0;0;2024;10;2;9;Львів;Зіткнення автомобілів;Порушення маневрування
п'ятниця;Франківський;Боберського І.;зіткнення бокове;керування транспортним засобом у нетверезому стані;2;49.832848;23.992285;1;0;1;0;0;2024;9;4;22;Львів;Зіткнення автомобілів;П'яне водіння
вівторок;Залізничний;Городоцька;наїзд на інші види перешкод;перевищення безпечної швидкості;2;49.827408;23.928738;0;0;2;0;0;2024;9;1;1;Львів;Наїзд на перешкоду;Перевищення швидкості
четвер;Шевченківський;Шевченка Т.;наїзд на пішохода - пішохід рухався у попутному напрямку;порушення правил проїзду пішохідних переходів;2;49.869882;23.943227;1;0;1;0;0;2024;9;3;8;Львів;Наїзд на пішохода;Порушення проїзду переходів
п'ятниця;Личаківський;Личаківська;наїзд на пішохода - на регульованому пішохідному переході;порушення правил проїзду регульованих пішохідних переходів;3;49.837079;24.061314;2;0;1;0;0;2024;9;4;9;Львів;Наїзд на пішохода;Порушення проїзду переходів
п'ятниця;Галицький;Городоцька;наїзд на пішохода - пішохід рухався у попутному напрямку;неочікуваний вихід на проїжджу частину;2;49.838481;24.00833;1;0;0;1;0;2024;9;4;20;Львів;Наїзд на пішохода;Інше
п'ятниця;Личаківський;Личаківська;наїзд на пішохода - на нерегульованому пішохідному переході;порушення правил проїзду пішохідних переходів;2;49.839899;24.039577;1;0;1;0;0;2024;9;4;8;Львів;Наїзд на пішохода;Порушення проїзду переходів
понеділок;Шевченківський;Володимира Великого;зіткнення бокове;інші порушення правил проїзду регульованих перехресть;2;49.889568;24.089713;1;0;1;0;0;2024;9;0;21;Передмістя;Зіткнення автомобілів;Порушення проїзду перехресть
понеділок;Франківський;Княгині Ольги;перекидання тз;перевищення безпечної швидкості;1;49.816136;24.002042;0;0;1;0;0;2024;9;0;19;Львів;Перекидання;Перевищення швидкості
понеділок;Залізничний;Городоцька;наїзд на пішохода - на регульованому пішохідному переході;перехід пішоходів у невстановленому місці;2;49.825387;23.939359;1;0;1;0;0;2024;9;0;19;Львів;Наїзд на пішохода;Інше
субота;Личаківський;Личаківська;зіткнення бокове;перевищення безпечної швидкості;2;49.839986;24.039593;1;0;1;0;0;2024;9;5;19;Львів;Зіткнення автомобілів;Перевищення швидкості
неділя;Залізничний;Виговського І.;наїзд на дорожний знак, бордюрний камінь;порушення правил маневрування;2;49.822555;23.967611;0;0;2;0;0;2024;9;6;23;Львів;Наїзд на перешкоду;Порушення маневрування
п'ятниця;Шевченківський;Чорновола В., просп.;наїзд на пішохода - пішохід рухався у попутному напрямку;порушення правил маневрування;2;49.857478;24.02092;1;0;1;0;0;2024;10;4;16;Львів;Наїзд на пішохода;Порушення маневрування
понеділок;Личаківський;Ковельська;наїзд на пішохода - на нерегульованому пішохідному переході;порушення правил проїзду пішохідних переходів;2;49.85662;24.056969;1;0;1;0;0;2024;9;0;12;Львів;Наїзд на пішохода;Порушення проїзду переходів
понеділок;Шевченківський;Чорновола В., просп.;наїзд на пішохода - пішохід рухався у зустрічному напрямку;порушення правил маневрування;2;49.852435;24.023613;1;0;1;0;0;2024;9;0;11;Львів;Наїзд на пішохода;Порушення маневрування
субота;Залізничний;Курмановича В., ген.;наїзд на інші види перешкод;перевищення безпечної швидкості;1;49.829651;23.949718;0;0;1;0;0;2024;10;5;16;Львів;Наїзд на перешкоду;Перевищення швидкості
неділя;Залізничний;Виговського І.;наїзд на інші види перешкод;перевищення безпечної швидкості;1;49.829938;23.96822;0;0;1;0;0;2024;9;6;20;Львів;Наїзд на перешкоду;Перевищення швидкості
неділя;Шевченківський;Шевченка Т.;зіткнення лобове;інші порушення правил проїзду регульованих перехресть;3;49.870722;23.945198;1;0;2;0;0;2024;10;6;16;Львів;Зіткнення автомобілів;Порушення проїзду перехресть
четвер;Сихівський;Червоної Калини, просп.;зіткнення бокове;порушення правил маневрування;2;49.804006;24.046106;1;0;1;0;0;2024;10;3;20;Львів;Зіткнення автомобілів;Порушення маневрування
неділя;Шевченківський;Тунельна;наїзд на пішохода - на нерегульованому пішохідному переході;порушення правил проїзду пішохідних переходів;2;49.862461;24.003523;1;0;1;0;0;2024;9;6;12;Львів;Наїзд на пішохода;Порушення проїзду переходів
п'ятниця;Шевченківський;о. Омеляна Ковча;наїзд на інші види перешкод;керування транспортним засобом у нетверезому стані, перевищення безпечної швидкості, порушення правил маневрування;1;49.858176;23.985472;0;0;1;0;0;2024;9;4;20;Львів;Наїзд на перешкоду;Порушення маневрування
субота;Личаківський;Глинянський Тракт;перекидання тз;перевищення безпечної швидкості;1;49.841266;24.095533;0;0;1;0;0;2024;9;5;13;Львів;Перекидання;Перевищення швидкості
середа;Шевченківський;Мазепи І., гетьм.;наїзд на пішохода - на регульованому пішохідному переході;порушення правил проїзду регульованих пішохідних переходів;2;49.871254;24.036605;1;0;1;0;0;2024;10;2;15;Львів;Наїзд на пішохода;Порушення проїзду переходів
понеділок;Залізничний;Патона Є.;перекидання тз;перевищення безпечної швидкості;1;49.82562927278846;23.94740149377765;0;0;1;0;0;2024;9;0;23;Львів;Перекидання;Перевищення швидкості
субота;Сихівський;Максимовича М.;наїзд на пішохода - на регульованому пішохідному переході;порушення правил проїзду нерегульованих пішохідних переходів;2;49.793609;24.021507;1;0;1;0;0;2024;9;5;20;Львів;Наїзд на пішохода;Порушення проїзду переходів
субота;Личаківський;Франка І.;наїзд на інші види перешкод;перевищення безпечної швидкості;2;49.814647;24.140391;1;0;1;0;0;2024;9;5;20;Передмістя;Наїзд на перешкоду;Перевищення швидкості
четвер;Шевченківський;Данила Галицького;зіткнення лобове;перевищення безпечної швидкості;3;49.907218;24.093263;1;0;2;0;0;2024;10;3;12;Передмістя;Зіткнення автомобілів;Перевищення швидкості
п'ятниця;Личаківський;Хмельницького Б.;наїзд на пішохода - на нерегульованому пішохідному переході;порушення правил маневрування, порушення правил проїзду пішохідних переходів;2;49.86399;24.052339;1;0;0;1;0;2024;10;4;6;Львів;Наїзд на пішохода;Порушення маневрування
четвер;Шевченківський;Ряснянська;зіткнення бокове;порушення правил проїзду перехресть;2;49.871766;23.954852;1;0;1;0;0;2024;9;3;9;Львів;Зіткнення автомобілів;Порушення проїзду перехресть
четвер;Залізничний;Городоцька;перекидання тз;перевищення безпечної швидкості;1;49.834824;23.991705;0;0;1;0;0;2024;10;3;21;Львів;Перекидання;Перевищення швидкості
середа;Шевченківський;Стуса Василя;зіткнення бокове;порушення правил маневрування;2;49.883659;24.075492;1;0;1;0;0;2024;10;2;12;Передмістя;Зіткнення автомобілів;Порушення маневрування
п'ятниця;Галицький;Свободи, просп.;зіткнення бокове;недодержання дистанції;4;49.842919;24.026343;3;0;1;0;0;2024;10;4;13;Львів;Зіткнення автомобілів;Недотримання дистанції
четвер;Личаківський;Хмельницького Б.;наїзд на пішохода - на нерегульованому пішохідному переході;порушення правил проїзду пішохідних переходів;2;49.854739;24.044545;1;0;1;0;0;2024;10;3;10;Львів;Наїзд на пішохода;Порушення проїзду переходів
п'ятниця;Шевченківський;Мазепи І., гетьм.;падіння пасажира;порушення техніки безпеки пасажиром;2;49.870881;24.034175;1;0;1;0;0;2024;9;4;13;Львів;Падіння пасажира;Інше
субота;Галицький;Свободи, просп.;зіткнення бокове;порушення правил маневрування;2;49.84066;24.028725;1;0;1;0;0;2024;10;5;4;Львів;Зіткнення автомобілів;Порушення маневрування
понеділок;Франківський;Наукова;зіткнення бокове;порушення правил маневрування;3;49.802707;24.003593;2;0;1;0;0;2024;9;0;20;Львів;Зіткнення автомобілів;Порушення маневрування
четвер;Шевченківський;Яблонської С.;наїзд на пішохода - пішохід рухався у попутному напрямку;порушення правил проїзду перехресть;2;49.853812;24.028988;1;0;1;0;0;2024;9;3;17;Львів;Наїзд на пішохода;Порушення проїзду перехресть
п'ятниця;Сихівський;Стрийська;зіткнення з задньою частиною тз;керування транспортним засобом у нетверезому стані, недодержання дистанції;2;49.794217;24.016414;1;0;1;0;0;2024;10;4;21;Львів;Зіткнення автомобілів;Недотримання дистанції
понеділок;Галицький;Франка І.;наїзд на пішохода - пішохід на тротуарі чи велосипедній доріжці;виїзд на смугу зустрічного руху;2;49.835394;24.034899;1;0;1;0;0;2024;10;0;22;Львів;Наїзд на пішохода;Інше
середа;Шевченківський;Шевченка Т.;наїзд на пішохода - стояв на проїжджій частині;порушення правил під час зміни напрямку руху, не пов’язане з перестроюванням;2;49.84494;24.009719;1;0;1;0;0;2024;10;2;18;Львів;Наїзд на пішохода;Інше
п'ятниця;Шевченківський;Брюховицька;наїзд на інші види перешкод;порушення правил маневрування;2;49.866593;23.967941;1;0;1;0;0;2024;10;4;17;Львів;Наїзд на перешкоду;Порушення маневрування
п'ятниця;Сихівський;Дністерська;наїзд на пішохода - пішохід рухався у зустрічному напрямку;неочікуваний вихід на проїжджу частину;2;49.81808;24.05746;1;0;0;1;0;2024;9;4;18;Львів;Наїзд на пішохода;Інше
понеділок;Шевченківський;Львівська;наїзд на пішохода - пішохід на тротуарі чи велосипедній доріжці;порушення правил маневрування;2;49.889934444948295;24.09068151472904;1;0;1;0;0;2024;10;0;19;Передмістя;Наїзд на пішохода;Порушення маневрування
п'ятниця;Сихівський;Бережанська;наїзд на інші види перешкод;порушення швидкості руху;1;49.802624;24.050193;0;0;1;0;0;2024;9;4;23;Львів;Наїзд на перешкоду;Перевищення швидкості
вівторок;Шевченківський;Чорновола В., просп.;зіткнення бокове;порушення правил маневрування;3;49.854202;24.022878;2;0;1;0;0;2024;10;1;18;Львів;Зіткнення автомобілів;Порушення маневрування
вівторок;Шевченківський;Промислова;зіткнення бокове;керування транспортним засобом у нетверезому стані;3;49.85966;24.043037;1;1;0;1;0;2024;9;1;23;Львів;Зіткнення автомобілів;П'яне водіння
четвер;Шевченківський;Замарстинівська;наїзд на пішохода - на регульованому пішохідному переході;перевищення безпечної швидкості;2;49.855738;24.028285;1;0;1;0;0;2024;10;3;7;Львів;Наїзд на пішохода;Перевищення швидкості
п'ятниця;Личаківський;Франка І.;наїзд на пішохода - пішохід переходив дорогу поза межами піш. переходу;перехід пішоходів у невстановленому місці;2;49.808541;24.139393;1;0;1;0;0;2024;10;4;9;Передмістя;Наїзд на пішохода;Інше
вівторок;Франківський;Наукова;наїзд на пішохода - пішохід рухався у попутному напрямку;порушення правил проїзду пішохідних переходів;2;49.80232;24.014761;0;0;2;0;0;2024;9;1;19;Львів;Наїзд на пішохода;Порушення проїзду переходів
вівторок;Франківський;Кульпарківська;наїзд на пішохода - пішохід рухався у попутному напрямку;керування транспортним засобом у стані сп'яніння;2;49.833087;23.99096;1;0;1;0;0;2024;9;1;13;Львів;Наїзд на пішохода;Інше
вівторок;Залізничний;Патона Є.;наїзд на пішохода - пішохід рухався у попутному напрямку;перехід у невстановленому місці;2;49.823082;23.960667;1;0;1;0;0;2024;9;1;8;Львів;Наїзд на пішохода;Інше
п'ятниця;Залізничний;Городоцька;зіткнення бокове;порушення правил маневрування;2;49.830858;23.969679;1;0;1;0;0;2024;9;4;16;Львів;Зіткнення автомобілів;Порушення маневрування
середа;Шевченківський;Хвильового М.;зіткнення бокове;порушення правил проїзду перехресть;3;49.868965;24.033692;1;0;2;0;0;2024;9;2;12;Львів;Зіткнення автомобілів;Порушення проїзду перехресть
неділя;Шевченківський;Городоцька;падіння пасажира;порушення правил перевезення пасажирів;2;49.842902;24.019353;1;0;1;0;0;2024;9;6;13;Львів;Падіння пасажира;Інше
вівторок;Галицький;Городоцька;зіткнення бокове;порушення правил проїзду перехресть;3;49.844224;24.024761;2;0;1;0;0;2024;10;1;23;Львів;Зіткнення автомобілів;Порушення проїзду перехресть
середа;Залізничний;Любінська;наїзд на пішохода - пішохід рухався у попутному напрямку;перехід у невстановленому місці;2;49.82212;23.971809;1;0;0;1;0;2024;9;2;23;Львів;Наїзд на пішохода;Інше
середа;Франківський;Пулюя І.;наїзд на пішохода - пішохід на тротуарі чи велосипедній доріжці;інші порушення правил руху;2;49.800952;23.990675;1;0;1;0;0;2024;9;2;17;Львів;Наїзд на пішохода;Інше
субота;Франківський;Тролейбусна;падіння пасажира;перевищення безпечної швидкості;2;49.807506;24.007444;1;0;1;0;0;2024;9;5;20;Львів;Падіння пасажира;Перевищення швидкості
субота;Залізничний;Виговського І.;зіткнення бокове;невиконання вимог сигналів регулювання;3;49.830578;23.968241;1;0;2;0;0;2024;10;5;6;Львів;Зіткнення автомобілів;Інше
вівторок;Галицький;Шпитальна;наїзд на пішохода - пішохід рухався у попутному напрямку;порушення правил маневрування;2;49.844691;24.021724;1;0;1;0;0;2024;10;1;10;Львів;Наїзд на пішохода;Порушення маневрування
середа;Галицький;Чорновола В., просп.;наїзд на пішохода - на регульованому пішохідному переході;порушення правил маневрування;2;49.846645;24.025319;1;0;1;0;0;2024;9;2;22;Львів;Наїзд на пішохода;Порушення маневрування
неділя;Франківський;Наукова;зіткнення бокове;недодержання дистанції;3;49.801901;24.017932;2;0;1;0;0;2024;9;6;12;Львів;Зіткнення автомобілів;Недотримання дистанції
середа;Шевченківський;Миколайчука І.;наїзд на пішохода - на регульованому пішохідному переході;порушення правил проїзду пішохідних переходів;2;49.879101;24.036226;1;0;1;0;0;2024;10;2;17;Львів;Наїзд на пішохода;Порушення проїзду переходів
субота;Сихівський;Липова Алея;падіння пасажира;порушення правил перевезення пасажирів;2;49.820767;24.05529;1;0;1;0;0;2024;9;5;9;Львів;Падіння пасажира;Інше
неділя;Галицький;Галицька;наїзд на пішохода - пішохід рухався у попутному напрямку;порушення правил проїзду пішохідних переходів;2;49.839487;24.032491;1;0;1;0;0;2024;10;6;17;Львів;Наїзд на пішохода;Порушення проїзду переходів
субота;Франківський;Трускавецька;зіткнення бокове;перевищення безпечної швидкості, недодержання дистанції;3;49.801184;23.980687;2;0;1;0;0;2024;10;5;16;Львів;Зіткнення автомобілів;Перевищення швидкості
середа;Личаківський;Палія С.;наїзд на пішохода - на регульованому пішохідному переході;порушення правил маневрування;2;49.834457;24.03704;1;0;1;0;0;2024;10;2;8;Львів;Наїзд на пішохода;Порушення маневрування
субота;Франківський;Кульпарківська;наїзд на пішохода - пішохід рухався у попутному напрямку;порушення правил проїзду пішохідних переходів;2;49.82681;23.989956;1;0;1;0;0;2024;10;5;15;Львів;Наїзд на пішохода;Порушення проїзду переходів
середа;Залізничний;Авіаційна;зіткнення лобове;недодержання дистанції;2;49.814789;23.930368;1;0;1;0;0;2024;10;2;8;Львів;Зіткнення автомобілів;Недотримання дистанції
четвер;Галицький;Городоцька;падіння пасажира;порушення техніки безпеки пасажиром;2;49.843217;24.022454;1;0;1;0;0;2024;10;3;9;Львів;Падіння пасажира;Інше
вівторок;Залізничний;Повітряна;наїзд на велосипедиста - велосипедист рухався у попутному напрямку;порушення правил маневрування;2;49.844991;23.975832;1;0;1;0;0;2024;9;1;13;Львів;Наїзд на велосипедиста;Порушення маневрування
четвер;Залізничний;Любінська;наїзд на пішохода - на нерегульованому пішохідному переході;порушення правил проїзду нерегульованих пішохідних переходів;2;49.82495;23.97841;1;0;1;0;0;2024;10;3;13;Львів;Наїзд на пішохода;Порушення проїзду переходів
неділя;Галицький;Соборна, пл.;наїзд на пішохода - пішохід рухався у попутному напрямку;порушення правил проїзду нерегульованих пішохідних переходів;2;49.838339;24.035484;1;0;1;0;0;2024;10;6;16;Львів;Наїзд на пішохода;Порушення проїзду переходів
середа;Галицький;Стрийська;перекидання тз;порушення правил маневрування;1;49.828955;24.031836;0;0;1;0;0;2024;10;2;15;Львів;Перекидання;Порушення маневрування
вівторок;Залізничний;Городоцька;падіння пасажира;порушення правил маневрування;2;49.836419;24.000428;1;0;1;0;0;2024;9;1;12;Львів;Падіння пасажира;Порушення маневрування
четвер;Галицький;Франка І.;наїзд на пішохода - пішохід рухався у попутному напрямку;неочікуваний вихід на проїжджу частину;2;49.835374;24.034749;1;0;1;0;0;2024;9;3;13;Львів;Наїзд на пішохода;Інше
четвер;Шевченківський;Грінченка Б.;наїзд на пішохода - на нерегульованому пішохідному переході;порушення правил проїзду пішохідних переходів;2;49.872737;24.050494;1;0;1;0;0;2024;9;3;12;Львів;Наїзд на пішохода;Порушення проїзду переходів
вівторок;Сихівський;Вашингтона Дж.;наїзд на пішохода - пішохід рухався у попутному напрямку;порушення правил проїзду пішохідних переходів;2;49.815772;24.068636;1;0;1;0;0;2024;10;1;15;Львів;Наїзд на пішохода;Порушення проїзду переходів
неділя;Галицький;Бандери С.;наїзд на пішохода - пішохід рухався у попутному напрямку;невиконання вимог сигналів регулювання;2;49.834481;24.017374;1;0;1;0;0;2024;10;6;20;Львів;Наїзд на пішохода;Інше
понеділок;Шевченківський;Шевченка Т.;зіткнення бокове;порушення правил маневрування;4;49.864937;23.958929;2;0;2;0;0;2024;11;0;14;Львів;Зіткнення автомобілів;Порушення маневрування
понеділок;Франківський;Стрийська;зіткнення бокове;недодержання дистанції;4;49.817202;24.019809;3;0;1;0;0;2024;11;0;18;Львів;Зіткнення автомобілів;Недотримання дистанції
середа;Франківський;Кульпарківська;наїзд на пішохода - пішохід рухався у попутному напрямку;перехід пішоходів у невстановленому місці;2;49.809628;23.983675;1;0;1;0;0;2024;10;2;17;Львів;Наїзд на пішохода;Інше
четвер;Личаківський;Пасічна;наїзд на пішохода - пішохід рухався у попутному напрямку;перехід у невстановленому місці;2;49.835102;24.068128;1;0;1;0;0;2024;10;3;21;Львів;Наїзд на пішохода;Інше
понеділок;Шевченківський;Чорновола В., просп.;наїзд на велосипедиста - велосипедист рухався у попутному напрямку;порушення правил маневрування;2;49.85635;24.022422;1;0;1;0;0;2024;10;0;16;Львів;Наїзд на велосипедиста;Порушення маневрування
вівторок;Личаківський;О. Любич-Парахоняк;наїзд на велосипедиста - велосипедист рухався у попутному напрямку;недодержання дистанції;2;49.821515;24.140707;1;0;1;0;0;2024;11;1;10;Передмістя;Наїзд на велосипедиста;Недотримання дистанції
вівторок;Залізничний;Виговського І.;падіння пасажира;порушення правил маневрування;2;49.813924;23.976245;1;0;1;0;0;2024;10;1;18;Львів;Падіння пасажира;Порушення маневрування
п'ятниця;Шевченківський;Липинського В.;зіткнення бокове;порушення правил маневрування;2;49.857927;24.023843;1;0;1;0;0;2024;11;4;15;Львів;Зіткнення автомобілів;Порушення маневрування
понеділок;Франківський;Героїв УПА;наїзд на пішохода - на нерегульованому пішохідному переході;порушення правил проїзду пішохідних переходів;2;49.828702;23.991582;1;0;1;0;0;2024;10;0;12;Львів;Наїзд на пішохода;Порушення проїзду переходів
п'ятниця;Сихівський;Сихівська;наїзд на пішохода - пішохід рухався у попутному напрямку;перехід у невстановленому місці;2;49.795547;24.062365;1;0;1;0;0;2024;11;4;8;Львів;Наїзд на пішохода;Інше
четвер;Личаківський;Ніщинського П.;наїзд на пішохода - на регульованому пішохідному переході;перевищення безпечної швидкості;2;49.838294;24.067322;1;0;1;0;0;2024;11;3;8;Львів;Наїзд на пішохода;Перевищення швидкості
понеділок;Личаківський;Мечникова І.;наїзд на пішохода - пішохід рухався у попутному напрямку;порушення правил проїзду пішохідних переходів;2;49.834052;24.052291;1;0;1;0;0;2024;11;0;9;Львів;Наїзд на пішохода;Порушення проїзду переходів
середа;Личаківський;Личаківська;падіння пасажира;порушення техніки безпеки пасажиром;2;49.839986;24.043204;1;0;1;0;0;2024;11;2;10;Львів;Падіння пасажира;Інше
середа;Личаківський;Личаківська;зіткнення бокове;порушення швидкості руху;2;49.836142;24.066474;1;0;1;0;0;2024;11;2;17;Львів;Зіткнення автомобілів;Перевищення швидкості
вівторок;Франківський;Володимира Великого;перекидання тз;перевищення безпечної швидкості;1;49.809604;24.005261;0;0;1;0;0;2024;11;1;0;Львів;Перекидання;Перевищення швидкості
понеділок;Залізничний;Городоцька;наїзд на велосипедиста - велосипедист рухався у попутному напрямку;порушення правил проїзду пішохідних переходів;2;49.837277;24.003941;1;0;1;0;0;2024;10;0;18;Львів;Наїзд на велосипедиста;Порушення проїзду переходів
вівторок;Шевченківський;Промислова;наїзд на пішохода - пішохід рухався у попутному напрямку;порушення правил проїзду пішохідних переходів;2;49.860922;24.043751;1;0;1;0;0;2024;11;1;20;Львів;Наїзд на пішохода;Порушення проїзду переходів
середа;Франківський;Княгині Ольги;наїзд на пішохода - пішохід рухався у попутному напрямку;порушення правил проїзду пішохідних переходів;3;49.811871;24.000782;1;0;1;1;0;2024;10;2;18;Львів;Наїзд на пішохода;Порушення проїзду переходів
субота;Личаківський;Личаківська;зіткнення бокове;виїзд на смугу зустрічного руху;4;49.836342;24.067279;1;0;3;0;0;2024;10;5;15;Львів;Зіткнення автомобілів;Інше
понеділок;Шевченківський;Шевченка Т.;зіткнення бокове;порушення правил проїзду перехресть;2;49.867927816401725;23.95288637432045;1;0;1;0;0;2024;10;0;16;Львів;Зіткнення автомобілів;Порушення проїзду перехресть
п'ятниця;Галицький;Городоцька;падіння пасажира;порушення правил маневрування;2;49.843075;24.023157;1;0;1;0;0;2024;11;4;20;Львів;Падіння пасажира;Порушення маневрування
неділя;Франківський;Стрийська;зіткнення бокове;недодержання дистанції;2;49.82247;24.019037;1;0;1;0;0;2024;10;6;19;Львів;Зіткнення автомобілів;Недотримання дистанції
субота;Залізничний;Патона Є.;наїзд на транспортний засіб, що стоїть - по ходу руху;порушення правил проїзду перехресть;3;49.826716;23.947577;2;0;1;0;0;2024;11;5;22;Львів;Інше;Порушення проїзду перехресть
п'ятниця;Шевченківський;Лінкольна А.;зіткнення бокове;порушення правил проїзду перехресть;2;49.866735;24.038166;1;0;1;0;0;2024;11;4;16;Львів;Зіткнення автомобілів;Порушення проїзду перехресть
понеділок;Шевченківський;Зелена;наїзд на пішохода - пішохід на зупинці громадського транспорту;порушення правил перевезення пасажирів;2;49.903266;24.087052;1;0;1;0;0;2024;10;0;11;Передмістя;Наїзд на пішохода;Інше
п'ятниця;Галицький;Медова;зіткнення бокове;порушення правил маневрування;3;49.848001;24.02777;1;0;2;0;0;2024;10;4;19;Львів;Зіткнення автомобілів;Порушення маневрування
субота;Шевченківський;Шевченка Т.;наїзд на пішохода - пішохід рухався у попутному напрямку;порушення правил проїзду пішохідних переходів;2;49.865311;23.957727;1;1;0;0;0;2024;10;5;12;Львів;Наїзд на пішохода;Порушення проїзду переходів
середа;Личаківський;Лисенка М.;зіткнення бокове;порушення правил маневрування;2;49.843386;24.042512;1;0;1;0;0;2024;10;2;16;Львів;Зіткнення автомобілів;Порушення маневрування
п'ятниця;Личаківський;Опришківська;наїзд на пішохода - пішохід рухався у зустрічному напрямку;перевищення безпечної швидкості;2;49.85281950387943;24.04160780647226;1;0;1;0;0;2024;10;4;14;Львів;Наїзд на пішохода;Перевищення швидкості
четвер;Шевченківський;Лікарська;зіткнення бокове;порушення правил маневрування;2;49.907985;23.948264;1;0;1;0;0;2024;10;3;19;Передмістя;Зіткнення автомобілів;Порушення маневрування
середа;Сихівський;Пасічна;наїзд на пішохода - пішохід рухався у попутному напрямку;порушення правил маневрування;2;49.806239;24.062161;1;0;1;0;0;2024;10;2;9;Львів;Наїзд на пішохода;Порушення маневрування
вівторок;Франківський;Княгині Ольги;наїзд на пішохода - пішохід рухався у попутному напрямку;невиконання вимог сигналів регулювання;2;49.826508;24.010309;1;0;1;0;0;2024;10;1;15;Львів;Наїзд на пішохода;Інше
вівторок;Сихівський;Зелена;зіткнення бокове;недодержання дистанції;2;49.798421;24.071184;1;0;1;0;0;2024;11;1;10;Львів;Зіткнення автомобілів;Недотримання дистанції
понеділок;Сихівський;Бережанська;наїзд на інші види перешкод;перевищення безпечної швидкості;1;49.80261;24.049791;0;0;1;0;0;2024;10;0;14;Львів;Наїзд на перешкоду;Перевищення швидкості
середа;Шевченківський;Липинського В.;зіткнення бокове;порушення правил маневрування;4;49.864498;24.041584;2;0;2;0;0;2024;11;2;11;Львів;Зіткнення автомобілів;Порушення маневрування
вівторок;Шевченківський;Торф'яна;перекидання тз;перевищення безпечної швидкості;1;49.862063;24.021424;0;0;1;0;0;2024;11;1;19;Львів;Перекидання;Перевищення швидкості
вівторок;Сихівський;Червоної Калини, просп.;наїзд на пішохода - пішохід рухався у попутному напрямку;перехід пішоходів у невстановленому місці;2;49.789639;24.055139;1;0;1;0;0;2024;10;1;14;Львів;Наїзд на пішохода;Інше
вівторок;Шевченківський;Під Голоском;наїзд на пішохода - пішохід рухався у попутному напрямку;порушення правил маневрування;2;49.868822;24.013235;1;0;1;0;0;2024;10;1;15;Львів;Наїзд на пішохода;Порушення маневрування
середа;Франківський;Кульпарківська;зіткнення бокове;керування транспортним засобом у нетверезому стані;3;49.803511;23.981609;1;0;2;0;0;2024;11;2;4;Львів;Зіткнення автомобілів;П'яне водіння
понеділок;Франківський;Пулюя І.;зіткнення бокове;порушення правил маневрування;2;49.800284;23.987017;0;0;2;0;0;2024;11;0;14;Львів;Зіткнення автомобілів;Порушення маневрування
четвер;Залізничний;Виговського І.;наїзд на велосипедиста - велосипедист рухався у попутному напрямку;перевищення безпечної швидкості;2;49.817635;23.968863;1;0;1;0;0;2024;11;3;20;Львів;Наїзд на велосипедиста;Перевищення швидкості
середа;Шевченківський;Миколайчука І.;наїзд на пішохода - пішохід рухався у попутному напрямку;порушення правил маневрування;2;49.869532;24.042399;1;0;1;0;0;2024;10;2;19;Львів;Наїзд на пішохода;Порушення маневрування
середа;Шевченківський;Шевченка Т.;зіткнення бокове;недодержання дистанції;2;49.864743;23.959299;1;0;1;0;0;2024;10;2;22;Львів;Зіткнення автомобілів;Недотримання дистанції
понеділок;Шевченківський;Чорновола В., просп.;наїзд на пішохода - пішохід рухався у попутному напрямку;порушення правил проїзду пішохідних переходів;1;49.857153;24.020378;0;1;0;0;0;2024;10;0;10;Львів;Наїзд на пішохода;Порушення проїзду переходів
понеділок;Шевченківський;Жовківська;наїзд на пішохода - пішохід рухався у попутному напрямку;перехід у невстановленому місці;2;49.856067;24.035699;1;0;1;0;0;2024;11;0;19;Львів;Наїзд на пішохода;Інше