accidentDay;district;streetName;accidentType;mainAccidentCause;totalParticipantsAmount;latitude;longitude;Count_Без ушкоджень;Count_Загинув;Count_Легко травмований;Count_Тяжко травмований;Is_Intersection;Year;Month;DayOfWeek;Hour;settlement_grouped;Simple_Type;Simple_Cause
понеділок;Сихівський;Угорська;наїзд на пішохода - пішохід рухався у попутному напрямку;порушення правил проїзду пішохідних переходів;2;49.811376;24.040382;1;0;1;0;0;2024;11;0;16;Львів;Наїзд на пішохода;Порушення проїзду переходів
субота;Залізничний;Виговського І.;наїзд на пішохода - пішохід рухався у попутному напрямку;порушення правил проїзду пішохідних переходів;2;49.815253;23.974952;1;0;1;0;0;2024;11;5;10;Львів;Наїзд на пішохода;Порушення проїзду переходів
п'ятниця;Франківський;Окружна;падіння пасажира;порушення правил маневрування;1;49.826377;23.98442;0;0;1;0;0;2024;10;4;13;Львів;Падіння пасажира;Порушення маневрування
четвер;Шевченківський;Лінкольна А.;зіткнення бокове;невиконання вимог сигналів регулювання;2;49.866759;24.044051;1;0;1;0;0;2024;10;3;10;Львів;Зіткнення автомобілів;Інше
середа;Личаківський;Пасічна;наїзд на пішохода - пішохід рухався у попутному напрямку;порушення правил проїзду пішохідних переходів;2;49.830066;24.069961;1;0;1;0;0;2024;11;2;17;Львів;Наїзд на пішохода;Порушення проїзду переходів
середа;Личаківський;Вагилевича І.;падіння пасажира;порушення техніки безпеки пасажиром;2;49.833028;24.040704;1;0;1;0;0;2024;11;2;18;Львів;Падіння пасажира;Інше
вівторок;Галицький;Вічева, пл.;падіння пасажира;порушення правил маневрування;4;49.843462;24.028183;2;0;2;0;0;2024;11;1;13;Львів;Падіння пасажира;Порушення маневрування
п'ятниця;Залізничний;Рудненська;наїзд на пішохода - пішохід рухався у попутному напрямку;перевищення безпечної швидкості;3;49.835948;23.965302;1;0;2;0;0;2024;11;4;16;Львів;Наїзд на пішохода;Перевищення швидкості
п'ятниця;Шевченківський;Шевченка Т.;наїзд на велосипедиста - велосипедист рухався у попутному напрямку;порушення правил маневрування;2;49.873304;23.918781;1;0;1;0;0;2024;11;4;20;Львів;Наїзд на велосипедиста;Порушення маневрування
четвер;Залізничний;Городоцька;наїзд на пішохода - пішохід рухався у попутному напрямку;порушення правил проїзду регульованих пішохідних переходів;2;49.824031;23.932085;1;0;1;0;0;2024;11;3;16;Львів;Наїзд на пішохода;Порушення проїзду переходів
субота;Шевченківський;Львівська;наїзд на пішохода - пішохід рухався у попутному напрямку;перехід у невстановленому місці;2;49.890408;24.092567;1;0;1;0;0;2024;11;5;19;Передмістя;Наїзд на пішохода;Інше
четвер;Сихівський;Хоткевича Г.;зіткнення бокове;ненадання переваги в русі при виїзді на дорогу з прилеглої території;2;49.795007;24.050341;1;0;1;0;0;2024;11;3;12;Львів;Зіткнення автомобілів;Інше
субота;Шевченківський;Шевченка Т.;зіткнення бокове;виїзд на смугу зустрічного руху;2;49.873425;23.919296;1;0;1;0;0;2024;11;5;8;Львів;Зіткнення автомобілів;Інше
понеділок;Личаківський;Кукурудзяна;наїзд на пішохода - пішохід рухався у попутному напрямку;неочікуваний вихід на проїжджу частину;2;49.862292;24.062591;1;0;0;1;0;2024;11;0;14;Львів;Наїзд на пішохода;Інше
четвер;Шевченківський;Липинського В.;зіткнення бокове;порушення правил маневрування;4;49.864104;24.035039;0;1;3;0;0;2024;10;3;13;Львів;Зіткнення автомобілів;Порушення маневрування
вівторок;Шевченківський;Жовківська;зіткнення бокове;порушення правил обгону;3;49.885966;24.059429;1;0;2;0;0;2024;10;1;8;Передмістя;Зіткнення автомобілів;Інше
середа;Франківський;Здоров'я;перекидання тз;перевищення безпечної швидкості;1;49.832571;24.010658;0;0;1;0;0;2024;10;2;19;Львів;Перекидання;Перевищення швидкості
субота;Франківський;Пулюя І.;зіткнення бокове;порушення правил маневрування;2;49.801977;23.985445;1;0;1;0;0;2024;11;5;12;Львів;Зіткнення автомобілів;Порушення маневрування
четвер;Залізничний;Любінська;наїзд на пішохода - пішохід рухався у попутному напрямку;порушення правил проїзду пішохідних переходів;2;49.820857;23.97242;1;0;1;0;0;2024;11;3;15;Львів;Наїзд на пішохода;Порушення проїзду переходів
четвер;Личаківський;Медової Печери;наїзд на пішохода - пішохід рухався у попутному напрямку;порушення правил проїзду пішохідних переходів;2;49.825498;24.077418;1;0;0;1;0;2024;10;3;18;Львів;Наїзд на пішохода;Порушення проїзду переходів
п'ятниця;Залізничний;Каховська;зіткнення бокове;недодержання дистанції, перевищення безпечної швидкості;4;49.82475;23.954937;2;0;2;0;0;2024;11;4;18;Львів;Зіткнення автомобілів;Перевищення швидкості
понеділок;Залізничний;Любінська;наїзд на пішохода - пішохід рухався у попутному напрямку;перехід у невстановленому місці;2;49.823075;23.974496;1;0;1;0;0;2024;10;0;22;Львів;Наїзд на пішохода;Інше
четвер;Шевченківський;Тунельна;наїзд на пішохода - пішохід рухався у попутному напрямку;порушення правил проїзду пішохідних переходів;3;49.863039;24.004194;1;0;2;0;0;2024;10;3;19;Львів;Наїзд на пішохода;Порушення проїзду переходів
п'ятниця;Сихівський;Гашека Я.;наїзд на пішохода - на нерегульованому пішохідному переході;порушення правил під час руху заднім ходом;2;49.79716;24.02084;1;0;1;0;0;2024;10;4;16;Львів;Наїзд на пішохода;Інше
неділя;Сихівський;Сихівська;наїзд на пішохода - пішохід рухався у попутному напрямку;порушення правил проїзду пішохідних переходів;3;49.794345;24.064854;2;0;1;0;0;2024;11;6;17;Львів;Наїзд на пішохода;Порушення проїзду переходів
четвер;Сихівський;Коломийська;наїзд на пішохода - пішохід рухався у попутному напрямку;порушення правил маневрування;2;49.78834;24.060246;1;0;1;0;0;2024;11;3;12;Львів;Наїзд на пішохода;Порушення маневрування
п'ятниця;Шевченківський;Липинського В.;зіткнення бокове;недодержання дистанції;3;49.856765;24.02357;2;0;1;0;0;2024;11;4;20;Львів;Зіткнення автомобілів;Недотримання дистанції
четвер;Франківський;Чупринки Т., ген.;зіткнення бокове;неочікуваний вихід на проїжджу частину;2;49.833595;24.014268;1;0;1;0;0;2024;10;3;18;Львів;Зіткнення автомобілів;Інше
понеділок;Франківський;Сахарова А., акад.;зіткнення бокове;порушення правил проїзду перехресть;2;49.827162;24.010583;1;0;1;0;0;2024;10;0;22;Львів;Зіткнення автомобілів;Порушення проїзду перехресть
п'ятниця;Сихівський;Червоної Калини, просп.;перекидання тз;перевищення безпечної швидкості;1;49.786993;24.058288;0;0;1;0;0;2024;10;4;1;Львів;Перекидання;Перевищення швидкості
понеділок;Франківський;Коновальця Є.;наїзд на пішохода - пішохід рухався у попутному напрямку;порушення правил проїзду нерегульованих пішохідних переходів;2;49.826277;23.997198;1;0;1;0;0;2024;11;0;16;Львів;Наїзд на пішохода;Порушення проїзду переходів
вівторок;Шевченківський;Чорновола В., просп.;падіння пасажира;порушення техніки безпеки пасажиром;2;49.859152;24.020169;1;0;1;0;0;2024;12;1;17;Львів;Падіння пасажира;Інше
субота;Личаківський;Галицька;наїзд на пішохода - пішохід рухався у попутному напрямку;перехід у невстановленому місці;2;49.817981;24.151812;1;1;0;0;0;2024;11;5;17;Передмістя;Наїзд на пішохода;Інше
середа;Франківський;Володимира Великого;наїзд на пішохода - пішохід рухався у попутному напрямку;пішоходи невиконання вимог сигналів регулювання;2;49.807631;24.016864;1;0;1;0;0;2024;12;2;7;Львів;Наїзд на пішохода;Інше
п'ятниця;Галицький;Шевченка Т., просп.;наїзд на пішохода - на нерегульованому пішохідному переході;порушення правил маневрування;2;49.838304;24.032078;1;0;1;0;0;2024;12;4;12;Львів;Наїзд на пішохода;Порушення маневрування
понеділок;Сихівський;Зелена;зіткнення бокове;порушення правил маневрування;4;49.803711;24.069237;3;0;1;0;0;2024;12;0;9;Львів;Зіткнення автомобілів;Порушення маневрування
п'ятниця;Шевченківський;Київська;наїзд на пішохода - пішохід рухався у попутному напрямку;порушення правил проїзду пішохідних переходів;2;49.891787;24.090464;1;0;1;0;0;2024;11;4;20;Передмістя;Наїзд на пішохода;Порушення проїзду переходів
неділя;Залізничний;Ряшівська;наїзд на пішохода - пішохід рухався у попутному напрямку;порушення правил проїзду пішохідних переходів;2;49.82792;23.9538;1;0;1;0;0;2024;12;6;20;Львів;Наїзд на пішохода;Порушення проїзду переходів
вівторок;Франківський;Стрийська;наїзд на інші види перешкод;перевтома, сон за кермом;1;49.795557;24.015502;0;0;1;0;0;2024;11;1;8;Львів;Наїзд на перешкоду;Інше
п'ятниця;Галицький;Хмельницького Б.;зіткнення лобове;інші порушення правил проїзду нерегульованих перехресть;2;49.84478;24.029347;1;0;1;0;0;2024;12;4;17;Львів;Зіткнення автомобілів;Порушення проїзду перехресть
субота;Сихівський;Пасічна;наїзд на велосипедиста - велосипедист рухався у попутному напрямку;порушення правил проїзду пішохідних переходів;2;49.805103;24.075524;1;0;1;0;0;2024;11;5;17;Львів;Наїзд на велосипедиста;Порушення проїзду переходів
четвер;Залізничний;Садова;зіткнення бокове;порушення правил маневрування;3;49.821386;23.988626;2;0;1;0;0;2024;11;3;8;Львів;Зіткнення автомобілів;Порушення маневрування
четвер;Залізничний;Городоцька;наїзд на пішохода - пішохід рухався у попутному напрямку;перехід у невстановленому місці;2;49.824352;23.932831;1;0;0;1;0;2024;12;3;17;Львів;Наїзд на пішохода;Інше
четвер;Сихівський;Карманського П.;наїзд на пішохода - пішохід рухався у попутному напрямку;неочікуваний вихід на проїжджу частину;2;49.820334;24.027389;1;0;1;0;0;2024;11;3;17;Львів;Наїзд на пішохода;Інше
неділя;Шевченківський;Грінченка Б.;наїзд на пішохода - пішохід рухався у попутному напрямку;порушення правил маневрування;2;49.871033;24.053299;1;0;1;0;0;2024;12;6;15;Львів;Наїзд на пішохода;Порушення маневрування
понеділок;Шевченківський;Тунельна;наїзд на пішохода - пішохід рухався у попутному напрямку;порушення правил проїзду пішохідних переходів;2;49.863104;24.004167;1;0;1;0;0;2024;11;0;16;Львів;Наїзд на пішохода;Порушення проїзду переходів
неділя;Залізничний;Мазепи І.;наїзд на пішохода - пішохід рухався у попутному напрямку;перехід у невстановленому місці;2;49.835706;23.891691;1;0;1;0;0;2024;12;6;17;Передмістя;Наїзд на пішохода;Інше
четвер;Франківський;Княгині Ольги;наїзд на пішохода - пішохід рухався у попутному напрямку;порушення правил проїзду нерегульованих пішохідних переходів;2;49.81247;23.999864;1;0;1;0;0;2024;11;3;10;Львів;Наїзд на пішохода;Порушення проїзду переходів
неділя;Залізничний;Любінська;падіння пасажира;порушення правил перевезення пасажирів;2;49.821054;23.970103;1;0;1;0;0;2024;12;6;17;Львів;Падіння пасажира;Інше
неділя;Галицький;Чорновола В., просп.;наїзд на пішохода - пішохід рухався у попутному напрямку;порушення правил проїзду нерегульованих пішохідних переходів;2;49.844445;24.025093;1;0;1;0;0;2024;11;6;17;Львів;Наїзд на пішохода;Порушення проїзду переходів
вівторок;Галицький;Замарстинівська;падіння пасажира;порушення техніки безпеки пасажиром;2;49.84789;24.027958;1;0;1;0;0;2024;11;1;18;Львів;Падіння пасажира;Інше
середа;Франківський;Володимира Великого;зіткнення бокове;порушення правил маневрування;2;49.810338;24.006624;1;0;1;0;0;2024;12;2;13;Львів;Зіткнення автомобілів;Порушення маневрування
середа;Шевченківський;Винниця;наїзд на інші види перешкод;порушення швидкості руху;1;49.862579;23.992193;0;0;1;0;0;2024;12;2;13;Львів;Наїзд на перешкоду;Перевищення швидкості
вівторок;Шевченківський;Орлика П.;наїзд на пішохода - пішохід рухався у попутному напрямку;неочікуваний вихід на проїжджу частину;2;49.870812;24.033258;1;0;1;0;0;2024;12;1;21;Львів;Наїзд на пішохода;Інше
п'ятниця;Личаківський;Пасічна;зіткнення бокове;перевищення безпечної швидкості;2;49.832595;24.06773;0;0;2;0;0;2024;11;4;23;Львів;Зіткнення автомобілів;Перевищення швидкості
п'ятниця;Залізничний;Городоцька;зіткнення бокове;порушення швидкості руху;3;49.82301266620026;23.911298875369987;2;0;1;0;0;2024;12;4;10;Львів;Зіткнення автомобілів;Перевищення швидкості
четвер;Галицький;Томашівського С.;наїзд на пішохода - пішохід рухався у попутному напрямку;неочікуваний вихід на проїжджу частину;2;49.836412;24.028779;1;0;1;0;0;2024;12;3;18;Львів;Наїзд на пішохода;Інше
понеділок;Залізничний;Городоцька;перекидання тз;перевищення безпечної швидкості;1;49.835332;23.994752;0;0;1;0;0;2024;11;0;23;Львів;Перекидання;Перевищення швидкості
четвер;Залізничний;Головатого А.;наїзд на пішохода - пішохід рухався у попутному напрямку;порушення правил проїзду пішохідних переходів;2;49.826038;23.967791;1;0;1;0;0;2024;11;3;18;Львів;Наїзд на пішохода;Порушення проїзду переходів
п'ятниця;Залізничний;Городоцька;наїзд на пішохода - на регульованому пішохідному переході;порушення правил маневрування;2;49.836128;23.999376;1;0;1;0;0;2024;11;4;13;Львів;Наїзд на пішохода;Порушення маневрування
понеділок;Шевченківський;Тунельна;наїзд на пішохода - пішохід рухався у попутному напрямку;неочікуваний вихід на проїжджу частину;2;49.86308;24.004177;1;0;1;0;0;2024;12;0;16;Львів;Наїзд на пішохода;Інше
понеділок;Залізничний;Левандівська;зіткнення бокове;перевищення безпечної швидкості;2;49.84441;23.984399;1;0;1;0;0;2024;12;0;17;Львів;Зіткнення автомобілів;Перевищення швидкості
субота;Галицький;Підвальна;наїзд на пішохода - на нерегульованому пішохідному переході;порушення правил проїзду пішохідних переходів;2;49.843058;24.034948;1;0;0;1;0;2024;12;5;17;Львів;Наїзд на пішохода;Порушення проїзду переходів
понеділок;Сихівський;Зелена;зіткнення бокове;порушення правил під час зміни напрямку руху, не пов’язане з перестроюванням;2;49.801921;24.066292;1;0;1;0;0;2024;12;0;23;Львів;Зіткнення автомобілів;Інше
понеділок;Сихівський;Коломийська;наїзд на пішохода - пішохід рухався у попутному напрямку;неочікуваний вихід на проїжджу частину;2;49.789248;24.067612;1;0;1;0;0;2024;11;0;17;Львів;Наїзд на пішохода;Інше
вівторок;Сихівський;Пасічна;наїзд на пішохода - пішохід рухався у попутному напрямку;порушення правил проїзду нерегульованих пішохідних переходів;2;49.806962;24.064634;1;0;1;0;0;2024;12;1;7;Львів;Наїзд на пішохода;Порушення проїзду переходів
четвер;Личаківський;Поліська;наїзд на інші види перешкод;перевтома, сон за кермом;1;49.874348;24.064404;0;0;1;0;0;2024;11;3;19;Львів;Наїзд на перешкоду;Інше
субота;Залізничний;Городоцька;наїзд на пішохода - на нерегульованому пішохідному переході;порушення правил проїзду пішохідних переходів;2;49.837124;24.003861;1;0;1;0;0;2024;11;5;10;Львів;Наїзд на пішохода;Порушення проїзду переходів
понеділок;Галицький;Данила Галицького, пл.;зіткнення бокове;порушення правил проїзду перехресть;2;49.844493;24.033043;1;0;1;0;0;2024;12;0;16;Львів;Зіткнення автомобілів;Порушення проїзду перехресть
неділя;Сихівський;Червоної Калини, просп.;падіння пасажира;порушення техніки безпеки пасажиром;2;49.797985;24.049973;1;0;1;0;0;2024;11;6;13;Львів;Падіння пасажира;Інше
вівторок;Личаківський;Вашингтона Дж.;наїзд на пішохода - пішохід рухався у попутному напрямку;порушення правил проїзду пішохідних переходів;2;49.816274;24.069908;1;0;1;0;0;2024;12;1;7;Львів;Наїзд на пішохода;Порушення проїзду переходів
понеділок;Галицький;Газова;наїзд на пішохода - на регульованому пішохідному переході;порушення правил проїзду пішохідних переходів;2;49.848883;24.022545;1;0;0;1;0;2024;11;0;21;Львів;Наїзд на пішохода;Порушення проїзду переходів
понеділок;Залізничний;Городоцька;зіткнення бокове;невиконання вимог сигналів регулювання;3;49.828851;23.960141;1;0;2;0;0;2024;11;0;10;Львів;Зіткнення автомобілів;Інше
середа;Шевченківський;Замарстинівська;зіткнення бокове;порушення правил проїзду перехресть;2;49.860528;24.026638;1;0;1;0;0;2024;12;2;10;Львів;Зіткнення автомобілів;Порушення проїзду перехресть
четвер;Залізничний;Шевченка Т.;наїзд на пішохода - пішохід рухався у попутному напрямку;неочікуваний вихід на проїжджу частину;2;49.845088;24.008045;1;0;1;0;0;2024;12;3;14;Львів;Наїзд на пішохода;Інше
неділя;Сихівський;Демнянська;зіткнення бокове;порушення правил маневрування;2;49.799242;24.02975;1;0;1;0;0;2024;11;6;16;Львів;Зіткнення автомобілів;Порушення маневрування
неділя;Шевченківський;Львівська;зіткнення бокове;порушення правил проїзду перехресть;2;49.909483965277445;24.054462943523927;1;0;1;0;0;2024;11;6;16;Передмістя;Зіткнення автомобілів;Порушення проїзду перехресть
вівторок;Шевченківський;Мазепи І., гетьм.;зіткнення бокове;керування транспортним засобом у стані сп'яніння;4;49.872222;24.042184;1;0;3;0;0;2024;11;1;20;Львів;Зіткнення автомобілів;Інше
четвер;Галицький;Франка І.;наїзд на пішохода - пішохід рухався у попутному напрямку;порушення правил проїзду зупинок громадського транспорту;2;49.828903;24.032341;1;0;1;0;0;2024;12;3;14;Львів;Наїзд на пішохода;Інше
середа;Личаківський;Богданівська;наїзд на пішохода - пішохід рухався у попутному напрямку;неочікуваний вихід на проїжджу частину;2;49.853341;24.077858;1;1;0;0;0;2024;11;2;17;Львів;Наїзд на пішохода;Інше
середа;Личаківський;Тершаковців;наїзд на пішохода - пішохід рухався у попутному напрямку;неочікуваний вихід на проїжджу частину;2;49.835664;24.041101;1;0;1;0;0;2024;11;2;15;Львів;Наїзд на пішохода;Інше
вівторок;Сихівський;Пасічна;наїзд на пішохода - пішохід рухався у попутному напрямку;порушення правил проїзду пішохідних переходів;2;49.807167;24.061818;1;0;1;0;0;2024;11;1;15;Львів;Наїзд на пішохода;Порушення проїзду переходів
субота;Залізничний;Хотинська;наїзд на пішохода - пішохід рухався у попутному напрямку;порушення правил проїзду пішохідних переходів;2;49.837488;24.005063;1;0;1;0;0;2024;11;5;6;Львів;Наїзд на пішохода;Порушення проїзду переходів
четвер;Залізничний;Патона Є.;наїзд на пішохода - пішохід рухався у попутному напрямку;порушення правил маневрування;2;49.823415;23.961471;1;0;1;0;0;2024;12;3;12;Львів;Наїзд на пішохода;Порушення маневрування
четвер;Сихівський;Чукаріна В.;зіткнення бокове;порушення вимог дорожніх знаків пріоритету при проїзді перехрестя;2;49.798864;24.045274;1;0;1;0;0;2024;12;3;16;Львів;Зіткнення автомобілів;Порушення проїзду перехресть
четвер;Шевченківський;Хмельницького Б.;зіткнення бокове;порушення швидкості руху;3;49.852408;24.034127;1;0;2;0;0;2024;12;3;20;Львів;Зіткнення автомобілів;Перевищення швидкості
п'ятниця;Галицький;Замарстинівська;наїзд на пішохода - пішохід рухався у зустрічному напрямку;порушення правил проїзду нерегульованих пішохідних переходів;2;49.847825;24.02769;1;0;1;0;0;2024;12;4;10;Львів;Наїзд на пішохода;Порушення проїзду переходів
п'ятниця;Галицький;Дорошенка П.;зіткнення бокове;порушення правил проїзду перехресть;2;49.834758;24.018087;1;0;1;0;0;2024;11;4;17;Львів;Зіткнення автомобілів;Порушення проїзду перехресть
неділя;Шевченківський;Мазепи І., гетьм.;наїзд на пішохода - пішохід рухався у попутному напрямку;порушення ПДР пішоходами у стані сп'яніння;2;49.870241;24.032668;1;0;1;0;0;2024;11;6;20;Львів;Наїзд на пішохода;Інше
субота;Франківський;Героїв УПА;падіння пасажира;порушення техніки безпеки пасажиром;2;49.828626;23.991362;1;1;0;0;0;2024;12;5;18;Львів;Падіння пасажира;Інше
неділя;Франківський;Горбачевського І.;наїзд на велосипедиста - велосипедист рухався у попутному напрямку;порушення правил маневрування;2;49.828993;24.009;1;0;1;0;0;2024;12;6;11;Львів;Наїзд на велосипедиста;Порушення маневрування
четвер;Франківський;Сахарова А., акад.;наїзд на інші види перешкод;порушення швидкості руху;1;49.826747;24.010872;0;0;1;0;0;2024;12;3;20;Львів;Наїзд на перешкоду;Перевищення швидкості
п'ятниця;Личаківський;Погулянка;перекидання тз;перевищення безпечної швидкості;2;49.828408;24.055139;0;0;2;0;0;2024;12;4;23;Львів;Перекидання;Перевищення швидкості
середа;Шевченківський;Липинського В.;наїзд на пішохода - на нерегульованому пішохідному переході;неочікуваний вихід на проїжджу частину;2;49.86216;24.029288;1;0;1;0;0;2024;11;2;17;Львів;Наїзд на пішохода;Інше
четвер;Шевченківський;Шевченка Т.;наїзд на велосипедиста - велосипедист рухався у попутному напрямку;невиконання вимог сигналів регулювання;2;49.849035;23.997477;1;0;1;0;0;2024;12;3;21;Львів;Наїзд на велосипедиста;Інше
понеділок;Личаківський;Богданівська;наїзд на пішохода - пішохід рухався у попутному напрямку;порушення правил проїзду пішохідних переходів;2;49.85529;24.07763;1;0;1;0;0;2024;11;0;17;Львів;Наїзд на пішохода;Порушення проїзду переходів
четвер;Залізничний;Кульпарківська;наїзд на пішохода - на нерегульованому пішохідному переході;порушення правил проїзду нерегульованих пішохідних переходів;2;49.817884;23.987253;1;0;1;0;0;2024;11;3;11;Львів;Наїзд на пішохода;Порушення проїзду переходів
понеділок;Сихівський;Вашингтона Дж.;наїзд на пішохода - пішохід рухався у попутному напрямку;порушення правил проїзду нерегульованих пішохідних переходів;2;49.81454;24.070718;1;0;1;0;0;2024;12;0;19;Львів;Наїзд на пішохода;Порушення проїзду переходів
субота;Галицький;Городоцька;наїзд на пішохода - пішохід рухався у попутному напрямку;порушення правил проїзду нерегульованих пішохідних переходів;2;49.844479;24.025126;1;0;1;0;0;2024;11;5;23;Львів;Наїзд на пішохода;Порушення проїзду переходів
вівторок;Франківський;Копистинського Т.;зіткнення бокове;порушення правил проїзду перехресть;4;49.828848;23.990176;3;0;1;0;0;2024;12;1;18;Львів;Зіткнення автомобілів;Порушення проїзду перехресть
понеділок;Шевченківський;Шевченка Т.;зіткнення бокове;перевищення безпечної швидкості;2;49.872361;23.93569;1;0;1;0;0;2024;12;0;7;Львів;Зіткнення автомобілів;Перевищення швидкості
субота;Личаківський;Вашингтона Дж.;наїзд на пішохода - на нерегульованому пішохідному переході;порушення правил проїзду нерегульованих пішохідних переходів;2;49.815239;24.072713;1;0;0;1;0;2024;12;5;17;Львів;Наїзд на пішохода;Порушення проїзду переходів
субота;Шевченківський;Величковського І.;падіння пасажира;порушення правил маневрування;2;49.874072;23.931677;0;0;2;0;0;2024;12;5;15;Львів;Падіння пасажира;Порушення маневрування
п'ятниця;Шевченківський;Варшавська;наїзд на пішохода - на регульованому пішохідному переході;перехід пішоходів у невстановленому місці;2;49.861147;24.00804;1;0;1;0;0;2024;11;4;9;Львів;Наїзд на пішохода;Інше
четвер;Франківський;Стрийська;падіння пасажира;порушення техніки безпеки пасажиром;2;49.799477;24.017288;1;0;1;0;0;2024;12;3;14;Львів;Падіння пасажира;Інше
понеділок;Сихівський;Кос-Анатольського А.;наїзд на пішохода - пішохід рухався у попутному напрямку;порушення правил проїзду пішохідних переходів;2;49.790363;24.061169;1;0;1;0;0;2024;12;0;15;Львів;Наїзд на пішохода;Порушення проїзду переходів
четвер;Шевченківський;Шевченка Т.;наїзд на пішохода - пішохід рухався у попутному напрямку;перехід у невстановленому місці;2;49.851263;23.991635;1;1;0;0;0;2024;12;3;7;Львів;Наїзд на пішохода;Інше
середа;Шевченківський;Центральна;наїзд на пішохода - пішохід рухався у попутному напрямку;неочікуваний вихід на проїжджу частину;2;49.935146;24.052076;1;0;1;0;0;2024;12;2;20;Передмістя;Наїзд на пішохода;Інше
вівторок;Личаківський;Мечникова І.;наїзд на пішохода - пішохід рухався у попутному напрямку;інші порушення правил проїзду нерегульованих перехресть;2;49.834599;24.052495;1;0;1;0;0;2024;12;1;17;Львів;Наїзд на пішохода;Порушення проїзду перехресть
субота;Шевченківський;Липинського В.;зіткнення бокове;інші порушення правил проїзду регульованих перехресть;3;49.86012;24.026842;0;0;3;0;0;2024;12;5;19;Львів;Зіткнення автомобілів;Порушення проїзду перехресть
неділя;Сихівський;Червоної Калини, просп.;наїзд на пішохода - пішохід рухався у попутному напрямку;перехід пішоходів у невстановленому місці;3;49.796648;24.051143;1;0;2;0;0;2024;12;6;20;Львів;Наїзд на пішохода;Інше
субота;Галицький;Городоцька;наїзд на пішохода - пішохід рухався у попутному напрямку;неочікуваний вихід на проїжджу частину;2;49.841605;24.016156;1;0;1;0;0;2024;12;5;7;Львів;Наїзд на пішохода;Інше
вівторок;Залізничний;Левандівська;наїзд на пішохода - пішохід рухався у попутному напрямку;інші порушення правил проїзду нерегульованих перехресть;2;49.844936;23.985016;1;0;1;0;0;2024;12;1;12;Львів;Наїзд на пішохода;Порушення проїзду перехресть
четвер;Шевченківський;Львівська;наїзд на пішохода - на нерегульованому пішохідному переході;порушення правил проїзду пішохідних переходів;2;49.901349;23.960118;1;0;0;1;0;2024;12;3;17;Передмістя;Наїзд на пішохода;Порушення проїзду переходів
п'ятниця;Личаківський;Хмельницького Б.;наїзд на пішохода - на нерегульованому пішохідному переході;порушення правил проїзду нерегульованих пішохідних переходів;2;49.87561;24.062327;1;0;1;0;0;2024;12;4;12;Львів;Наїзд на пішохода;Порушення проїзду переходів
субота;Шевченківський;Чорновола В., просп.;зіткнення бокове;порушення правил маневрування;2;49.860072;24.019643;1;0;1;0;0;2024;12;5;19;Львів;Зіткнення автомобілів;Порушення маневрування
п'ятниця;Галицький;Коперника М.;зіткнення;порушення правил маневрування;2;49.835637;24.021934;1;0;1;0;0;2024;12;4;8;Львів;Зіткнення автомобілів;Порушення маневрування
п'ятниця;Личаківський;Богданівська;падіння пасажира;порушення правил перевезення пасажирів;2;49.857091;24.073963;1;0;0;1;0;2024;12;4;13;Львів;Падіння пасажира;Інше
п'ятниця;Сихівський;Пирогівка;перекидання тз;перевищення безпечної швидкості;1;49.806685;24.075835;0;0;1;0;0;2024;12;4;19;Львів;Перекидання;Перевищення швидкості
понеділок;Залізничний;Сяйво;зіткнення бокове;порушення правил під час зміни напрямку руху, не пов’язане з перестроюванням;3;49.839283;23.97868;1;0;2;0;0;2024;12;0;9;Львів;Зіткнення автомобілів;Інше
п'ятниця;Шевченківський;Липинського В.;наїзд на пішохода - на регульованому пішохідному переході;порушення правил проїзду регульованих пішохідних переходів;2;49.865017;24.050934;1;0;1;0;0;2024;12;4;19;Львів;Наїзд на пішохода;Порушення проїзду переходів
п'ятниця;Франківський;Тролейбусна;наїзд на пішохода;порушення правил проїзду нерегульованих пішохідних переходів;2;49.805636;24.006983;1;0;1;0;0;2024;12;4;17;Львів;Наїзд на пішохода;Порушення проїзду переходів
вівторок;Личаківський;Пасічна;зіткнення бокове;недодержання дистанції;4;49.820833;24.075181;3;0;1;0;0;2024;12;1;17;Львів;Зіткнення автомобілів;Недотримання дистанції
неділя;Шевченківський;Хмельницького Б.;наїзд на пішохода - пішохід рухався у попутному напрямку;порушення правил проїзду нерегульованих пішохідних переходів;2;49.853895;24.042463;1;0;1;0;0;2024;12;6;18;Львів;Наїзд на пішохода;Порушення проїзду переходів
п'ятниця;Сихівський;Сихівська;наїзд на пішохода;порушення правил проїзду регульованих пішохідних переходів;2;49.79455;24.063975;1;0;1;0;0;2024;12;4;11;Львів;Наїзд на пішохода;Порушення проїзду переходів
вівторок;Шевченківський;Липинського В.;наїзд на інші види перешкод;порушення швидкості руху;1;49.864647;24.050462;0;0;1;0;0;2024;12;1;0;Львів;Наїзд на перешкоду;Перевищення швидкості
вівторок;Галицький;Кривоноса М.;наїзд на пішохода - на нерегульованому пішохідному переході;порушення правил проїзду нерегульованих пішохідних переходів;2;49.845068;24.03955;1;0;1;0;0;2024;12;1;18;Львів;Наїзд на пішохода;Порушення проїзду переходів
субота;Залізничний;Левандівська;зіткнення бокове;порушення правил проїзду перехресть;3;49.8455;23.986663;2;0;1;0;0;2024;12;5;20;Львів;Зіткнення автомобілів;Порушення проїзду перехресть